num_blocks,total_memory,num_processes,total_requested,mean_process_size,std_process_size,memory_pressure,max_block_size,max_process_size,min_process_size,std_block_size,mean_block_size,max_size_ratio,best_algorithm
3,591,8,1362,170.25,11.93,2.3046,216,187,154,15.94,197.0,0.8657,Best Fit
4,2933,9,1466,162.89,133.82,0.4998,974,361,25,152.01,733.25,0.3706,Worst Fit
8,2665,11,1882,171.09,77.1,0.7062,613,283,55,173.3,333.12,0.4617,First Fit
5,2238,9,3480,386.67,9.91,1.555,464,412,378,18.1,447.6,0.8879,Best Fit
5,3067,12,2417,201.42,150.7,0.7881,898,396,35,163.97,613.4,0.441,First Fit
3,1220,7,1086,155.14,66.96,0.8902,575,279,53,158.13,406.67,0.4852,Best Fit
7,1410,12,1908,159.0,11.82,1.3532,230,175,141,20.56,201.43,0.7609,Best Fit
5,3049,8,1541,192.62,150.74,0.5054,844,387,25,188.88,609.8,0.4585,Worst Fit
6,2244,5,881,176.2,84.52,0.3926,505,294,58,114.23,374.0,0.5822,Worst Fit
7,2517,9,3053,339.22,10.55,1.213,385,354,323,18.63,359.57,0.9195,First Fit
6,4242,9,1439,159.89,117.28,0.3392,947,348,47,179.35,707.0,0.3675,Worst Fit
6,2170,11,1809,164.45,52.34,0.8336,555,273,76,147.63,361.67,0.4919,First Fit
8,2202,9,2203,244.78,11.36,1.0005,307,259,228,18.59,275.25,0.8436,First Fit
4,2825,8,1639,204.88,166.71,0.5802,978,387,30,178.3,706.25,0.3957,First Fit
6,2657,10,2050,205.0,62.97,0.7715,576,286,107,160.69,442.83,0.4965,First Fit
4,1630,4,1491,372.75,2.49,0.9147,447,375,369,26.58,407.5,0.8389,Best Fit
5,3413,9,1563,173.67,143.52,0.458,859,393,36,106.25,682.6,0.4575,Worst Fit
5,2034,5,837,167.4,66.01,0.4115,621,259,64,175.05,406.8,0.4171,First Fit
6,2793,4,1692,423.0,6.04,0.6058,493,430,417,18.63,465.5,0.8722,First Fit
7,5296,9,1555,172.78,139.81,0.2936,988,377,26,169.44,756.57,0.3816,Worst Fit
7,2895,4,871,217.75,72.3,0.3009,606,291,106,132.27,413.57,0.4802,First Fit
3,1320,11,4252,386.55,8.41,3.2212,454,403,376,18.4,440.0,0.8877,Best Fit
3,2078,4,695,173.75,132.03,0.3345,908,318,27,152.9,692.67,0.3502,Worst Fit
8,3382,12,1865,155.42,54.33,0.5514,598,256,73,139.11,422.75,0.4281,First Fit
3,1062,10,3333,333.3,8.91,3.1384,385,345,320,22.11,354.0,0.8961,Best Fit
3,1901,7,1005,143.57,121.36,0.5287,813,332,26,138.76,633.67,0.4084,Worst Fit
4,1675,10,1496,149.6,63.19,0.8931,624,260,56,153.66,418.75,0.4167,First Fit
8,1993,9,1872,208.0,10.54,0.9393,269,221,192,14.74,249.12,0.8216,Best Fit
4,3014,5,854,170.8,149.98,0.2833,965,383,47,207.26,753.5,0.3969,Worst Fit
4,1417,10,1966,196.6,72.47,1.3874,629,276,71,182.8,354.25,0.4388,First Fit
8,2728,7,2279,325.57,9.72,0.8354,376,339,312,19.38,341.0,0.9016,Best Fit
4,1990,10,1778,177.8,138.79,0.8935,555,362,33,40.8,497.5,0.6523,Best Fit
5,1460,6,1128,188.0,57.96,0.7726,495,258,108,118.61,292.0,0.5212,First Fit
3,1256,4,1628,407.0,9.92,1.2962,432,418,391,9.74,418.67,0.9676,Best Fit
3,2467,12,2132,177.67,123.37,0.8642,968,344,47,122.19,822.33,0.3554,Best Fit
5,1660,12,2298,191.5,65.7,1.3843,538,294,76,154.0,332.0,0.5465,First Fit
7,2523,7,2322,331.71,13.22,0.9203,385,348,314,16.91,360.43,0.9039,First Fit
8,4704,6,1045,174.17,140.36,0.2222,774,342,28,89.0,588.0,0.4419,Worst Fit
5,1917,10,1868,186.8,77.41,0.9744,555,299,80,128.26,383.4,0.5387,First Fit
8,3011,8,2841,355.12,8.25,0.9435,424,370,344,25.65,376.38,0.8726,First Fit
3,1595,10,1761,176.1,127.49,1.1041,578,349,26,37.97,531.67,0.6038,Best Fit
7,2818,10,1682,168.2,66.28,0.5969,515,274,55,115.37,402.57,0.532,First Fit
8,2488,6,1737,289.5,10.72,0.6982,340,299,267,20.29,311.0,0.8794,Best Fit
6,4833,7,1080,154.29,116.92,0.2235,983,329,38,164.65,805.5,0.3347,Worst Fit
3,892,7,1335,190.71,84.66,1.4966,495,300,62,141.97,297.33,0.6061,Best Fit
6,2090,11,3559,323.55,8.6,1.7029,370,339,309,17.45,348.33,0.9162,Best Fit
4,2798,12,2189,182.42,129.2,0.7823,962,391,48,254.15,699.5,0.4064,Best Fit
6,2845,9,1548,172.0,74.97,0.5441,576,298,60,93.24,474.17,0.5174,First Fit
5,2291,4,1728,432.0,7.87,0.7543,481,440,420,19.01,458.2,0.9148,Best Fit
4,2975,12,2399,199.92,147.65,0.8064,938,384,36,181.77,743.75,0.4094,Best Fit
3,1431,4,766,191.5,80.45,0.5353,514,288,86,44.77,477.0,0.5603,Worst Fit
3,679,6,1164,194.0,9.35,1.7143,246,209,185,13.91,226.33,0.8496,Best Fit
8,5745,4,803,200.75,150.39,0.1398,917,370,50,150.7,718.12,0.4035,Worst Fit
3,1461,10,1556,155.6,89.75,1.065,592,300,53,94.45,487.0,0.5068,First Fit
5,1726,9,2628,292.0,9.32,1.5226,359,307,279,16.36,345.2,0.8552,Best Fit
8,5626,4,724,181.0,153.08,0.1287,957,392,32,140.67,703.25,0.4096,Worst Fit
4,1423,12,1839,153.25,56.84,1.2923,457,254,66,117.91,355.75,0.5558,First Fit
6,1304,11,2094,190.36,8.4,1.6058,244,200,176,20.36,217.33,0.8197,Best Fit
8,5498,10,1783,178.3,136.29,0.3243,919,339,29,182.91,687.25,0.3689,Worst Fit
6,2273,10,1447,144.7,41.54,0.6366,572,229,88,150.73,378.83,0.4003,First Fit
7,2803,4,1474,368.5,7.43,0.5259,432,376,357,17.9,400.43,0.8704,First Fit
6,4840,9,1609,178.78,145.28,0.3324,887,394,30,85.17,806.67,0.4442,Worst Fit
7,2311,12,2206,183.83,59.6,0.9546,546,282,94,135.14,330.14,0.5165,First Fit
7,2648,7,2405,343.57,7.13,0.9082,407,350,332,24.71,378.29,0.86,Best Fit
4,2776,6,1067,177.83,120.39,0.3844,865,329,43,102.13,694.0,0.3803,Worst Fit
4,1181,11,1488,135.27,63.55,1.2599,545,255,60,147.33,295.25,0.4679,Worst Fit
4,984,5,1078,215.6,13.35,1.0955,268,231,199,20.36,246.0,0.8619,Best Fit
6,4317,6,1204,200.67,161.6,0.2789,995,374,26,162.73,719.5,0.3759,Worst Fit
6,2100,6,1142,190.33,56.1,0.5438,618,252,87,138.89,350.0,0.4078,First Fit
8,1933,7,1451,207.29,11.17,0.7506,281,225,191,24.37,241.62,0.8007,Best Fit
7,4802,10,1815,181.5,140.14,0.378,975,381,34,136.22,686.0,0.3908,Worst Fit
3,1111,6,865,144.17,62.2,0.7786,408,244,68,39.97,370.33,0.598,First Fit
6,1396,4,778,194.5,9.6,0.5573,251,210,186,14.42,232.67,0.8367,First Fit
5,3723,5,680,136.0,104.15,0.1826,987,273,31,129.1,744.6,0.2766,Worst Fit
8,2765,9,1498,166.44,60.26,0.5418,576,243,86,103.49,345.62,0.4219,First Fit
8,2323,12,3016,251.33,10.71,1.2983,317,269,235,14.4,290.38,0.8486,Best Fit
8,5008,11,1950,177.27,145.03,0.3894,865,385,33,138.75,626.0,0.4451,Worst Fit
6,1999,12,2290,190.83,72.84,1.1456,438,299,69,83.9,333.17,0.6826,Best Fit
8,1758,8,1431,178.88,9.64,0.814,246,190,163,17.38,219.75,0.7724,Best Fit
7,3868,11,2118,192.55,158.68,0.5476,782,387,29,118.23,552.57,0.4949,Worst Fit
6,2129,7,1479,211.29,55.15,0.6947,573,275,99,141.29,354.83,0.4799,First Fit
5,2012,8,2978,372.25,6.85,1.4801,428,381,362,16.74,402.4,0.8902,Best Fit
7,4623,11,1965,178.64,135.27,0.425,978,363,35,202.86,660.43,0.3712,Worst Fit
8,3292,8,1575,196.88,51.23,0.4784,622,283,115,114.26,411.5,0.455,First Fit
7,1693,9,1891,210.11,9.43,1.117,268,225,195,23.42,241.86,0.8396,Best Fit
8,5733,7,1128,161.14,125.87,0.1968,996,346,25,169.88,716.62,0.3474,Worst Fit
8,3426,7,1091,155.86,36.77,0.3184,639,222,102,171.61,428.25,0.3474,First Fit
3,981,12,3423,285.25,9.36,3.4893,352,302,270,20.41,327.0,0.858,Best Fit
3,1687,11,1785,162.27,128.66,1.0581,811,335,29,176.59,562.33,0.4131,Best Fit
4,923,11,1954,177.64,65.15,2.117,409,294,85,103.28,230.75,0.7188,First Fit
6,1255,7,1278,182.57,10.76,1.0183,237,195,168,21.67,209.17,0.8228,Best Fit
4,2440,7,1064,152.0,123.47,0.4361,713,315,31,88.52,610.0,0.4418,Worst Fit
5,1770,5,1020,204.0,69.6,0.5763,619,255,66,155.73,354.0,0.412,First Fit
5,2166,5,1920,384.0,7.48,0.8864,452,398,376,11.41,433.2,0.8805,Best Fit
3,1469,5,894,178.8,153.95,0.6086,510,383,37,23.98,489.67,0.751,First Fit
7,3283,4,689,172.25,87.73,0.2099,642,281,83,132.75,469.0,0.4377,Worst Fit
8,3576,6,2543,423.83,9.23,0.7111,480,437,412,21.22,447.0,0.9104,First Fit
4,3152,11,2104,191.27,151.39,0.6675,949,397,37,171.08,788.0,0.4183,Best Fit
8,2931,11,2030,184.55,53.15,0.6926,598,283,110,149.18,366.38,0.4732,First Fit
5,2159,12,4934,411.17,8.99,2.2853,468,421,396,25.73,431.8,0.8996,First Fit
5,3404,6,1138,189.67,137.47,0.3343,847,358,48,119.17,680.8,0.4227,Worst Fit
8,3327,4,442,110.5,35.26,0.1329,591,166,68,122.02,415.88,0.2809,First Fit
4,1645,6,2331,388.5,7.14,1.417,422,402,381,10.08,411.25,0.9526,Best Fit
8,5308,11,1834,166.73,129.08,0.3455,915,326,25,185.36,663.5,0.3563,Worst Fit
3,1527,9,2059,228.78,62.1,1.3484,646,278,86,150.15,509.0,0.4303,Best Fit
7,1735,5,1072,214.4,9.33,0.6179,289,233,209,23.15,247.86,0.8062,First Fit
3,2016,4,837,209.25,154.0,0.4152,876,384,55,157.68,672.0,0.4384,Worst Fit
4,1355,10,2057,205.7,63.37,1.5181,596,300,104,173.82,338.75,0.5034,Best Fit
8,3296,9,3430,381.11,10.65,1.0407,451,402,369,22.91,412.0,0.8914,Best Fit
4,3245,5,672,134.4,118.74,0.2071,998,302,29,140.21,811.25,0.3026,Worst Fit
5,2297,11,2814,255.82,26.14,1.2251,643,294,202,179.88,459.4,0.4572,Best Fit
6,1706,11,2657,241.55,9.76,1.5574,310,256,225,23.83,284.33,0.8258,Best Fit
5,3192,10,1951,195.1,149.55,0.6112,998,393,25,203.38,638.4,0.3938,First Fit
6,2959,9,1657,184.11,82.66,0.56,640,296,73,124.55,493.17,0.4625,First Fit
6,2013,5,1571,314.2,5.71,0.7804,382,324,307,26.61,335.5,0.8482,First Fit
7,5458,6,1051,175.17,139.79,0.1926,962,349,26,192.54,779.71,0.3628,Worst Fit
7,2763,4,540,135.0,54.28,0.1954,632,188,61,177.93,394.71,0.2975,First Fit
7,2949,11,4324,393.09,9.22,1.4663,454,409,375,19.94,421.29,0.9009,Best Fit
6,3856,11,2003,182.09,134.71,0.5195,932,343,48,172.6,642.67,0.368,Worst Fit
8,3568,4,646,161.5,80.92,0.1811,613,300,98,140.5,446.0,0.4894,Worst Fit
7,2107,9,2251,250.11,9.94,1.0683,320,269,241,17.24,301.0,0.8406,Best Fit
7,4911,6,1100,183.33,143.71,0.224,945,342,32,163.79,701.57,0.3619,Worst Fit
8,3258,5,1097,219.4,77.85,0.3367,587,296,78,133.19,407.25,0.5043,First Fit
6,2287,4,1457,364.25,4.82,0.6371,411,370,359,21.97,381.17,0.9002,First Fit
7,4834,6,1068,178.0,141.46,0.2209,950,338,28,171.93,690.57,0.3558,Worst Fit
6,2534,7,1105,157.86,86.38,0.4361,589,272,54,136.41,422.33,0.4618,Worst Fit
7,2357,5,1567,313.4,8.09,0.6648,366,323,300,24.41,336.71,0.8825,Best Fit
4,2571,7,1352,193.14,159.25,0.5259,929,388,44,191.06,642.75,0.4177,Worst Fit
3,1293,6,1129,188.17,81.84,0.8732,530,296,78,71.29,431.0,0.5585,Best Fit
5,1311,12,2747,228.92,11.39,2.0953,271,245,214,11.32,262.2,0.9041,Best Fit
7,5240,9,1710,190.0,153.99,0.3263,935,397,39,162.86,748.57,0.4246,Worst Fit
5,1317,10,2023,202.3,73.55,1.5361,311,288,69,41.07,263.4,0.926,Best Fit
8,1364,10,1488,148.8,8.74,1.0909,200,159,131,24.1,170.5,0.795,Best Fit
8,6176,6,1037,172.83,125.0,0.1679,981,316,43,161.29,772.0,0.3221,Worst Fit
4,1919,10,1495,149.5,76.56,0.7791,611,256,62,125.94,479.75,0.419,Best Fit
4,1437,6,1959,326.5,11.64,1.3633,393,339,304,25.65,359.25,0.8626,Best Fit
4,3197,9,1600,177.78,145.19,0.5005,973,382,29,107.74,799.25,0.3926,Worst Fit
6,2123,8,1018,127.25,51.73,0.4795,560,248,83,135.2,353.83,0.4429,First Fit
7,2318,9,2558,284.22,10.74,1.1035,349,302,270,17.22,331.14,0.8653,Best Fit
4,1896,11,1895,172.27,143.38,0.9995,552,379,27,47.06,474.0,0.6866,Best Fit
3,1014,12,1884,157.0,64.76,1.858,561,265,59,157.92,338.0,0.4724,Best Fit
3,1040,11,3461,314.64,11.6,3.3279,381,333,300,25.49,346.67,0.874,Best Fit
5,3776,4,793,198.25,155.95,0.21,944,365,40,183.67,755.2,0.3867,Worst Fit
5,1658,12,2258,188.17,83.39,1.3619,582,300,52,144.97,331.6,0.5155,Best Fit
8,2142,12,2470,205.83,6.62,1.1531,284,217,195,12.48,267.75,0.7641,Best Fit
7,4295,6,1194,199.0,151.82,0.278,888,396,31,149.69,613.57,0.4459,Worst Fit
7,2710,6,1053,175.5,77.72,0.3886,575,296,66,134.77,387.14,0.5148,First Fit
4,739,10,1575,157.5,9.87,2.1313,226,172,140,30.15,184.75,0.7611,Best Fit
3,2146,11,1983,180.27,139.49,0.924,901,364,29,158.84,715.33,0.404,Best Fit
8,3018,10,2010,201.0,72.6,0.666,648,300,118,149.85,377.25,0.463,Best Fit
4,780,9,1544,171.56,10.56,1.9795,224,185,157,19.38,195.0,0.8259,Best Fit
3,2274,5,856,171.2,164.06,0.3764,981,390,29,163.41,758.0,0.3976,Worst Fit
6,3109,11,1979,179.91,59.67,0.6365,602,265,69,75.11,518.17,0.4402,First Fit
8,3317,10,3696,369.6,10.42,1.1143,432,391,358,17.79,414.62,0.9051,Best Fit
3,1313,8,1443,180.38,139.02,1.099,452,386,31,11.44,437.67,0.854,Best Fit
7,3170,12,2031,169.25,71.78,0.6407,617,286,72,154.64,452.86,0.4635,First Fit
4,729,5,859,171.8,7.14,1.1783,201,183,163,14.1,182.25,0.9104,Best Fit
3,1914,8,1520,190.0,142.06,0.7941,909,361,37,191.72,638.0,0.3971,Best Fit
5,1873,5,696,139.2,85.49,0.3716,579,270,60,125.12,374.6,0.4663,Worst Fit
6,2306,10,3431,343.1,8.02,1.4879,413,359,331,17.44,384.33,0.8692,Best Fit
6,4285,9,1518,168.67,146.03,0.3543,921,372,27,116.39,714.17,0.4039,Worst Fit
7,2577,7,1510,215.71,52.23,0.586,611,272,136,111.2,368.14,0.4452,First Fit
7,2159,5,1337,267.4,7.39,0.6193,334,278,255,24.92,308.43,0.8323,First Fit
3,2345,11,1948,177.09,134.42,0.8307,981,365,33,261.66,781.67,0.3721,Best Fit
4,1302,9,1405,156.11,59.59,1.0791,510,268,61,130.46,325.5,0.5255,First Fit
7,1657,6,1213,202.17,9.14,0.732,262,217,187,22.28,236.71,0.8282,First Fit
7,5057,4,715,178.75,120.55,0.1414,995,326,53,181.97,722.43,0.3276,Worst Fit
4,1964,12,2432,202.67,67.93,1.2383,536,294,86,38.56,491.0,0.5485,First Fit
4,809,8,1490,186.25,10.29,1.8418,240,198,168,26.52,202.25,0.825,First Fit
8,5931,6,947,157.83,106.28,0.1597,951,285,43,157.04,741.38,0.2997,Worst Fit
6,2488,7,1196,170.86,65.26,0.4807,627,264,85,186.54,414.67,0.4211,First Fit
4,1453,12,3887,323.92,11.34,2.6752,388,341,306,27.47,363.25,0.8789,Best Fit
5,3303,6,1067,177.83,135.14,0.323,733,368,31,54.44,660.6,0.502,Worst Fit
6,2758,5,675,135.0,33.96,0.2447,635,184,97,172.63,459.67,0.2898,First Fit
7,1535,4,794,198.5,4.61,0.5173,253,205,192,21.84,219.29,0.8103,First Fit
4,2506,5,820,164.0,135.18,0.3272,923,372,38,200.22,626.5,0.403,Worst Fit
5,1930,4,808,202.0,69.75,0.4187,646,277,107,172.45,386.0,0.4288,First Fit
6,1640,11,2616,237.82,10.69,1.5951,303,254,222,27.47,273.33,0.8383,Best Fit
7,4743,6,1175,195.83,161.86,0.2477,915,396,31,152.56,677.57,0.4328,Worst Fit
5,2021,9,1963,218.11,69.39,0.9713,563,291,80,150.74,404.2,0.5169,Best Fit
6,2210,7,2404,343.43,12.34,1.0878,407,364,331,24.2,368.33,0.8943,Best Fit
3,1798,7,1101,157.29,130.24,0.6123,813,317,29,153.54,599.33,0.3899,First Fit
8,3150,11,1760,160.0,50.44,0.5587,516,249,84,100.93,393.75,0.4826,First Fit
8,1163,6,809,134.83,9.87,0.6956,156,148,122,7.63,145.38,0.9487,Best Fit
7,4195,11,1899,172.64,131.76,0.4527,951,377,33,193.12,599.29,0.3964,Worst Fit
5,2302,7,1646,235.14,59.62,0.715,632,291,138,155.06,460.4,0.4604,First Fit
5,1183,4,703,175.75,3.19,0.5943,240,180,171,2.5,236.6,0.75,First Fit
4,2543,10,1865,186.5,130.55,0.7334,749,390,44,113.34,635.75,0.5207,Best Fit
3,1264,4,706,176.5,35.19,0.5585,577,231,144,157.81,421.33,0.4003,First Fit
3,1224,6,2360,393.33,8.32,1.9281,427,407,380,13.93,408.0,0.9532,Best Fit
7,5002,8,1485,185.62,152.5,0.2969,907,395,31,198.32,714.57,0.4355,Worst Fit
7,2761,10,1824,182.4,62.58,0.6606,605,283,88,133.82,394.43,0.4678,Best Fit
8,1545,5,723,144.6,8.11,0.468,216,155,132,11.41,193.12,0.7176,First Fit
8,4833,7,1261,180.14,150.21,0.2609,888,384,47,170.71,604.12,0.4324,Worst Fit
5,2104,4,579,144.75,58.04,0.2752,614,209,82,150.01,420.8,0.3404,First Fit
6,951,12,1516,126.33,11.3,1.5941,190,147,112,20.71,158.5,0.7737,Best Fit
7,4584,12,2203,183.58,140.43,0.4806,922,358,26,195.05,654.86,0.3883,Worst Fit
4,2061,11,1801,163.73,63.48,0.8738,627,275,53,133.56,515.25,0.4386,First Fit
3,714,12,2573,214.42,7.61,3.6036,286,226,203,34.19,238.0,0.7902,Best Fit
3,2058,10,1846,184.6,139.64,0.897,852,392,35,117.41,686.0,0.4601,First Fit
8,3537,7,1274,182.0,80.2,0.3602,642,284,79,183.53,442.12,0.4424,Worst Fit
4,1317,7,1980,282.86,11.58,1.5034,345,301,266,15.75,329.25,0.8725,Best Fit
5,3951,10,1704,170.4,128.09,0.4313,970,349,29,197.3,790.2,0.3598,Worst Fit
8,2986,8,1035,129.38,77.35,0.3466,583,277,55,135.26,373.25,0.4751,First Fit
5,1987,4,1472,368.0,10.17,0.7408,414,379,352,21.11,397.4,0.9155,Best Fit
6,4310,8,1412,176.5,127.69,0.3276,921,334,33,110.58,718.33,0.3626,Worst Fit
3,1151,4,641,160.25,62.15,0.5569,523,204,53,105.73,383.67,0.3901,First Fit
8,2866,5,1699,339.8,8.93,0.5928,392,349,325,24.08,358.25,0.8903,First Fit
4,2894,7,1298,185.43,143.72,0.4485,811,389,54,58.35,723.5,0.4797,Worst Fit
6,2731,10,1313,131.3,55.89,0.4808,591,221,51,78.76,455.17,0.3739,First Fit
3,923,8,2160,270.0,6.42,2.3402,332,280,260,33.71,307.67,0.8434,Best Fit
4,2716,11,1883,171.18,146.99,0.6933,906,394,31,147.02,679.0,0.4349,Best Fit
7,2708,10,1602,160.2,40.73,0.5916,493,203,65,110.47,386.86,0.4118,First Fit
8,2443,6,1628,271.33,9.81,0.6664,341,290,263,23.67,305.38,0.8504,First Fit
3,2026,7,1179,168.43,139.14,0.5819,956,342,34,205.86,675.33,0.3577,First Fit
7,3025,4,837,209.25,71.95,0.2767,609,265,86,110.93,432.14,0.4351,First Fit
3,1125,9,3079,342.11,8.39,2.7369,390,352,325,10.68,375.0,0.9026,Best Fit
5,3371,6,1073,178.83,123.88,0.3183,818,304,30,140.78,674.2,0.3716,Worst Fit
5,1692,8,1229,153.62,80.18,0.7264,614,278,72,156.37,338.4,0.4528,First Fit
6,2352,6,2118,353.0,11.52,0.9005,425,372,339,27.51,392.0,0.8753,First Fit
5,4176,8,1439,179.88,133.7,0.3446,999,364,29,151.4,835.2,0.3644,Worst Fit
5,1879,10,1496,149.6,54.86,0.7962,519,250,68,111.22,375.8,0.4817,First Fit
5,1222,5,1083,216.6,11.2,0.8863,264,230,204,15.47,244.4,0.8712,Best Fit
4,2387,6,981,163.5,119.24,0.411,787,295,32,122.05,596.75,0.3748,Worst Fit
7,3214,6,973,162.17,79.5,0.3027,608,296,66,150.87,459.14,0.4868,First Fit
6,2390,8,2908,363.5,14.89,1.2167,417,380,345,13.97,398.33,0.9113,Best Fit
3,1907,12,2391,199.25,153.52,1.2538,699,398,42,50.28,635.67,0.5694,First Fit
7,3041,11,1788,162.55,83.61,0.588,590,289,53,119.46,434.43,0.4898,First Fit
7,1774,5,1115,223.0,8.12,0.6285,279,229,207,22.66,253.43,0.8208,First Fit
6,4104,11,1992,181.09,135.51,0.4854,920,398,40,149.96,684.0,0.4326,Worst Fit
5,1759,10,2236,223.6,53.55,1.2712,530,298,142,127.7,351.8,0.5623,Best Fit
3,553,10,1606,160.6,7.84,2.9042,208,169,144,27.35,184.33,0.8125,Best Fit
4,2762,9,1716,190.67,153.37,0.6213,943,394,38,227.4,690.5,0.4178,First Fit
3,1301,12,2515,209.58,62.96,1.9331,546,289,50,117.17,433.67,0.5293,Best Fit
3,1153,6,2149,358.17,7.4,1.8638,415,369,347,21.75,384.33,0.8892,Best Fit
3,2028,6,1127,187.83,157.74,0.5557,905,393,26,197.04,676.0,0.4343,First Fit
5,2247,5,958,191.6,75.9,0.4263,575,258,52,145.92,449.4,0.4487,First Fit
7,1346,8,1307,163.38,8.57,0.971,228,172,143,23.01,192.29,0.7544,First Fit
4,3286,12,2294,191.17,156.77,0.6981,952,388,25,130.35,821.5,0.4076,Best Fit
4,1392,11,1596,145.09,48.36,1.1466,517,216,54,155.48,348.0,0.4178,Best Fit
5,1508,9,2343,260.33,11.73,1.5537,332,279,244,28.32,301.6,0.8404,Best Fit
6,4259,10,1840,184.0,141.19,0.432,908,365,31,131.05,709.83,0.402,Worst Fit
5,1494,5,759,151.8,62.06,0.508,389,220,65,45.79,298.8,0.5656,First Fit
6,1885,6,1663,277.17,7.92,0.8822,340,291,266,17.16,314.17,0.8559,Best Fit
8,6202,4,680,170.0,122.1,0.1096,993,297,43,208.3,775.25,0.2991,Worst Fit
8,2858,4,621,155.25,77.43,0.2173,611,276,87,147.85,357.25,0.4517,First Fit
8,2910,5,1588,317.6,11.98,0.5457,385,331,300,20.93,363.75,0.8597,First Fit
8,5729,11,2134,194.0,151.23,0.3725,911,399,26,163.32,716.12,0.438,Worst Fit
8,3202,11,2103,191.18,75.51,0.6568,581,300,75,126.76,400.25,0.5164,Best Fit
7,2214,12,3321,276.75,10.75,1.5,348,295,261,19.78,316.29,0.8477,Best Fit
8,6225,4,656,164.0,120.36,0.1054,966,286,31,171.34,778.12,0.2961,Worst Fit
4,1674,10,1726,172.6,70.5,1.0311,513,286,63,54.82,418.5,0.5575,Best Fit
7,1998,12,2972,247.67,10.55,1.4875,311,267,235,14.29,285.43,0.8585,Best Fit
3,2183,7,1397,199.57,167.7,0.6399,990,395,46,216.4,727.67,0.399,First Fit
7,2984,8,1108,138.5,74.65,0.3713,612,261,55,147.78,426.29,0.4265,First Fit
4,717,6,856,142.67,7.48,1.1939,213,153,132,23.09,179.25,0.7183,Best Fit
8,5756,7,1171,167.29,125.72,0.2034,999,356,51,204.27,719.5,0.3564,Worst Fit
8,2809,5,1067,213.4,14.77,0.3799,618,241,200,179.51,351.12,0.39,First Fit
6,2598,8,3394,424.25,9.79,1.3064,443,434,403,7.48,433.0,0.9797,Best Fit
8,5760,9,1484,164.89,133.65,0.2576,961,355,32,178.08,720.0,0.3694,Worst Fit
5,2059,5,497,99.4,28.27,0.2414,598,148,61,131.48,411.8,0.2475,First Fit
7,2032,10,2555,255.5,7.63,1.2574,299,266,243,8.1,290.29,0.8896,Best Fit
6,4504,9,1684,187.11,149.84,0.3739,971,380,42,148.58,750.67,0.3913,Worst Fit
8,3147,5,712,142.4,77.3,0.2262,589,261,54,143.97,393.38,0.4431,First Fit
5,1542,9,2489,276.56,8.81,1.6141,344,297,267,23.26,308.4,0.8634,Best Fit
8,5599,9,1480,164.44,140.96,0.2643,984,359,26,203.57,699.88,0.3648,Worst Fit
5,2339,9,1409,156.56,57.49,0.6024,642,291,97,147.72,467.8,0.4533,First Fit
6,2127,12,3592,299.33,9.39,1.6888,375,319,287,10.95,354.5,0.8507,Best Fit
4,3261,7,1159,165.57,132.91,0.3554,955,359,33,121.68,815.25,0.3759,Worst Fit
3,1635,11,1924,174.91,65.37,1.1768,630,293,59,60.42,545.0,0.4651,First Fit
6,1396,7,1406,200.86,7.24,1.0072,261,210,190,16.72,232.67,0.8046,Best Fit
8,4485,5,844,168.8,150.88,0.1882,883,362,33,149.01,560.62,0.41,Worst Fit
4,1849,10,1559,155.9,78.5,0.8432,602,279,50,165.18,462.25,0.4635,First Fit
7,2315,5,1469,293.8,13.11,0.6346,356,310,277,15.4,330.71,0.8708,First Fit
7,4452,8,1486,185.75,143.17,0.3338,967,389,38,200.08,636.0,0.4023,Worst Fit
7,2711,12,2176,181.33,58.26,0.8027,627,269,58,141.5,387.29,0.429,First Fit
7,2717,11,3937,357.91,8.83,1.449,426,371,342,30.75,388.14,0.8709,First Fit
6,4484,8,1661,207.62,156.26,0.3704,878,396,38,150.5,747.33,0.451,Worst Fit
4,1246,7,1048,149.71,65.17,0.8411,517,244,55,125.2,311.5,0.472,First Fit
4,676,4,525,131.25,3.27,0.7766,194,134,126,20.9,169.0,0.6907,Best Fit
8,5199,6,1165,194.17,146.12,0.2241,938,358,25,163.57,649.88,0.3817,Worst Fit
4,827,12,1651,137.58,45.19,1.9964,339,228,69,77.01,206.75,0.6726,Worst Fit
4,1352,12,3749,312.42,9.22,2.7729,368,329,301,23.41,338.0,0.894,Best Fit
7,4693,11,1937,176.09,139.03,0.4127,866,393,36,110.92,670.43,0.4538,Worst Fit
3,1174,9,1352,150.22,69.72,1.1516,612,247,62,159.94,391.33,0.4036,Best Fit
7,2111,12,3324,277.0,10.16,1.5746,348,290,261,23.39,301.57,0.8333,Best Fit
6,3549,8,1514,189.25,142.31,0.4266,849,387,29,140.24,591.5,0.4558,Worst Fit
3,914,10,1675,167.5,88.42,1.8326,364,287,50,42.34,304.67,0.7885,First Fit
8,1742,6,1130,188.33,12.7,0.6487,256,208,173,19.85,217.75,0.8125,First Fit
3,2292,9,1615,179.44,125.11,0.7046,967,340,59,173.11,764.0,0.3516,Best Fit
4,1324,7,1174,167.71,47.54,0.8867,642,222,80,194.99,331.0,0.3458,Best Fit
6,1596,10,2454,245.4,8.56,1.5376,309,257,228,25.09,266.0,0.8317,Best Fit
3,2415,4,788,197.0,147.04,0.3263,863,356,30,46.56,805.0,0.4125,Worst Fit
5,2339,9,1598,177.56,67.14,0.6832,621,259,51,174.5,467.8,0.4171,First Fit
5,1747,8,2659,332.38,9.11,1.522,373,345,315,18.94,349.4,0.9249,Best Fit
8,4760,5,756,151.2,141.85,0.1588,972,352,32,195.29,595.0,0.3621,Worst Fit
5,1527,12,2028,169.0,86.17,1.3281,624,293,55,164.36,305.4,0.4696,First Fit
3,919,10,2758,275.8,7.33,3.0011,325,284,260,14.08,306.33,0.8738,Best Fit
6,3964,6,1017,169.5,136.74,0.2566,903,349,26,168.7,660.67,0.3865,Worst Fit
6,2781,9,1715,190.56,76.05,0.6167,555,292,83,96.93,463.5,0.5261,First Fit
5,1339,8,1685,210.62,6.16,1.2584,288,224,203,21.01,267.8,0.7778,Best Fit
4,2815,4,736,184.0,123.3,0.2615,971,319,59,177.66,703.75,0.3285,Worst Fit
8,3567,12,2408,200.67,73.02,0.6751,635,279,64,154.79,445.88,0.4394,Best Fit
8,2786,9,2882,320.22,10.92,1.0345,387,335,305,22.07,348.25,0.8656,First Fit
8,5901,9,1715,190.56,152.08,0.2906,869,375,39,85.15,737.62,0.4315,Worst Fit
3,1093,10,1535,153.5,74.83,1.4044,576,279,59,154.82,364.33,0.4844,Best Fit
6,2462,7,2542,363.14,9.51,1.0325,439,374,349,30.08,410.33,0.8519,Best Fit
5,3905,7,1171,167.29,132.72,0.2999,866,340,39,117.92,781.0,0.3926,Worst Fit
8,3573,6,1029,171.5,35.35,0.288,639,223,112,138.89,446.62,0.349,First Fit
5,1531,12,3164,263.67,12.73,2.0666,331,278,244,19.55,306.2,0.8399,Best Fit
4,2512,5,841,168.2,140.06,0.3348,788,395,49,134.65,628.0,0.5013,Worst Fit
7,2957,10,1913,191.3,54.23,0.6469,623,296,108,140.08,422.43,0.4751,First Fit
5,1018,8,1426,178.25,9.46,1.4008,234,187,158,23.41,203.6,0.7991,First Fit
7,4499,9,1435,159.44,143.83,0.319,851,398,32,179.55,642.71,0.4677,Worst Fit
4,1533,12,2211,184.25,69.36,1.4423,463,285,74,62.17,383.25,0.6156,Best Fit
3,731,6,1301,216.83,9.91,1.7798,268,235,203,17.78,243.67,0.8769,Best Fit
6,4635,9,1523,169.22,135.48,0.3286,930,366,28,122.67,772.5,0.3935,Worst Fit
5,2421,11,1921,174.64,64.01,0.7935,623,290,82,118.37,484.2,0.4655,Best Fit
3,987,7,2239,319.86,10.25,2.2685,374,329,298,31.84,329.0,0.8797,Best Fit
7,5921,5,765,153.0,125.6,0.1292,997,344,37,91.03,845.86,0.345,Worst Fit
8,3132,12,2741,228.42,57.99,0.8752,577,293,119,131.52,391.5,0.5078,First Fit
4,850,12,2207,183.92,10.82,2.5965,245,201,172,23.14,212.5,0.8204,Best Fit
5,3310,12,2417,201.42,144.86,0.7302,816,395,44,159.51,662.0,0.4841,Best Fit
6,2174,7,975,139.29,52.67,0.4485,504,221,50,108.2,362.33,0.4385,First Fit
5,989,5,777,155.4,9.99,0.7856,222,170,144,19.29,197.8,0.7658,Best Fit
6,4627,10,1625,162.5,116.02,0.3512,909,289,30,108.69,771.17,0.3179,Worst Fit
7,2412,10,1622,162.2,85.12,0.6725,552,300,68,134.52,344.57,0.5435,First Fit
5,1146,8,1559,194.88,11.08,1.3604,263,212,177,19.74,229.2,0.8061,Best Fit
7,4570,11,1942,176.55,148.1,0.4249,913,395,28,171.36,652.86,0.4326,Worst Fit
6,2548,7,1136,162.29,70.42,0.4458,548,291,51,126.52,424.67,0.531,First Fit
6,1470,5,1090,218.0,7.16,0.7415,281,225,208,26.18,245.0,0.8007,Best Fit
3,2422,8,1422,177.75,132.19,0.5871,994,373,26,201.21,807.33,0.3753,First Fit
6,2468,9,1575,175.0,54.06,0.6382,647,238,91,165.08,411.33,0.3679,First Fit
7,2692,6,2181,363.5,11.27,0.8102,406,377,349,13.19,384.57,0.9286,Best Fit
4,3572,7,1166,166.57,139.25,0.3264,1000,371,33,105.35,893.0,0.371,Worst Fit
8,2813,10,1808,180.8,63.78,0.6427,605,290,56,152.08,351.62,0.4793,First Fit
7,2419,9,2803,311.44,10.02,1.1587,383,325,298,26.43,345.57,0.8486,Best Fit
4,2924,10,1929,192.9,147.87,0.6597,968,380,30,153.1,731.0,0.3926,Best Fit
5,1477,6,858,143.0,55.55,0.5809,514,220,65,113.52,295.4,0.428,First Fit
5,1777,4,1299,324.75,9.04,0.731,375,338,315,18.03,355.4,0.9013,Best Fit
7,6008,9,1686,187.33,144.16,0.2806,986,380,36,143.85,858.29,0.3854,Worst Fit
7,2499,9,1736,192.89,50.75,0.6947,583,257,103,134.69,357.0,0.4408,Best Fit
6,1091,11,1827,166.09,7.63,1.6746,217,176,151,19.68,181.83,0.8111,Best Fit
8,5690,12,2361,196.75,143.87,0.4149,967,388,28,176.57,711.25,0.4012,Worst Fit
3,1318,4,1002,250.5,25.55,0.7602,587,290,226,106.63,439.33,0.494,Best Fit
6,2127,11,3822,347.45,11.32,1.7969,377,368,333,12.33,354.5,0.9761,Best Fit
6,4304,8,1525,190.62,138.8,0.3543,921,371,44,186.78,717.33,0.4028,Worst Fit
7,2581,11,1897,172.45,76.29,0.735,622,300,57,125.78,368.71,0.4823,First Fit
4,980,8,1651,206.38,9.18,1.6847,283,226,197,26.54,245.0,0.7986,Best Fit
8,5459,6,1183,197.17,153.19,0.2167,927,381,26,178.97,682.38,0.411,Worst Fit
5,1928,5,711,142.2,48.4,0.3688,558,209,80,176.9,385.6,0.3746,First Fit
5,923,7,1151,164.43,7.46,1.247,198,175,153,14.75,184.6,0.8838,Best Fit
7,4777,4,706,176.5,143.45,0.1478,986,375,33,208.28,682.43,0.3803,Worst Fit
8,3295,8,1704,213.0,64.1,0.5171,582,286,102,114.28,411.88,0.4914,First Fit
4,646,9,1232,136.89,7.03,1.9071,194,147,122,23.14,161.5,0.7577,Best Fit
5,3299,4,702,175.5,101.62,0.2128,972,284,74,179.97,659.8,0.2922,Worst Fit
4,1383,4,926,231.5,44.84,0.6696,556,294,186,177.45,345.75,0.5288,Best Fit
8,3220,5,1866,373.2,12.16,0.5795,442,394,363,25.76,402.5,0.8914,First Fit
6,4298,12,2308,192.33,132.57,0.537,934,382,40,128.45,716.33,0.409,Worst Fit
8,3079,10,2428,242.8,39.77,0.7886,507,295,179,104.7,384.88,0.5819,First Fit
7,1744,12,2367,197.25,9.18,1.3572,267,216,185,15.34,249.14,0.809,Best Fit
6,4051,4,686,171.5,124.12,0.1693,977,323,26,187.99,675.17,0.3306,Worst Fit
5,2342,5,704,140.8,55.09,0.3006,649,240,92,141.38,468.4,0.3698,First Fit
5,1222,4,832,208.0,10.39,0.6809,276,222,198,20.06,244.4,0.8043,Best Fit
6,3790,5,721,144.2,128.59,0.1902,884,315,25,155.4,631.67,0.3563,Worst Fit
6,2695,6,1054,175.67,61.22,0.3911,539,276,95,75.81,449.17,0.5121,First Fit
8,2068,8,1868,233.5,9.81,0.9033,290,246,219,19.47,258.5,0.8483,Best Fit
5,3482,7,1169,167.0,140.58,0.3357,963,371,26,208.05,696.4,0.3853,Worst Fit
8,2963,5,1219,243.8,52.12,0.4114,646,298,163,169.52,370.38,0.4613,First Fit
8,2427,11,3162,287.45,8.75,1.3028,338,301,275,20.74,303.38,0.8905,First Fit
6,4304,6,1058,176.33,131.95,0.2458,975,344,30,169.3,717.33,0.3528,Worst Fit
4,1728,6,1249,208.17,23.97,0.7228,561,251,179,87.38,432.0,0.4474,Best Fit
6,1163,9,1364,151.56,12.26,1.1728,226,171,138,30.39,193.83,0.7566,Best Fit
5,3411,10,1749,174.9,117.97,0.5128,754,312,35,58.92,682.2,0.4138,Worst Fit
4,1655,6,1198,199.67,66.39,0.7239,545,280,71,149.0,413.75,0.5138,Best Fit
7,1083,11,1519,138.09,9.5,1.4026,196,151,124,19.37,154.71,0.7704,Best Fit
3,2380,7,1154,164.86,134.1,0.4849,984,396,33,156.36,793.33,0.4024,Worst Fit
8,3661,8,1722,215.25,59.8,0.4704,605,287,137,112.39,457.62,0.4744,First Fit
4,1522,5,1802,360.4,11.83,1.184,415,368,337,25.98,380.5,0.8867,Best Fit
6,4198,5,744,148.8,137.55,0.1772,803,328,33,113.2,699.67,0.4085,Worst Fit
6,2292,5,619,123.8,35.06,0.2701,525,179,70,138.89,382.0,0.341,First Fit
3,1053,9,3039,337.67,11.7,2.886,373,351,321,16.31,351.0,0.941,Best Fit
5,3232,12,2421,201.75,147.6,0.7491,997,376,41,187.4,646.4,0.3771,First Fit
4,1757,11,2065,187.73,61.88,1.1753,607,279,76,144.69,439.25,0.4596,Best Fit
8,2526,9,2487,276.33,11.94,0.9846,344,294,261,21.13,315.75,0.8547,Best Fit
7,4488,12,2145,178.75,135.23,0.4779,943,351,28,180.22,641.14,0.3722,Worst Fit
6,2125,10,1600,160.0,65.8,0.7529,623,257,59,172.09,354.17,0.4125,First Fit
5,1382,12,2955,246.25,7.45,2.1382,301,258,236,24.6,276.4,0.8571,Best Fit
7,4969,12,2070,172.5,134.79,0.4166,890,376,25,108.91,709.86,0.4225,Worst Fit
4,2181,12,2227,185.58,69.03,1.0211,613,274,72,61.7,545.25,0.447,First Fit
8,2843,10,3265,326.5,12.22,1.1484,394,344,314,24.81,355.38,0.8731,Best Fit
7,4739,9,1439,159.89,123.74,0.3037,921,335,32,184.17,677.0,0.3637,Worst Fit
4,1497,5,1016,203.2,66.86,0.6787,579,293,101,148.35,374.25,0.506,Best Fit
7,1654,4,787,196.75,10.66,0.4758,249,212,182,12.38,236.29,0.8514,First Fit
5,3732,6,1113,185.5,153.4,0.2982,975,374,28,185.15,746.4,0.3836,Worst Fit
6,2061,10,1848,184.8,70.47,0.8967,526,285,57,106.58,343.5,0.5418,Best Fit
6,1731,5,1267,253.4,7.79,0.7319,320,264,240,22.31,288.5,0.825,Best Fit
6,4330,7,1279,182.71,147.44,0.2954,925,397,48,116.7,721.67,0.4292,Worst Fit
4,1745,4,533,133.25,92.25,0.3054,650,287,61,166.29,436.25,0.4415,Worst Fit
4,1227,7,2035,290.71,9.47,1.6585,349,301,275,25.6,306.75,0.8625,First Fit
8,5570,10,1862,186.2,142.35,0.3343,942,368,29,138.6,696.25,0.3907,Worst Fit
8,3348,9,1628,180.89,72.47,0.4863,624,289,89,168.28,418.5,0.4631,First Fit
3,915,6,1718,286.33,7.85,1.8776,341,298,274,27.58,305.0,0.8739,Best Fit
8,5431,4,680,170.0,124.2,0.1252,907,304,45,143.19,678.88,0.3352,Worst Fit
7,2692,4,607,151.75,91.87,0.2255,630,257,55,143.64,384.57,0.4079,Worst Fit
3,868,12,3095,257.92,11.22,3.5657,315,272,240,18.37,289.33,0.8635,Best Fit
3,2048,8,1590,198.75,162.5,0.7764,956,394,25,215.6,682.67,0.4121,Best Fit
6,2647,12,1861,155.08,70.37,0.7031,613,287,79,138.81,441.17,0.4682,Best Fit
4,1934,11,4591,417.36,9.86,2.3738,488,431,398,2.69,483.5,0.8832,Best Fit
4,3268,11,1902,172.91,130.47,0.582,947,394,43,91.74,817.0,0.4161,First Fit
5,2196,8,1372,171.5,78.41,0.6248,648,257,50,156.18,439.2,0.3966,First Fit
3,1263,5,1995,399.0,7.59,1.5796,455,408,386,24.06,421.0,0.8967,Best Fit
4,3047,7,1238,176.86,156.26,0.4063,890,392,25,115.14,761.75,0.4404,Worst Fit
7,2575,4,685,171.25,23.88,0.266,554,201,135,106.77,367.86,0.3628,First Fit
4,1235,6,1655,275.83,12.27,1.3401,323,294,264,8.79,308.75,0.9102,Best Fit
7,6104,5,825,165.0,140.27,0.1352,995,380,31,143.18,872.0,0.3819,Worst Fit
6,2335,12,1700,141.67,68.89,0.7281,564,250,50,119.98,389.17,0.4433,First Fit
6,1985,8,2430,303.75,8.97,1.2242,373,321,290,29.62,330.83,0.8606,First Fit
4,2585,8,1512,189.0,141.14,0.5849,851,396,34,193.14,646.25,0.4653,First Fit
7,2984,4,528,132.0,78.59,0.1769,640,259,50,109.24,426.29,0.4047,First Fit
3,596,8,1181,147.62,9.15,1.9815,207,167,138,9.74,198.67,0.8068,Best Fit
7,4974,9,1530,170.0,135.02,0.3076,987,396,36,159.74,710.57,0.4012,Worst Fit
5,2071,4,802,200.5,59.25,0.3873,617,266,114,129.5,414.2,0.4311,First Fit
3,1344,11,4406,400.55,7.46,3.2783,467,411,384,21.46,448.0,0.8801,Best Fit
4,2955,9,1685,187.22,158.25,0.5702,919,396,32,112.21,738.75,0.4309,First Fit
5,2057,4,738,184.5,94.89,0.3588,615,275,52,151.7,411.4,0.4472,Worst Fit
8,1895,11,2119,192.64,9.53,1.1182,266,212,179,22.92,236.88,0.797,Best Fit
4,2767,10,1857,185.7,147.6,0.6711,964,390,27,165.56,691.75,0.4046,Best Fit
8,3352,9,1519,168.78,86.64,0.4532,635,284,51,167.66,419.0,0.4472,Worst Fit
3,677,12,2367,197.25,9.44,3.4963,269,214,182,32.7,225.67,0.7955,Best Fit
4,2420,10,1954,195.4,139.53,0.8074,748,372,37,82.71,605.0,0.4973,First Fit
3,1492,7,990,141.43,60.48,0.6635,565,259,76,71.76,497.33,0.4584,Best Fit
5,1852,9,2979,331.0,10.96,1.6085,402,347,319,23.67,370.4,0.8632,Best Fit
5,3438,10,1761,176.1,139.54,0.5122,884,390,30,126.85,687.6,0.4412,Worst Fit
5,2208,9,1594,177.11,72.5,0.7219,635,285,72,153.33,441.6,0.4488,First Fit
7,2994,5,2082,416.4,7.74,0.6954,456,428,405,14.08,427.71,0.9386,First Fit
7,4849,5,832,166.4,137.68,0.1716,987,336,38,203.75,692.71,0.3404,Worst Fit
4,1725,7,1201,171.57,69.77,0.6962,617,299,93,169.08,431.25,0.4846,Best Fit
8,2436,8,2315,289.38,10.43,0.9503,350,302,273,24.35,304.5,0.8629,Best Fit
6,4751,12,2346,195.5,148.65,0.4938,972,397,26,199.92,791.83,0.4084,Worst Fit
4,1927,6,973,162.17,48.78,0.5049,561,233,71,50.9,481.75,0.4153,First Fit
3,789,7,1756,250.86,10.27,2.2256,281,268,238,12.75,263.0,0.9537,Best Fit
5,4303,4,802,200.5,159.62,0.1864,986,394,36,149.3,860.6,0.3996,Worst Fit
7,2943,5,1062,212.4,80.35,0.3609,593,300,63,133.87,420.43,0.5059,Worst Fit
4,1818,9,3656,406.22,11.32,2.011,470,420,387,13.37,454.5,0.8936,Best Fit
8,6116,5,748,149.6,129.89,0.1223,979,343,41,163.46,764.5,0.3504,Worst Fit
7,2239,4,675,168.75,75.63,0.3015,646,287,84,150.87,319.86,0.4443,First Fit
3,1111,10,3260,326.0,9.28,2.9343,373,335,305,2.49,370.33,0.8981,Best Fit
7,4647,10,1763,176.3,135.96,0.3794,997,334,27,161.77,663.86,0.335,Worst Fit
3,1596,5,1131,226.2,44.33,0.7086,611,278,152,61.84,532.0,0.455,Best Fit
4,1846,9,3783,420.33,10.46,2.0493,472,433,405,11.28,461.5,0.9174,Best Fit
8,5697,6,1171,195.17,138.94,0.2055,993,352,54,172.42,712.12,0.3545,Worst Fit
8,3072,5,906,181.2,84.59,0.2949,648,267,71,209.47,384.0,0.412,Worst Fit
8,3637,7,2951,421.57,9.9,0.8114,476,440,412,13.17,454.62,0.9244,Best Fit
6,4220,12,2330,194.17,136.85,0.5521,812,395,43,115.33,703.33,0.4865,First Fit
4,2032,6,1302,217.0,44.52,0.6407,623,267,148,106.83,508.0,0.4286,First Fit
8,3505,6,2544,424.0,9.9,0.7258,484,436,411,25.94,438.12,0.9008,First Fit
7,4164,12,2242,186.83,141.63,0.5384,933,378,29,167.32,594.86,0.4051,Worst Fit
6,1925,5,659,131.8,42.11,0.3423,508,191,76,131.59,320.83,0.376,First Fit
6,2575,8,3145,393.12,8.85,1.2214,447,406,383,10.84,429.17,0.9083,Best Fit
5,3475,11,2027,184.27,150.59,0.5833,957,400,28,211.29,695.0,0.418,First Fit
4,1266,9,1582,175.78,83.81,1.2496,437,295,61,90.84,316.5,0.6751,First Fit
8,3274,7,2684,383.43,11.83,0.8198,451,402,370,22.39,409.25,0.8914,First Fit
8,5250,5,745,149.0,128.46,0.1419,979,326,41,195.23,656.25,0.333,Worst Fit
8,2861,12,1675,139.58,65.02,0.5855,618,298,53,166.41,357.62,0.4822,First Fit
8,3364,11,4418,401.64,8.32,1.3133,461,411,385,20.71,420.5,0.8915,First Fit
5,3969,11,1890,171.82,140.74,0.4762,938,386,26,120.94,793.8,0.4115,Worst Fit
8,3713,11,1956,177.82,74.96,0.5268,586,278,52,127.39,464.12,0.4744,First Fit
5,1154,10,1785,178.5,7.51,1.5468,240,190,167,6.76,230.8,0.7917,Best Fit
6,4378,12,2303,191.92,143.73,0.526,1000,397,26,233.85,729.67,0.397,Worst Fit
8,2816,4,572,143.0,48.84,0.2031,627,212,94,144.1,352.0,0.3381,First Fit
4,569,4,538,134.5,6.34,0.9455,151,145,128,8.7,142.25,0.9603,Best Fit
3,2146,9,1766,196.22,155.18,0.8229,889,392,29,158.9,715.33,0.4409,Best Fit
5,2429,8,1702,212.75,66.24,0.7007,568,292,67,65.98,485.8,0.5141,First Fit
5,2338,10,4284,428.4,7.8,1.8323,495,440,414,27.64,467.6,0.8889,Best Fit
6,4173,11,1876,170.55,141.91,0.4496,914,368,28,195.73,695.5,0.4026,Worst Fit
8,3414,7,1426,203.71,64.86,0.4177,627,297,123,119.6,426.75,0.4737,First Fit
4,1507,10,3404,340.4,10.95,2.2588,402,355,322,22.74,376.75,0.8831,Best Fit
7,4993,8,1746,218.25,162.1,0.3497,992,400,33,214.54,713.29,0.4032,Worst Fit
7,3414,6,1386,231.0,54.77,0.406,644,299,155,160.42,487.71,0.4643,First Fit
8,2615,4,1181,295.25,11.45,0.4516,365,314,285,24.47,326.88,0.8603,First Fit
5,3716,11,1847,167.91,144.85,0.497,913,399,29,186.09,743.2,0.437,Worst Fit
7,2348,4,749,187.25,19.61,0.319,623,212,158,175.65,335.43,0.3403,First Fit
3,1132,6,1957,326.17,12.07,1.7288,396,345,316,18.57,377.33,0.8712,Best Fit
7,5073,6,1099,183.17,143.01,0.2166,984,377,34,193.31,724.71,0.3831,Worst Fit
5,1815,8,1529,191.12,73.19,0.8424,610,295,92,145.9,363.0,0.4836,First Fit
5,910,11,1611,146.45,11.07,1.7703,218,163,131,19.42,182.0,0.7477,Best Fit
7,4857,10,2056,205.6,139.15,0.4233,942,380,56,178.74,693.86,0.4034,Worst Fit
7,2973,7,1057,151.0,71.7,0.3555,612,279,51,158.89,424.71,0.4559,First Fit
4,679,8,1211,151.38,11.71,1.7835,192,173,141,13.33,169.75,0.901,Best Fit
4,2777,10,1629,162.9,127.84,0.5866,896,327,27,174.93,694.25,0.365,First Fit
5,1839,7,1283,183.29,58.2,0.6977,512,262,108,115.38,367.8,0.5117,First Fit
8,3679,8,3414,426.75,9.34,0.928,490,443,417,21.26,459.88,0.9041,Best Fit
4,2552,6,994,165.67,114.71,0.3895,981,297,25,220.3,638.0,0.3028,Worst Fit
6,1907,6,1149,191.5,73.94,0.6025,640,273,88,147.86,317.83,0.4266,First Fit
3,956,5,1426,285.2,6.82,1.4916,340,297,278,16.13,318.67,0.8735,Best Fit
4,2842,9,1520,168.89,129.59,0.5348,889,351,41,152.52,710.5,0.3948,Worst Fit
8,2851,12,1893,157.75,80.75,0.664,479,292,54,100.96,356.38,0.6096,First Fit
8,2053,10,2214,221.4,11.25,1.0784,295,238,206,24.57,256.62,0.8068,Best Fit
7,5015,5,746,149.2,142.59,0.1488,992,353,25,175.11,716.43,0.3558,Worst Fit
5,1962,9,1650,183.33,64.72,0.841,520,295,99,122.91,392.4,0.5673,First Fit
7,2106,12,3036,253.0,9.46,1.4416,325,270,239,14.14,300.86,0.8308,Best Fit
3,2339,8,1457,182.12,139.8,0.6229,833,399,27,56.79,779.67,0.479,First Fit
3,767,9,1580,175.56,47.47,2.06,293,254,92,39.51,255.67,0.8669,First Fit
7,1582,12,2088,174.0,8.71,1.3198,251,194,163,25.15,226.0,0.7729,Best Fit
7,5360,11,1873,170.27,128.06,0.3494,966,336,37,148.04,765.71,0.3478,Worst Fit
3,1209,11,1754,159.45,65.96,1.4508,598,297,92,166.59,403.0,0.4967,Worst Fit
4,1488,4,1339,334.75,4.76,0.8999,383,342,330,7.91,372.0,0.893,Best Fit
3,2044,5,804,160.8,117.45,0.3933,852,319,56,138.41,681.33,0.3744,Worst Fit
5,2109,9,1696,188.44,66.96,0.8042,606,292,54,99.11,421.8,0.4818,Best Fit
6,2679,6,2569,428.17,11.57,0.9589,489,442,409,26.25,446.5,0.9039,Best Fit
3,2176,9,1554,172.67,144.89,0.7142,939,364,28,151.24,725.33,0.3876,Best Fit
7,2889,8,1388,173.5,70.37,0.4804,627,278,60,150.7,412.71,0.4434,First Fit
3,699,7,1389,198.43,9.15,1.9871,263,213,188,21.97,233.0,0.8099,Best Fit
5,4437,7,1192,170.29,138.08,0.2686,994,346,30,96.23,887.4,0.3481,Worst Fit
8,2869,12,2556,213.0,55.82,0.8909,646,276,81,179.47,358.62,0.4272,Best Fit
8,2020,4,865,216.25,5.49,0.4282,283,225,210,27.83,252.5,0.7951,First Fit
6,3651,8,1483,185.38,131.64,0.4062,902,375,45,170.03,608.5,0.4157,Worst Fit
7,2638,4,595,148.75,58.79,0.2255,539,224,67,129.13,376.86,0.4156,First Fit
6,1322,5,1046,209.2,10.13,0.7912,273,219,190,27.88,220.33,0.8022,First Fit
4,2858,4,773,193.25,133.57,0.2705,958,336,51,211.5,714.5,0.3507,Worst Fit
6,2448,5,787,157.4,79.93,0.3215,561,277,72,101.05,408.0,0.4938,First Fit
4,1485,9,2957,328.56,9.7,1.9912,383,343,313,13.68,371.25,0.8956,Best Fit
5,2719,6,1081,180.17,134.55,0.3976,783,383,25,140.85,543.8,0.4891,Worst Fit
7,2686,8,1250,156.25,72.41,0.4654,554,273,71,144.26,383.71,0.4928,First Fit
4,1437,6,1934,322.33,7.02,1.3459,373,333,310,12.17,359.25,0.8928,Best Fit
7,6070,9,1701,189.0,155.07,0.2802,996,400,26,132.11,867.14,0.4016,Worst Fit
7,2410,7,1221,174.43,51.82,0.5066,617,260,84,152.88,344.29,0.4214,First Fit
4,791,7,1090,155.71,10.0,1.378,226,176,144,22.79,197.75,0.7788,Best Fit
4,2871,9,1454,161.56,132.17,0.5064,994,365,28,230.82,717.75,0.3672,Worst Fit
7,3068,7,1331,190.14,88.78,0.4338,622,272,53,162.37,438.29,0.4373,Worst Fit
8,2628,8,2356,294.5,11.0,0.8965,362,307,277,22.3,328.5,0.8481,Best Fit
4,2723,6,985,164.17,112.6,0.3617,905,288,37,164.01,680.75,0.3182,Worst Fit
4,1412,9,1859,206.56,89.74,1.3166,404,283,50,44.23,353.0,0.7005,First Fit
5,1530,5,1368,273.6,9.18,0.8941,336,291,266,17.17,306.0,0.8661,Best Fit
6,4351,5,762,152.4,116.24,0.1751,949,321,35,192.61,725.17,0.3383,Worst Fit
5,1949,8,1354,169.25,83.01,0.6947,608,283,66,121.49,389.8,0.4655,Best Fit
3,1180,8,2757,344.62,5.66,2.3364,409,351,336,15.06,393.33,0.8582,Best Fit
3,2097,7,1174,167.71,141.57,0.5598,997,380,40,217.91,699.0,0.3811,First Fit
8,3338,4,800,200.0,44.47,0.2397,606,257,146,116.3,417.25,0.4241,First Fit
8,2334,11,2884,262.18,8.59,1.2356,327,275,248,22.66,291.75,0.841,Best Fit
4,3090,6,1031,171.83,111.28,0.3337,860,291,56,80.02,772.5,0.3384,Worst Fit
7,2634,12,1904,158.67,69.1,0.7229,640,271,52,147.22,376.29,0.4234,First Fit
5,1846,12,3880,323.33,10.77,2.1018,380,343,311,9.87,369.2,0.9026,Best Fit
4,2498,10,1807,180.7,127.56,0.7234,980,391,38,223.02,624.5,0.399,Best Fit
6,1858,11,2017,183.36,83.27,1.0856,595,300,61,178.2,309.67,0.5042,Best Fit
6,2695,5,2100,420.0,11.54,0.7792,477,441,408,18.42,449.17,0.9245,First Fit
7,4844,8,1491,186.38,146.53,0.3078,980,367,25,163.63,692.0,0.3745,Worst Fit
3,924,11,2146,195.09,46.86,2.3225,468,252,90,123.29,308.0,0.5385,Best Fit
7,2344,7,2170,310.0,7.65,0.9258,355,322,301,16.11,334.86,0.907,Best Fit
3,1802,8,1523,190.38,146.57,0.8452,799,369,25,153.19,600.67,0.4618,Best Fit
7,2513,8,1321,165.12,68.8,0.5257,583,280,72,131.75,359.0,0.4803,First Fit
5,1357,6,1467,244.5,10.95,1.0811,288,262,234,11.96,271.4,0.9097,Best Fit
7,5401,8,1601,200.12,156.1,0.2964,969,400,26,135.25,771.57,0.4128,Worst Fit
5,2613,12,2288,190.67,76.96,0.8756,622,300,69,96.44,522.6,0.4823,First Fit
4,796,8,1373,171.62,6.26,1.7249,221,181,162,19.43,199.0,0.819,Best Fit
4,2414,8,1461,182.62,139.02,0.6052,719,377,30,93.96,603.5,0.5243,First Fit
8,3071,7,1230,175.71,73.52,0.4005,645,294,77,154.78,383.88,0.4558,First Fit
5,1588,7,2014,287.71,11.37,1.2683,336,304,272,15.76,317.6,0.9048,Best Fit
5,2983,9,1454,161.56,138.63,0.4874,695,357,25,75.79,596.6,0.5137,Worst Fit
8,3457,10,1712,171.2,72.98,0.4952,620,297,68,128.12,432.12,0.479,First Fit
8,3599,7,2908,415.43,5.85,0.808,470,423,407,22.72,449.88,0.9,Best Fit
4,2752,6,1182,197.0,141.24,0.4295,930,349,30,221.37,688.0,0.3753,Worst Fit
6,2422,6,1023,170.5,28.5,0.4224,471,216,120,59.04,403.67,0.4586,First Fit
8,2986,11,3655,332.27,14.83,1.224,400,348,314,25.68,373.25,0.87,First Fit
6,4485,12,2133,177.75,142.89,0.4756,998,374,30,147.88,747.5,0.3747,Worst Fit
6,2792,10,1578,157.8,80.09,0.5652,614,296,57,116.58,465.33,0.4821,First Fit
5,1021,4,629,157.25,5.76,0.6161,222,163,151,14.51,204.2,0.7342,First Fit
4,3311,4,772,193.0,144.86,0.2332,934,378,46,128.81,827.75,0.4047,Worst Fit
8,3197,5,1004,200.8,47.97,0.314,609,264,133,144.65,399.62,0.4335,First Fit
8,2348,7,1844,263.43,10.17,0.7853,334,279,254,16.59,293.5,0.8353,Best Fit
8,5360,12,2260,188.33,151.31,0.4216,885,383,26,156.76,670.0,0.4328,Worst Fit
8,3346,7,1443,206.14,60.35,0.4313,606,273,81,157.02,418.25,0.4505,First Fit
8,3514,12,4880,406.67,10.93,1.3887,457,424,390,16.14,439.25,0.9278,Best Fit
3,2128,10,1853,185.3,142.05,0.8708,793,370,28,114.81,709.33,0.4666,Best Fit
5,2043,5,834,166.8,66.22,0.4082,527,240,67,79.11,408.6,0.4554,First Fit
3,1199,11,4085,371.36,12.27,3.407,415,383,350,20.98,399.67,0.9229,Best Fit
8,6097,10,1827,182.7,128.64,0.2997,970,387,29,113.29,762.12,0.399,Worst Fit
6,2280,11,1804,164.0,68.93,0.7912,571,251,67,125.71,380.0,0.4396,First Fit
3,1256,4,1630,407.5,10.74,1.2978,438,419,390,14.52,418.67,0.9566,Best Fit
6,4634,9,1430,158.89,135.3,0.3086,956,341,26,147.25,772.33,0.3567,Worst Fit
3,1171,9,1438,159.78,55.76,1.228,484,218,76,66.59,390.33,0.4504,First Fit
5,1569,12,3374,281.17,7.37,2.1504,338,295,270,23.57,313.8,0.8728,Best Fit
5,3101,5,875,175.0,157.85,0.2822,940,397,33,176.26,620.2,0.4223,Worst Fit
7,2921,8,1171,146.38,69.03,0.4009,622,279,74,145.82,417.29,0.4486,First Fit
7,2119,4,1113,278.25,5.54,0.5252,347,287,273,26.8,302.71,0.8271,First Fit
4,3184,7,1196,170.86,166.05,0.3756,994,400,25,151.37,796.0,0.4024,Worst Fit
5,2356,7,1200,171.43,65.05,0.5093,565,252,62,78.48,471.2,0.446,First Fit
7,2552,4,1299,324.75,10.96,0.509,399,336,311,26.86,364.57,0.8421,First Fit
8,6694,8,1415,176.88,145.01,0.2114,975,372,26,133.09,836.75,0.3815,Worst Fit
4,2157,10,1486,148.6,75.71,0.6889,596,283,54,62.32,539.25,0.4748,Best Fit
3,566,8,1191,148.88,6.75,2.1042,206,158,136,16.21,188.67,0.767,Best Fit
5,3279,11,1880,170.91,141.99,0.5733,976,355,26,199.32,655.8,0.3637,First Fit
5,2377,4,618,154.5,77.14,0.26,600,277,69,127.19,475.4,0.4617,First Fit
7,1528,9,1805,200.56,10.94,1.1813,266,217,186,23.86,218.29,0.8158,Best Fit
7,5692,7,1194,170.57,158.34,0.2098,991,390,25,142.12,813.14,0.3935,Worst Fit
6,2280,4,743,185.75,86.14,0.3259,650,299,73,177.76,380.0,0.46,Worst Fit
4,991,4,784,196.0,9.14,0.7911,260,206,185,12.54,247.75,0.7923,Best Fit
5,2909,5,777,155.4,109.21,0.2671,833,308,55,160.27,581.8,0.3697,Worst Fit
3,1716,6,971,161.83,48.71,0.5659,644,254,96,51.56,572.0,0.3944,First Fit
4,1231,4,1176,294.0,9.03,0.9553,329,304,285,13.55,307.75,0.924,Best Fit
8,5415,6,1200,200.0,146.67,0.2216,900,356,46,170.99,676.88,0.3956,Worst Fit
5,1584,11,1961,178.27,78.26,1.238,452,275,72,91.18,316.8,0.6084,Best Fit
8,3224,5,1796,359.2,8.59,0.5571,432,371,348,24.3,403.0,0.8588,First Fit
3,1942,9,1649,183.22,154.16,0.8491,770,388,25,116.36,647.33,0.5039,First Fit
3,1426,6,1095,182.5,58.43,0.7679,545,295,127,68.62,475.33,0.5413,Best Fit
3,1045,11,3342,303.82,9.53,3.1981,361,317,284,9.29,348.33,0.8781,Best Fit
3,1976,7,1170,167.14,133.84,0.5921,812,354,41,170.4,658.67,0.436,First Fit
6,2721,4,678,169.5,77.7,0.2492,601,273,54,130.2,453.5,0.4542,First Fit
6,2274,6,2126,354.33,9.66,0.9349,415,374,344,19.67,379.0,0.9012,First Fit
8,5727,12,2438,203.17,159.45,0.4257,979,389,25,160.79,715.88,0.3973,Worst Fit
7,2588,12,2592,216.0,67.95,1.0015,543,287,75,148.55,369.71,0.5285,First Fit
4,1323,10,3006,300.6,9.52,2.2721,367,315,287,22.98,330.75,0.8583,Best Fit
5,3348,4,828,207.0,157.24,0.2473,789,393,39,84.1,669.6,0.4981,Worst Fit
8,3549,8,1369,171.12,58.98,0.3857,590,279,55,132.31,443.62,0.4729,First Fit
8,2180,7,1725,246.43,9.9,0.7913,302,257,232,21.5,272.5,0.851,Best Fit
7,5336,7,1010,144.29,118.52,0.1893,931,312,32,208.22,762.29,0.3351,Worst Fit
7,2307,4,627,156.75,74.57,0.2718,615,249,78,137.15,329.57,0.4049,First Fit
5,1340,11,2409,219.0,11.38,1.7978,282,233,206,9.49,268.0,0.8262,Best Fit
7,5327,11,2012,182.91,150.46,0.3777,994,387,27,158.81,761.0,0.3893,Worst Fit
3,1359,6,1101,183.5,68.35,0.8102,457,249,54,4.32,453.0,0.5449,First Fit
8,2714,12,3805,317.08,8.84,1.402,374,331,306,25.02,339.25,0.885,Best Fit
8,5359,5,904,180.8,152.39,0.1687,979,392,46,147.54,669.88,0.4004,Worst Fit
3,1078,8,1521,190.12,47.78,1.4109,464,264,118,124.1,359.33,0.569,Best Fit
6,1095,8,1106,138.25,12.29,1.01,195,157,122,10.56,182.5,0.8051,Best Fit
4,3162,10,1765,176.5,138.11,0.5582,957,356,26,167.83,790.5,0.372,First Fit
6,2186,6,1052,175.33,67.04,0.4812,565,267,78,137.45,364.33,0.4726,First Fit
5,1101,4,710,177.5,5.77,0.6449,253,183,168,27.35,220.2,0.7233,First Fit
8,6017,6,1228,204.67,148.75,0.2041,928,397,45,135.45,752.12,0.4278,Worst Fit
5,2194,11,1940,176.36,75.74,0.8842,625,294,70,182.84,438.8,0.4704,First Fit
4,1400,4,1292,323.0,11.18,0.9229,369,336,310,13.84,350.0,0.9106,Best Fit
3,1925,4,762,190.5,142.39,0.3958,727,347,45,87.14,641.67,0.4773,Worst Fit
7,2196,6,1286,214.33,27.49,0.5856,531,259,170,121.05,313.71,0.4878,First Fit
5,1344,12,2615,217.92,10.83,1.9457,288,234,200,27.29,268.8,0.8125,Best Fit
7,5479,12,2062,171.83,124.97,0.3763,943,348,31,126.77,782.71,0.369,Worst Fit
3,863,11,2246,204.18,56.12,2.6025,407,295,104,87.21,287.67,0.7248,Best Fit
8,3066,12,4185,348.75,6.93,1.365,414,359,334,19.53,383.25,0.8671,Best Fit
5,3678,7,1282,183.14,154.8,0.3486,975,394,32,155.37,735.6,0.4041,Worst Fit
4,2037,10,1869,186.9,83.88,0.9175,631,294,56,88.89,509.25,0.4659,Best Fit
7,3187,10,4343,434.3,7.6,1.3627,480,444,421,18.22,455.29,0.925,Best Fit
7,3855,8,1472,184.0,151.64,0.3818,826,375,26,134.23,550.71,0.454,Worst Fit
8,3433,5,780,156.0,63.73,0.2272,634,255,72,183.02,429.12,0.4022,First Fit
4,1754,11,4467,406.09,7.66,2.5468,480,419,392,27.0,438.5,0.8729,Best Fit
5,3485,6,1078,179.67,141.56,0.3093,974,390,27,215.68,697.0,0.4004,Worst Fit
5,2063,5,800,160.0,74.48,0.3878,529,235,55,124.92,412.6,0.4442,First Fit
7,2125,11,2955,268.64,8.47,1.3906,331,278,255,16.53,303.57,0.8399,Best Fit
6,4811,9,1464,162.67,140.84,0.3043,998,372,25,124.73,801.83,0.3727,Worst Fit
5,2183,12,1865,155.42,54.81,0.8543,594,286,78,142.05,436.6,0.4815,First Fit
6,1597,7,1694,242.0,8.62,1.0607,311,256,230,25.53,266.17,0.8232,Best Fit
8,5513,11,1932,175.64,157.41,0.3504,959,397,25,169.42,689.12,0.414,Worst Fit
6,2075,4,924,231.0,44.64,0.4453,632,286,172,160.04,345.83,0.4525,First Fit
5,1449,5,1247,249.4,8.64,0.8606,317,259,234,26.53,289.8,0.817,Best Fit
5,3780,4,806,201.5,165.26,0.2132,979,378,30,185.99,756.0,0.3861,Worst Fit
3,1153,7,1117,159.57,67.33,0.9688,496,288,69,104.86,384.33,0.5806,Best Fit
5,972,6,959,159.83,9.99,0.9866,229,179,150,23.5,194.4,0.7817,Best Fit
5,3240,4,700,175.0,131.4,0.216,875,314,32,186.09,648.0,0.3589,Worst Fit
6,2593,9,1556,172.89,65.78,0.6001,587,261,83,130.07,432.17,0.4446,First Fit
5,2018,11,4084,371.27,11.47,2.0238,420,385,353,15.47,403.6,0.9167,Best Fit
6,3814,11,1967,178.82,145.75,0.5157,794,376,27,152.06,635.67,0.4736,Worst Fit
7,3031,6,972,162.0,73.14,0.3207,642,269,73,144.87,433.0,0.419,First Fit
5,1663,8,2596,324.5,11.61,1.561,370,336,304,19.97,332.6,0.9081,Best Fit
6,4419,9,1554,172.67,139.13,0.3517,903,357,33,130.03,736.5,0.3953,Worst Fit
8,3681,6,1093,182.17,73.06,0.2969,625,270,52,119.14,460.12,0.432,First Fit
6,2344,8,2882,360.25,6.76,1.2295,425,375,354,19.54,390.67,0.8824,Best Fit
8,5637,7,1165,166.43,135.54,0.2067,991,354,29,191.8,704.62,0.3572,Worst Fit
6,2448,7,1023,146.14,62.36,0.4179,603,236,51,123.96,408.0,0.3914,First Fit
8,2893,10,3393,339.3,6.94,1.1728,399,357,333,21.81,361.62,0.8947,First Fit
3,2114,7,1005,143.57,117.29,0.4754,990,313,26,212.32,704.67,0.3162,Worst Fit
4,1881,4,847,211.75,80.41,0.4503,616,291,103,158.03,470.25,0.4724,Worst Fit
3,1042,10,3201,320.1,8.42,3.072,385,335,307,26.66,347.33,0.8701,Best Fit
3,2353,6,1114,185.67,134.92,0.4734,991,389,47,177.78,784.33,0.3925,Worst Fit
8,2914,5,853,170.6,79.45,0.2927,650,268,83,150.25,364.25,0.4123,First Fit
6,2622,9,3600,400.0,9.84,1.373,473,418,386,27.64,437.0,0.8837,First Fit
7,4261,10,1667,166.7,124.82,0.3912,964,327,29,166.61,608.71,0.3392,Worst Fit
4,2169,11,1833,166.64,94.67,0.8451,636,299,52,55.78,542.25,0.4701,First Fit
3,1039,12,3667,305.58,6.87,3.5294,358,318,295,8.73,346.33,0.8883,Best Fit
3,1903,7,1205,172.14,146.33,0.6332,889,375,27,189.68,634.33,0.4218,First Fit
4,1844,8,1663,207.88,82.41,0.9018,629,294,56,179.18,461.0,0.4674,First Fit
8,2158,10,2426,242.6,10.76,1.1242,316,263,232,21.84,269.75,0.8323,Best Fit
5,3109,11,1882,171.09,141.67,0.6053,912,392,27,190.46,621.8,0.4298,First Fit
3,979,12,2236,186.33,65.85,2.284,622,278,56,209.56,326.33,0.4469,Worst Fit
5,900,9,1316,146.22,7.0,1.4622,217,155,132,26.62,180.0,0.7143,Best Fit
6,3899,9,1607,178.56,144.64,0.4122,921,377,29,200.55,649.83,0.4093,Worst Fit
4,1667,10,1573,157.3,57.28,0.9436,629,267,64,140.88,416.75,0.4245,Best Fit
8,2066,5,1102,220.4,8.24,0.5334,290,236,213,22.49,258.25,0.8138,First Fit
3,1906,9,1450,161.11,135.68,0.7608,971,382,25,237.36,635.33,0.3934,Best Fit
7,2957,4,515,128.75,44.76,0.1742,567,172,58,163.81,422.43,0.3034,First Fit
7,2012,11,2761,251.0,10.62,1.3723,319,267,236,18.84,287.43,0.837,Best Fit
3,2231,11,1909,173.55,148.97,0.8557,912,386,27,199.12,743.67,0.4232,Best Fit
6,2328,5,986,197.2,26.57,0.4235,581,250,179,165.96,388.0,0.4303,First Fit
7,3100,9,3819,424.33,11.77,1.2319,474,439,407,21.09,442.86,0.9262,Best Fit
7,4749,7,1257,179.57,153.7,0.2647,995,394,28,200.04,678.43,0.396,Worst Fit
6,2130,5,747,149.4,44.82,0.3507,601,203,91,147.11,355.0,0.3378,First Fit
6,2091,12,3853,321.08,8.3,1.8427,378,338,305,20.73,348.5,0.8942,Best Fit
4,3151,5,785,157.0,144.92,0.2491,842,388,29,43.73,787.75,0.4608,Worst Fit
5,2312,9,1582,175.78,61.79,0.6843,577,279,91,130.76,462.4,0.4835,Best Fit
6,2251,4,1393,348.25,7.46,0.6188,421,361,343,29.08,375.17,0.8575,First Fit
6,5053,12,2141,178.42,129.24,0.4237,963,341,37,68.94,842.17,0.3541,Worst Fit
6,1690,11,1552,141.09,69.9,0.9183,351,239,58,66.79,281.67,0.6809,Best Fit
8,1908,11,2191,199.18,10.27,1.1483,268,215,186,23.5,238.5,0.8022,Best Fit
7,4851,11,1909,173.55,144.75,0.3935,986,384,33,177.42,693.0,0.3895,Worst Fit
3,1149,4,707,176.75,60.46,0.6153,518,228,74,103.35,383.0,0.4402,First Fit
8,2853,8,2603,325.38,9.59,0.9124,391,337,310,18.75,356.62,0.8619,Best Fit
8,6091,9,1530,170.0,144.82,0.2512,936,375,28,136.49,761.38,0.4006,Worst Fit
8,2805,9,1461,162.33,53.15,0.5209,560,264,75,124.67,350.62,0.4714,First Fit
3,856,10,2560,256.0,10.65,2.9907,292,274,241,6.8,285.33,0.9384,Best Fit
4,2266,9,1573,174.78,144.29,0.6942,699,390,25,87.57,566.5,0.5579,Best Fit
8,2718,5,741,148.2,71.24,0.2726,487,287,99,73.58,339.75,0.5893,First Fit
5,1633,6,1796,299.33,9.71,1.0998,368,312,286,31.03,326.6,0.8478,Best Fit
3,1886,11,2022,183.82,147.05,1.0721,735,391,41,77.6,628.67,0.532,First Fit
8,3269,9,1592,176.89,63.61,0.487,618,266,54,155.3,408.62,0.4304,First Fit
3,1235,10,3599,359.9,8.48,2.9142,420,372,345,7.93,411.67,0.8857,Best Fit
8,5851,7,1124,160.57,134.88,0.1921,962,370,32,183.08,731.38,0.3846,Worst Fit
8,2804,7,1426,203.71,77.56,0.5086,614,294,97,191.53,350.5,0.4788,First Fit
4,884,5,932,186.4,11.41,1.0543,241,200,166,11.77,221.0,0.8299,Best Fit
4,3096,11,1877,170.64,126.63,0.6063,922,366,41,86.07,774.0,0.397,First Fit
3,1044,7,1331,190.14,69.05,1.2749,638,274,76,205.65,348.0,0.4295,Best Fit
3,623,6,1000,166.67,5.68,1.6051,211,175,159,3.4,207.67,0.8294,Best Fit
5,3861,11,2028,184.36,143.11,0.5253,953,394,39,155.98,772.2,0.4134,Worst Fit
7,2844,7,1414,202.0,50.44,0.4972,633,267,101,173.87,406.29,0.4218,First Fit
5,1768,11,3487,317.0,8.7,1.9723,386,335,308,29.91,353.6,0.8679,Best Fit
6,4067,10,1775,177.5,122.58,0.4364,948,324,43,180.32,677.83,0.3418,Worst Fit
4,1354,6,957,159.5,52.79,0.7068,544,233,71,168.84,338.5,0.4283,First Fit
3,1179,5,1798,359.6,9.97,1.525,400,376,346,5.1,393.0,0.94,Best Fit
6,4013,5,822,164.4,124.51,0.2048,926,325,50,165.92,668.83,0.351,Worst Fit
8,3269,8,1261,157.62,57.57,0.3857,612,274,92,119.88,408.62,0.4477,First Fit
7,2851,9,3432,381.33,12.2,1.2038,446,401,366,24.53,407.29,0.8991,Best Fit
8,5536,8,1518,189.75,149.74,0.2742,941,376,29,164.17,692.0,0.3996,Worst Fit
6,2807,12,1531,127.58,48.66,0.5454,611,224,72,168.94,467.83,0.3666,First Fit
4,697,7,1009,144.14,10.03,1.4476,179,155,126,5.72,174.25,0.8659,Best Fit
3,2334,9,1580,175.56,141.49,0.6769,981,356,42,143.67,778.0,0.3629,Best Fit
4,1718,11,1889,171.73,71.0,1.0995,545,288,58,79.53,429.5,0.5284,Best Fit
7,1347,10,1764,176.4,9.72,1.3096,236,188,157,19.06,192.43,0.7966,First Fit
3,1944,9,1470,163.33,133.16,0.7562,878,344,27,195.56,648.0,0.3918,Best Fit
5,1840,7,1255,179.29,70.79,0.6821,585,266,70,131.95,368.0,0.4547,First Fit
6,1104,11,1674,152.18,9.25,1.5163,218,166,133,27.94,184.0,0.7615,Best Fit
6,3202,10,1690,169.0,126.88,0.5278,737,312,25,105.43,533.67,0.4233,Worst Fit
3,895,6,754,125.67,29.49,0.8425,394,162,83,77.57,298.33,0.4112,First Fit
8,3227,6,2241,373.5,9.54,0.6945,446,391,361,30.69,403.38,0.8767,Best Fit
3,2025,6,1228,204.67,141.7,0.6064,898,384,59,190.77,675.0,0.4276,First Fit
4,1155,9,1701,189.0,79.02,1.4727,468,289,54,110.92,288.75,0.6175,Best Fit
8,2721,4,1226,306.5,11.41,0.4506,368,322,291,26.74,340.12,0.875,First Fit
5,4081,10,1868,186.8,145.19,0.4577,988,379,35,159.48,816.2,0.3836,Worst Fit
7,3176,9,1699,188.78,81.8,0.5349,617,294,75,136.79,453.71,0.4765,Worst Fit
7,1447,8,1351,168.88,9.6,0.9337,237,187,154,19.19,206.71,0.789,Best Fit
4,2811,9,1614,179.33,156.63,0.5742,863,388,29,127.52,702.75,0.4496,First Fit
6,2156,10,2168,216.8,59.0,1.0056,644,293,88,156.68,359.33,0.455,First Fit
8,2551,7,2037,291.0,9.13,0.7985,364,309,280,22.18,318.88,0.8489,Best Fit
8,5754,8,1575,196.88,154.65,0.2737,944,388,27,193.28,719.25,0.411,Worst Fit
6,3211,11,1987,180.64,75.39,0.6188,627,285,50,91.45,535.17,0.4545,First Fit
5,1120,11,1899,172.64,7.55,1.6955,240,189,164,12.92,224.0,0.7875,Best Fit
8,5094,10,1972,197.2,150.72,0.3871,854,400,34,140.97,636.75,0.4684,Worst Fit
8,3612,12,1939,161.58,65.34,0.5368,646,254,69,148.64,451.5,0.3932,First Fit
4,1239,6,1723,287.17,12.71,1.3906,340,304,271,20.62,309.75,0.8941,Best Fit
7,4752,7,1195,170.71,129.83,0.2515,986,370,46,213.16,678.86,0.3753,Worst Fit
8,3970,6,1221,203.5,59.84,0.3076,628,291,145,107.1,496.25,0.4634,First Fit
3,1018,4,1150,287.5,12.09,1.1297,358,304,272,23.63,339.33,0.8492,Best Fit
7,5138,10,1755,175.5,135.85,0.3416,990,357,34,174.25,734.0,0.3606,Worst Fit
8,2600,6,856,142.67,51.76,0.3292,610,219,59,140.3,325.0,0.359,First Fit
5,2295,6,2536,422.67,8.5,1.105,493,434,414,31.22,459.0,0.8803,First Fit
7,5610,11,1946,176.91,138.27,0.3469,983,382,29,122.96,801.43,0.3886,Worst Fit
6,2843,12,2047,170.58,64.46,0.72,622,256,51,104.42,473.83,0.4116,Best Fit
8,3433,12,4686,390.5,10.05,1.365,464,410,378,22.08,429.12,0.8836,Best Fit
8,5035,4,773,193.25,148.59,0.1535,938,372,29,157.87,629.38,0.3966,Worst Fit
4,1229,9,1370,152.22,67.77,1.1147,446,254,59,102.03,307.25,0.5695,Best Fit
8,3380,4,1566,391.5,12.54,0.4633,463,408,375,21.06,422.5,0.8812,First Fit
5,2852,9,1417,157.44,131.07,0.4968,876,334,26,159.4,570.4,0.3813,Worst Fit
5,1638,7,1001,143.0,60.84,0.6111,469,268,50,102.11,327.6,0.5714,First Fit
6,1227,9,1577,175.22,12.23,1.2852,222,190,157,18.42,204.5,0.8559,Best Fit
4,2631,9,1433,159.22,122.02,0.5447,926,344,40,202.26,657.75,0.3715,Worst Fit
8,2939,5,836,167.2,45.68,0.2845,607,250,115,142.56,367.38,0.4119,First Fit
3,1218,11,4001,363.73,10.05,3.2849,412,378,345,7.12,406.0,0.9175,Best Fit
4,2674,11,2048,186.18,140.2,0.7659,881,375,33,139.53,668.5,0.4257,Best Fit
3,1645,8,1275,159.38,80.39,0.7751,625,300,55,88.71,548.33,0.48,Best Fit
5,1809,7,2297,328.14,6.87,1.2698,390,341,318,22.14,361.8,0.8744,Best Fit
4,2542,4,773,193.25,133.76,0.3041,854,329,58,137.3,635.5,0.3852,Worst Fit
5,1862,7,1117,159.57,75.65,0.5999,498,275,52,70.93,372.4,0.5522,First Fit
4,975,6,1202,200.33,7.43,1.2328,263,213,190,26.53,243.75,0.8099,Best Fit
7,4680,6,1260,210.0,153.38,0.2692,917,396,53,153.0,668.57,0.4318,Worst Fit
6,2283,5,966,193.2,53.33,0.4231,518,269,127,118.31,380.5,0.5193,First Fit
4,1650,5,2002,400.4,11.15,1.2133,425,414,386,13.72,412.5,0.9741,First Fit
8,4697,9,1504,167.11,139.01,0.3202,867,349,35,161.49,587.12,0.4025,Worst Fit
7,2244,10,1892,189.2,75.21,0.8431,532,286,50,135.74,320.57,0.5376,Best Fit
6,1292,10,1801,180.1,8.53,1.394,254,194,169,19.0,215.33,0.7638,Best Fit
7,4187,9,1502,166.89,132.68,0.3587,838,374,26,140.58,598.14,0.4463,Worst Fit
8,2904,11,1988,180.73,76.03,0.6846,633,300,75,168.82,363.0,0.4739,First Fit
6,2273,6,2058,343.0,7.51,0.9054,415,355,335,23.91,378.83,0.8554,Best Fit
3,2274,6,1089,181.5,140.59,0.4789,997,390,43,199.78,758.0,0.3912,Worst Fit
7,2852,7,1365,195.0,70.77,0.4786,650,299,61,152.48,407.43,0.46,First Fit
5,1291,6,1413,235.5,7.32,1.0945,288,249,228,21.27,258.2,0.8646,Best Fit
5,3553,8,1515,189.38,140.4,0.4264,904,378,35,173.28,710.6,0.4181,Worst Fit
5,1574,5,1015,203.0,75.13,0.6449,542,294,111,135.2,314.8,0.5424,Best Fit
6,2620,5,1958,391.6,8.87,0.7473,457,402,380,25.81,436.67,0.8796,Best Fit
8,5206,11,1861,169.18,135.72,0.3575,940,368,35,186.0,650.75,0.3915,Worst Fit
7,3437,9,1441,160.11,82.8,0.4193,606,276,53,101.48,491.0,0.4554,Worst Fit
7,1802,7,1618,231.14,10.8,0.8979,280,252,218,13.79,257.43,0.9,Best Fit
8,5112,4,747,186.75,161.15,0.1461,803,388,27,112.91,639.0,0.4832,Worst Fit
7,3021,10,1890,189.0,66.98,0.6256,602,291,64,118.15,431.57,0.4834,First Fit
4,1027,11,2330,211.82,8.23,2.2687,274,225,193,10.89,256.75,0.8212,Best Fit
6,3534,5,791,158.2,118.18,0.2238,770,323,59,141.6,589.0,0.4195,Worst Fit
4,1692,8,1430,178.75,64.05,0.8452,613,283,106,149.71,423.0,0.4617,Best Fit
7,2717,6,2043,340.5,6.63,0.7519,400,349,331,16.05,388.14,0.8725,Best Fit
5,3294,4,706,176.5,121.81,0.2143,979,329,52,233.87,658.8,0.3361,Worst Fit
3,893,12,2142,178.5,90.03,2.3987,365,299,57,62.19,297.67,0.8192,Best Fit
6,2648,9,3661,406.78,10.6,1.3826,467,427,393,16.4,441.33,0.9143,Best Fit
3,2344,7,1120,160.0,152.05,0.4778,992,374,27,165.39,781.33,0.377,Worst Fit
5,1584,10,1996,199.6,85.3,1.2601,479,299,51,107.3,316.8,0.6242,Best Fit
7,3029,4,1553,388.25,6.38,0.5127,456,397,380,17.1,432.71,0.8706,First Fit
5,3721,8,1457,182.12,135.02,0.3916,979,377,30,183.64,744.2,0.3851,Worst Fit
6,2360,8,1127,140.88,73.36,0.4775,629,300,60,154.27,393.33,0.4769,First Fit
8,1388,7,1028,146.86,9.46,0.7406,207,157,128,24.92,173.5,0.7585,Best Fit
6,4756,7,1210,172.86,141.74,0.2544,970,385,28,121.2,792.67,0.3969,Worst Fit
3,850,8,1399,174.88,82.18,1.6459,402,278,55,90.96,283.33,0.6915,Best Fit
7,1972,4,1028,257.0,10.7,0.5213,314,267,239,21.62,281.71,0.8503,First Fit
5,3646,10,1779,177.9,138.38,0.4879,905,369,27,177.84,729.2,0.4077,Worst Fit
3,1362,11,1818,165.27,84.49,1.3348,648,300,63,139.49,454.0,0.463,Best Fit
6,2208,7,2439,348.43,11.12,1.1046,393,360,326,19.56,368.0,0.916,First Fit
4,2863,9,1669,185.44,155.75,0.583,969,382,29,191.13,715.75,0.3942,First Fit
8,4089,10,1513,151.3,74.63,0.37,612,293,74,93.36,511.12,0.4788,First Fit
6,1644,9,2153,239.22,5.51,1.3096,308,249,232,20.13,274.0,0.8084,Best Fit
7,4657,6,1076,179.33,128.04,0.2311,985,333,44,203.66,665.29,0.3381,Worst Fit
4,1638,4,608,152.0,61.36,0.3712,590,247,85,153.01,409.5,0.4186,First Fit
8,1547,6,961,160.17,8.11,0.6212,224,170,147,19.17,193.38,0.7589,First Fit
8,5315,4,697,174.25,136.64,0.1311,947,321,28,154.29,664.38,0.339,Worst Fit
7,2618,4,945,236.25,48.31,0.361,624,298,181,143.23,374.0,0.4776,First Fit
7,2623,8,2699,337.38,10.02,1.029,393,353,322,22.51,374.71,0.8982,First Fit
3,2544,11,1843,167.55,130.63,0.7244,872,360,34,28.47,848.0,0.4128,Best Fit
7,1885,8,1431,178.88,79.94,0.7592,475,272,65,119.19,269.29,0.5726,Best Fit
4,1563,11,4047,367.91,9.09,2.5893,413,390,356,18.25,390.75,0.9443,Best Fit
7,5015,8,1675,209.38,151.26,0.334,978,375,48,221.76,716.43,0.3834,Worst Fit
6,2431,10,1760,176.0,81.12,0.724,589,300,74,139.11,405.17,0.5093,First Fit
6,1859,10,2751,275.1,10.85,1.4798,329,291,258,24.6,309.83,0.8845,Best Fit
8,5769,10,1967,196.7,159.36,0.341,987,399,36,183.6,721.12,0.4043,Worst Fit
8,2784,11,1814,164.91,88.7,0.6516,577,296,58,142.09,348.0,0.513,First Fit
3,682,6,1209,201.5,7.07,1.7727,262,213,191,26.71,227.33,0.813,Best Fit
8,5010,11,1675,152.27,128.52,0.3343,938,358,25,162.91,626.25,0.3817,Worst Fit
5,1639,6,805,134.17,44.73,0.4912,593,183,58,144.44,327.8,0.3086,First Fit
7,2870,8,2942,367.75,10.16,1.0251,441,388,356,21.21,410.0,0.8798,Best Fit
3,1871,5,761,152.2,141.57,0.4067,682,383,33,68.84,623.67,0.5616,Worst Fit
8,2757,6,982,163.67,49.79,0.3562,624,268,111,142.38,344.62,0.4295,First Fit
6,2521,5,2003,400.6,11.22,0.7945,458,417,387,19.97,420.17,0.9105,First Fit
4,2423,8,1468,183.5,136.63,0.6059,931,353,38,198.53,605.75,0.3792,First Fit
4,1768,9,1676,186.22,68.09,0.948,509,293,103,65.26,442.0,0.5756,Best Fit
3,1000,8,2521,315.12,10.06,2.521,344,333,305,13.7,333.33,0.968,Best Fit
4,2249,7,1205,172.14,134.11,0.5358,677,398,39,81.05,562.25,0.5879,Worst Fit
3,1223,12,2364,197.0,59.27,1.933,608,294,78,175.31,407.67,0.4836,Best Fit
5,2140,12,4760,396.67,8.29,2.2243,458,409,384,23.08,428.0,0.893,Best Fit
3,1845,9,1569,174.33,145.95,0.8504,876,397,26,185.92,615.0,0.4532,Best Fit
3,983,11,1740,158.18,63.86,1.7701,513,276,67,136.79,327.67,0.538,Best Fit
4,1854,12,4872,406.0,10.48,2.6278,474,421,389,6.22,463.5,0.8882,Best Fit
4,2997,12,2226,185.5,127.5,0.7427,940,359,41,116.31,749.25,0.3819,Best Fit
7,2273,11,1998,181.64,64.94,0.879,540,285,86,104.99,324.71,0.5278,First Fit
6,1608,7,1745,249.29,10.29,1.0852,309,263,230,19.75,268.0,0.8511,First Fit
7,5151,7,1279,182.71,158.63,0.2483,910,397,28,133.71,735.86,0.4363,Worst Fit
3,1137,12,1952,162.67,77.18,1.7168,530,262,52,111.3,379.0,0.4943,Worst Fit
3,758,10,2064,206.4,10.87,2.723,278,228,194,27.78,252.67,0.8201,Best Fit
3,1714,5,781,156.2,130.4,0.4557,684,341,39,93.96,571.33,0.4985,Worst Fit
7,3035,9,1726,191.78,54.88,0.5687,603,296,121,118.19,433.57,0.4909,First Fit
5,1800,5,1630,326.0,8.1,0.9056,386,339,316,27.46,360.0,0.8782,Best Fit
6,4057,12,2238,186.5,133.88,0.5516,897,384,27,126.69,676.17,0.4281,First Fit
5,2369,6,1157,192.83,70.62,0.4884,617,272,55,135.25,473.8,0.4408,First Fit
5,743,9,1147,127.44,10.57,1.5437,170,144,112,15.99,148.6,0.8471,Best Fit
4,3150,12,2123,176.92,126.81,0.674,877,356,31,68.43,787.5,0.4059,Best Fit
7,2411,5,1148,229.6,58.86,0.4762,544,295,141,123.94,344.43,0.5423,First Fit
3,1074,10,3622,362.2,8.63,3.3724,364,374,344,5.89,358.0,1.0275,Best Fit
6,4222,6,1128,188.0,142.36,0.2672,887,390,41,132.11,703.67,0.4397,Worst Fit
4,1227,12,2233,186.08,83.15,1.8199,510,294,51,119.21,306.75,0.5765,Best Fit
6,1288,10,1880,188.0,6.54,1.4596,249,197,174,18.5,214.67,0.7912,Best Fit
4,3089,11,1901,172.82,144.89,0.6154,934,380,27,182.6,772.25,0.4069,First Fit
5,2063,4,810,202.5,60.02,0.3926,534,269,105,117.53,412.6,0.5037,First Fit
5,1009,5,958,191.6,9.73,0.9495,220,201,178,11.46,201.8,0.9136,Best Fit
4,2614,7,1142,163.14,135.86,0.4369,791,384,27,125.05,653.5,0.4855,Worst Fit
6,2444,6,1259,209.83,78.47,0.5151,587,300,53,161.63,407.33,0.5111,First Fit
3,941,5,1359,271.8,4.35,1.4442,335,277,267,29.47,313.67,0.8269,Best Fit
6,4130,11,1889,171.73,150.9,0.4574,942,383,35,181.72,688.33,0.4066,Worst Fit
5,2310,9,1938,215.33,52.99,0.839,571,277,116,116.41,462.0,0.4851,Best Fit
6,1385,10,2006,200.6,9.43,1.4484,264,217,186,24.09,230.83,0.822,Best Fit
6,3900,10,1975,197.5,151.09,0.5064,962,398,45,168.23,650.0,0.4137,Worst Fit
5,2373,5,1008,201.6,58.71,0.4248,615,287,114,70.59,474.6,0.4667,First Fit
5,913,4,537,134.25,7.19,0.5882,205,145,125,15.27,182.6,0.7073,First Fit
4,3020,6,1148,191.33,147.8,0.3801,975,398,28,233.96,755.0,0.4082,Worst Fit
6,2226,4,464,116.0,51.05,0.2084,607,202,69,150.08,371.0,0.3328,First Fit
6,2009,11,3458,314.36,9.99,1.7213,384,329,297,23.45,334.83,0.8568,Best Fit
5,3779,8,1460,182.5,142.2,0.3863,938,388,32,145.07,755.8,0.4136,Worst Fit
3,1441,6,1030,171.67,86.88,0.7148,601,284,57,128.7,480.33,0.4725,Best Fit
5,901,8,1246,155.75,7.96,1.3829,220,166,142,26.87,180.2,0.7545,Best Fit
5,2928,6,1292,215.33,151.28,0.4413,859,395,60,142.88,585.6,0.4598,Worst Fit
8,3621,7,1239,177.0,80.55,0.3422,626,277,52,135.63,452.62,0.4425,Worst Fit
6,1013,4,538,134.5,11.67,0.5311,195,148,121,21.5,168.83,0.759,First Fit
7,5373,11,1891,171.91,141.82,0.3519,980,357,32,162.46,767.57,0.3643,Worst Fit
6,3021,4,580,145.0,70.22,0.192,634,259,80,130.55,503.5,0.4085,First Fit
8,3196,9,3261,362.33,11.59,1.0203,433,378,346,19.47,399.5,0.873,Best Fit
8,5867,9,1544,171.56,136.21,0.2632,991,342,27,196.7,733.38,0.3451,Worst Fit
6,3094,9,1659,184.33,58.84,0.5362,630,256,101,118.08,515.67,0.4063,First Fit
7,2568,11,3377,307.0,9.52,1.315,383,328,295,16.04,366.86,0.8564,Best Fit
5,3792,12,2194,182.83,132.52,0.5786,891,389,31,143.73,758.4,0.4366,First Fit
3,1443,9,1255,139.44,52.97,0.8697,586,209,58,81.61,481.0,0.3567,Best Fit
5,1707,12,3762,313.5,10.07,2.2039,372,324,294,15.89,341.4,0.871,Best Fit
3,2313,4,692,173.0,120.02,0.2992,876,314,52,101.35,771.0,0.3584,Worst Fit
6,1983,5,1070,214.0,75.19,0.5396,446,297,74,103.48,330.5,0.6659,First Fit
6,2038,4,1252,313.0,7.97,0.6143,357,322,301,13.7,339.67,0.902,First Fit
8,6096,12,2318,193.17,143.33,0.3802,958,397,38,161.21,762.0,0.4144,Worst Fit
4,1197,11,1557,141.55,56.0,1.3008,424,236,59,105.22,299.25,0.5566,Best Fit
7,3203,11,4579,416.27,7.77,1.4296,481,433,405,20.05,457.57,0.9002,Best Fit
5,2796,9,1699,188.78,155.65,0.6077,821,396,30,141.24,559.2,0.4823,First Fit
5,1820,9,1408,156.44,61.06,0.7736,512,260,56,77.72,364.0,0.5078,Best Fit
4,1017,9,2064,229.33,8.86,2.0295,287,241,217,27.11,254.25,0.8397,Best Fit
6,3610,6,1044,174.0,139.8,0.2892,915,325,25,165.29,601.67,0.3552,Worst Fit
3,1112,11,1793,163.0,72.65,1.6124,455,273,57,63.16,370.67,0.6,Worst Fit
6,2474,9,3349,372.11,12.11,1.3537,445,393,358,26.95,412.33,0.8831,Best Fit
6,4181,12,2247,187.25,143.27,0.5374,968,375,28,202.25,696.83,0.3874,Worst Fit
5,2319,8,1773,221.62,72.27,0.7646,599,298,79,110.77,463.8,0.4975,First Fit
8,1451,6,845,140.83,8.43,0.5824,211,151,130,24.34,181.38,0.7156,First Fit
5,2813,6,1046,174.33,143.01,0.3718,716,319,29,133.42,562.6,0.4455,Worst Fit
3,1436,5,934,186.8,36.5,0.6504,632,223,123,112.55,478.67,0.3528,Best Fit
7,1354,9,1379,153.22,7.9,1.0185,217,167,139,20.22,193.43,0.7696,Best Fit
8,5896,7,1183,169.0,141.91,0.2006,872,390,36,98.12,737.0,0.4472,Worst Fit
3,972,5,1070,214.0,63.49,1.1008,580,285,138,181.49,324.0,0.4914,First Fit
6,1449,8,1675,209.38,7.76,1.156,259,218,195,18.01,241.5,0.8417,Best Fit
4,3359,8,1525,190.62,137.64,0.454,992,390,39,90.73,839.75,0.3931,Worst Fit
8,3964,9,1527,169.67,73.99,0.3852,637,285,61,76.91,495.5,0.4474,First Fit
8,2821,9,3014,334.89,10.14,1.0684,400,351,322,22.2,352.62,0.8775,Best Fit
8,5676,10,1729,172.9,136.72,0.3046,943,331,31,158.03,709.5,0.351,Worst Fit
6,2519,12,1836,153.0,74.34,0.7289,618,282,63,108.55,419.83,0.4563,Best Fit
5,1950,7,2597,371.0,9.56,1.3318,431,383,357,22.73,390.0,0.8886,Best Fit
8,5583,4,599,149.75,116.33,0.1073,925,272,33,157.3,697.88,0.2941,Worst Fit
6,2784,4,875,218.75,72.11,0.3143,643,296,133,196.17,464.0,0.4603,First Fit
3,1237,10,3952,395.2,7.85,3.1948,424,405,380,8.34,412.33,0.9552,Best Fit
7,5122,12,2371,197.58,150.55,0.4629,913,400,37,141.6,731.71,0.4381,Worst Fit
8,2410,7,1122,160.29,69.22,0.4656,527,287,58,109.78,301.25,0.5446,First Fit
8,3563,7,2886,412.29,11.82,0.81,479,428,398,24.41,445.38,0.8935,Best Fit
4,2662,4,660,165.0,111.26,0.2479,904,289,36,144.51,665.5,0.3197,Worst Fit
8,3728,12,2241,186.75,74.61,0.6011,615,295,50,106.72,466.0,0.4797,First Fit
5,1352,10,2506,250.6,9.99,1.8536,301,266,237,21.67,270.4,0.8837,Best Fit
8,5642,8,1388,173.5,129.34,0.246,932,350,32,188.49,705.25,0.3755,Worst Fit
3,952,6,1045,174.17,79.65,1.0977,586,282,51,191.88,317.33,0.4812,Best Fit
4,1006,6,1268,211.33,9.69,1.2604,277,224,194,26.2,251.5,0.8087,Best Fit
5,2565,8,1432,179.0,126.79,0.5583,648,334,36,80.92,513.0,0.5154,First Fit
8,3361,9,1431,159.0,64.04,0.4258,626,248,82,137.97,420.12,0.3962,First Fit
5,1896,8,2777,347.12,10.69,1.4647,408,367,336,17.63,379.2,0.8995,Best Fit
4,2877,11,1921,174.64,144.64,0.6677,887,378,32,128.48,719.25,0.4262,Best Fit
4,1211,4,572,143.0,37.64,0.4723,613,188,90,180.32,302.75,0.3067,First Fit
8,1859,6,1116,186.0,10.1,0.6003,258,207,174,25.67,232.38,0.8023,First Fit
4,2662,7,1258,179.71,156.84,0.4726,993,387,28,191.54,665.5,0.3897,Worst Fit
7,2856,9,2039,226.56,39.45,0.7139,645,283,180,158.07,408.0,0.4388,First Fit
6,1218,9,1548,172.0,7.6,1.2709,245,184,160,27.6,203.0,0.751,Best Fit
5,3524,12,2130,177.5,140.37,0.6044,769,400,31,54.62,704.8,0.5202,First Fit
5,2424,12,2115,176.25,69.98,0.8725,571,267,50,74.19,484.8,0.4676,First Fit
6,1205,12,2101,175.08,7.8,1.7436,235,188,159,25.48,200.83,0.8,Best Fit
5,3200,7,1082,154.57,145.41,0.3381,860,380,25,151.65,640.0,0.4419,Worst Fit
6,2284,11,1997,181.55,60.23,0.8743,633,287,70,146.77,380.67,0.4534,First Fit
4,948,10,2136,213.6,7.27,2.2532,261,226,205,23.82,237.0,0.8659,Best Fit
3,2125,11,1862,169.27,137.97,0.8762,885,377,26,153.38,708.33,0.426,First Fit
6,2778,10,2034,203.4,64.89,0.7322,616,297,78,130.69,463.0,0.4821,Best Fit
3,1082,11,3684,334.91,10.03,3.4048,392,351,321,23.1,360.67,0.8954,Best Fit
3,2327,9,1722,191.33,156.94,0.74,848,375,26,51.86,775.67,0.4422,Best Fit
8,3788,7,1423,203.29,61.38,0.3757,628,290,126,171.41,473.5,0.4618,First Fit
7,1885,12,2908,242.33,10.42,1.5427,312,259,224,26.57,269.29,0.8301,Best Fit
8,6375,5,766,153.2,132.38,0.1202,995,330,35,160.38,796.88,0.3317,Worst Fit
5,2005,4,741,185.25,81.78,0.3696,635,288,63,162.46,401.0,0.4535,Worst Fit
8,3256,8,2932,366.5,12.24,0.9005,434,387,352,26.92,407.0,0.8917,First Fit
7,4965,4,805,201.25,139.67,0.1621,837,371,57,91.14,709.29,0.4432,Worst Fit
7,2647,10,1410,141.0,75.94,0.5327,639,275,53,171.61,378.14,0.4304,First Fit
4,693,5,711,142.2,13.93,1.026,208,156,123,24.4,173.25,0.75,Best Fit
8,4805,12,2232,186.0,135.83,0.4645,820,383,36,113.18,600.62,0.4671,Worst Fit
6,2799,6,1161,193.5,62.14,0.4148,631,265,105,158.1,466.5,0.42,First Fit
5,2229,12,4979,414.92,8.24,2.2337,473,427,398,16.02,445.8,0.9027,Best Fit
6,4664,8,1602,200.25,153.99,0.3435,890,396,27,140.24,777.33,0.4449,Worst Fit
8,3504,7,1300,185.71,79.8,0.371,622,287,51,136.36,438.0,0.4614,First Fit
3,1071,6,1917,319.5,8.12,1.7899,383,329,309,18.4,357.0,0.859,Best Fit
7,5206,5,701,140.2,108.32,0.1347,987,290,36,195.8,743.71,0.2938,Worst Fit
6,3286,5,682,136.4,84.18,0.2075,615,297,52,49.78,547.67,0.4829,Worst Fit
8,3618,8,3442,430.25,9.87,0.9514,496,443,411,24.59,452.25,0.8931,First Fit
4,2648,9,1670,185.56,155.47,0.6307,857,397,35,154.24,662.0,0.4632,First Fit
3,1205,10,2038,203.8,81.44,1.6913,578,295,56,128.79,401.67,0.5104,First Fit
5,1159,7,1324,189.14,9.31,1.1424,259,203,175,20.11,231.8,0.7838,Best Fit
6,3336,11,1969,179.0,147.62,0.5902,710,376,37,82.17,556.0,0.5296,First Fit
6,2370,8,1323,165.38,59.77,0.5582,645,240,65,165.78,395.0,0.3721,First Fit
7,1673,11,2346,213.27,11.23,1.4023,276,234,200,24.69,239.0,0.8478,Best Fit
3,1542,7,1058,151.14,125.48,0.6861,556,318,26,47.88,514.0,0.5719,Best Fit
7,3280,9,1449,161.0,86.03,0.4418,605,288,56,142.28,468.57,0.476,Worst Fit
3,1092,11,3535,321.36,8.05,3.2372,380,338,306,21.92,364.0,0.8895,Best Fit
8,5480,7,1361,194.43,159.13,0.2484,801,396,46,118.99,685.0,0.4944,Worst Fit
5,2055,11,1562,142.0,68.1,0.7601,563,267,61,118.74,411.0,0.4742,First Fit
3,1225,11,4216,383.27,9.93,3.4416,434,398,369,18.52,408.33,0.9171,Best Fit
3,2177,10,1824,182.4,138.13,0.8379,830,396,32,144.73,725.67,0.4771,First Fit
3,1200,4,456,114.0,59.95,0.38,639,211,59,172.52,400.0,0.3302,First Fit
4,660,10,1388,138.8,9.63,2.103,200,155,124,22.88,165.0,0.775,Best Fit
4,2806,12,2201,183.42,141.25,0.7844,906,368,33,182.85,701.5,0.4062,Best Fit
7,3113,8,1282,160.25,70.77,0.4118,539,246,51,95.14,444.71,0.4564,First Fit
7,1237,10,1395,139.5,7.83,1.1277,213,155,125,28.48,176.71,0.7277,Best Fit
5,3478,5,740,148.0,109.81,0.2128,796,298,44,80.79,695.6,0.3744,Worst Fit
6,2741,5,885,177.0,54.58,0.3229,646,249,114,132.89,456.83,0.3854,First Fit
7,2176,10,2793,279.3,12.78,1.2835,335,294,259,21.05,310.86,0.8776,Best Fit
8,6197,9,1623,180.33,141.28,0.2619,975,383,44,181.45,774.62,0.3928,Worst Fit
3,1256,7,982,140.29,58.05,0.7818,629,244,72,148.73,418.67,0.3879,Best Fit
7,2053,5,1287,257.4,11.36,0.6269,329,276,245,19.43,293.29,0.8389,First Fit
4,3154,8,1542,192.75,147.39,0.4889,1000,389,39,206.26,788.5,0.389,Worst Fit
7,2837,10,1717,171.7,79.42,0.6052,647,275,62,165.38,405.29,0.425,First Fit
6,2498,8,3179,397.38,11.08,1.2726,453,412,381,19.25,416.33,0.9095,Best Fit
3,1981,4,656,164.0,112.59,0.3311,880,297,38,155.45,660.33,0.3375,Worst Fit
4,1603,4,513,128.25,80.81,0.32,588,266,66,148.33,400.75,0.4524,Worst Fit
3,1030,5,1604,320.8,10.76,1.5573,360,333,306,11.79,343.33,0.925,Best Fit
5,3316,8,1487,185.88,149.52,0.4484,898,379,31,136.55,663.2,0.422,Worst Fit
3,1135,8,1227,153.38,70.43,1.0811,574,293,55,144.85,378.33,0.5105,Best Fit
7,1770,11,2536,230.55,11.24,1.4328,291,247,216,17.61,252.86,0.8488,Best Fit
7,4721,8,1502,187.75,139.26,0.3182,973,386,47,144.07,674.43,0.3967,Worst Fit
8,3064,6,927,154.5,51.5,0.3025,539,224,90,106.75,383.0,0.4156,First Fit
5,1577,11,3282,298.36,7.84,2.0812,357,310,285,21.87,315.4,0.8683,Best Fit
5,3285,4,836,209.0,172.89,0.2545,857,394,26,161.46,657.0,0.4597,Worst Fit
8,2379,9,1466,162.89,84.25,0.6162,526,299,56,130.25,297.38,0.5684,First Fit
5,1200,8,1491,186.38,12.71,1.2425,253,203,169,13.02,240.0,0.8024,Best Fit
7,4664,10,1902,190.2,152.3,0.4078,964,400,29,168.92,666.29,0.4149,Worst Fit
5,2087,11,2145,195.0,68.01,1.0278,518,297,88,75.84,417.4,0.5734,First Fit
3,1103,6,2157,359.5,8.83,1.9556,379,373,345,9.84,367.67,0.9842,Best Fit
7,5330,5,772,154.4,123.44,0.1448,958,309,39,150.26,761.43,0.3225,Worst Fit
3,1261,10,2032,203.2,50.27,1.6114,466,293,128,36.75,420.33,0.6288,Best Fit
6,2157,6,1941,323.5,9.29,0.8999,389,339,310,23.39,359.5,0.8715,Best Fit
3,1738,8,1521,190.12,150.3,0.8751,706,396,32,89.8,579.33,0.5609,First Fit
6,2876,7,1135,162.14,72.45,0.3946,539,293,86,41.54,479.33,0.5436,First Fit
8,2084,6,1318,219.67,12.23,0.6324,277,230,198,11.79,260.5,0.8303,First Fit
7,5513,11,1927,175.18,142.68,0.3495,948,396,25,169.48,787.57,0.4177,Worst Fit
7,3265,9,1501,166.78,71.73,0.4597,632,266,55,127.57,466.43,0.4209,First Fit
8,2149,4,932,233.0,6.75,0.4337,298,242,226,20.88,268.62,0.8121,First Fit
3,2473,12,2115,176.25,126.76,0.8552,896,343,28,90.95,824.33,0.3828,Best Fit
7,3072,10,2187,218.7,64.76,0.7119,612,293,89,144.48,438.86,0.4788,First Fit
4,642,8,1044,130.5,7.0,1.6262,198,143,122,26.25,160.5,0.7222,Best Fit
8,5949,6,1203,200.5,151.73,0.2022,975,366,37,218.41,743.62,0.3754,Worst Fit
3,1256,6,1048,174.67,78.73,0.8344,538,291,88,158.27,418.67,0.5409,First Fit
8,2484,5,1351,270.2,6.91,0.5439,340,280,259,18.57,310.5,0.8235,First Fit
3,2385,8,1487,185.88,130.21,0.6235,964,365,48,142.69,795.0,0.3786,First Fit
4,1937,6,1145,190.83,62.38,0.5911,580,284,99,73.68,484.25,0.4897,First Fit
5,1791,12,3849,320.75,11.06,2.1491,393,337,307,20.92,358.2,0.8575,Best Fit
4,2163,7,1111,158.71,117.94,0.5136,659,309,33,111.44,540.75,0.4689,Worst Fit
4,1846,9,1281,142.33,55.68,0.6939,576,253,71,120.9,461.5,0.4392,Best Fit
4,902,7,1307,186.71,8.36,1.449,262,201,175,32.08,225.5,0.7672,Best Fit
4,2757,9,1589,176.56,136.36,0.5764,787,357,52,79.31,689.25,0.4536,First Fit
7,3479,8,1474,184.25,75.42,0.4237,647,297,77,118.11,497.0,0.459,First Fit
6,2138,6,1943,323.83,10.43,0.9088,387,334,304,24.3,356.33,0.863,Best Fit
7,5115,6,956,159.33,123.25,0.1869,791,332,33,46.83,730.71,0.4197,Worst Fit
7,3161,11,1566,142.36,60.41,0.4954,646,292,73,175.56,451.57,0.452,First Fit
7,2153,7,2046,292.29,7.74,0.9503,351,299,276,24.86,307.57,0.8519,Best Fit
7,5213,5,731,146.2,128.98,0.1402,989,341,35,175.29,744.71,0.3448,Worst Fit
5,1887,8,1580,197.5,81.78,0.8373,618,294,70,185.28,377.4,0.4757,Best Fit
4,916,12,2508,209.0,11.22,2.738,272,222,191,26.25,229.0,0.8162,Best Fit
6,5265,9,1528,169.78,145.53,0.2902,930,374,27,37.42,877.5,0.4022,Worst Fit
3,1165,9,1861,206.78,73.07,1.5974,520,298,79,151.58,388.33,0.5731,First Fit
5,1619,9,2666,296.22,9.48,1.6467,358,308,281,19.63,323.8,0.8603,Best Fit
5,3401,4,683,170.75,124.63,0.2008,915,325,30,155.49,680.2,0.3552,Worst Fit
4,1323,6,1056,176.0,72.76,0.7982,564,285,85,142.61,330.75,0.5053,Best Fit
4,820,8,1593,199.12,6.77,1.9427,225,211,190,15.02,205.0,0.9378,First Fit
5,3428,8,1507,188.38,142.17,0.4396,931,352,30,168.52,685.6,0.3781,Worst Fit
5,2649,4,609,152.25,44.01,0.2299,611,204,87,137.68,529.8,0.3339,First Fit
4,1091,12,3271,272.58,9.92,2.9982,281,284,256,8.04,272.75,1.0107,Best Fit
5,3734,4,713,178.25,135.19,0.1909,972,326,26,187.47,746.8,0.3354,Worst Fit
6,2365,11,2204,200.36,78.89,0.9319,604,298,54,161.16,394.17,0.4934,First Fit
4,751,10,1710,171.0,10.57,2.277,216,188,154,20.94,187.75,0.8704,Best Fit
3,1934,5,801,160.2,137.86,0.4142,790,340,32,164.94,644.67,0.4304,Worst Fit
4,1894,4,589,147.25,71.31,0.311,590,233,52,114.17,473.5,0.3949,First Fit
5,957,12,2077,173.08,9.05,2.1703,211,199,165,10.89,191.4,0.9431,Best Fit
8,5897,12,2231,185.92,147.24,0.3783,969,376,28,167.57,737.12,0.388,Worst Fit
4,1624,12,2423,201.92,50.1,1.492,582,275,133,143.48,406.0,0.4725,Worst Fit
7,1445,4,652,163.0,9.0,0.4512,232,172,154,18.11,206.43,0.7414,First Fit
3,1987,8,1552,194.0,145.77,0.7811,890,400,34,171.81,662.33,0.4494,Best Fit
5,2066,9,1504,167.11,78.11,0.728,560,298,67,87.57,413.2,0.5321,Best Fit
7,2224,5,1435,287.0,10.53,0.6452,342,298,269,22.71,317.71,0.8713,First Fit
3,1546,9,1602,178.0,138.5,1.0362,650,382,37,95.35,515.33,0.5877,Best Fit
3,1504,6,1314,219.0,65.41,0.8737,643,295,100,120.72,501.33,0.4588,First Fit
5,2109,8,3050,381.25,12.57,1.4462,452,400,370,20.24,421.8,0.885,Best Fit
3,1927,12,2420,201.67,154.3,1.2558,927,390,29,202.68,642.33,0.4207,Best Fit
7,2564,10,1728,172.8,68.12,0.6739,539,244,64,123.54,366.29,0.4527,Best Fit
5,1333,5,1275,255.0,8.6,0.9565,285,262,239,13.66,266.6,0.9193,First Fit
7,4731,6,1249,208.17,145.08,0.264,925,391,64,135.49,675.86,0.4227,Worst Fit
5,2357,11,1623,147.55,74.36,0.6886,604,281,55,110.9,471.4,0.4652,Best Fit
4,957,7,1280,182.86,5.38,1.3375,249,191,175,8.32,239.25,0.7671,Best Fit
8,5592,8,1485,185.62,143.61,0.2656,983,345,29,226.59,699.0,0.351,Worst Fit
7,3376,5,1135,227.0,38.07,0.3362,629,280,173,120.33,482.29,0.4452,First Fit
8,1785,10,1932,193.2,13.11,1.0824,265,211,176,22.62,223.12,0.7962,Best Fit
6,4251,8,1433,179.12,139.5,0.3371,874,380,34,133.72,708.5,0.4348,Worst Fit
4,1377,11,2401,218.27,63.81,1.7436,562,300,97,144.29,344.25,0.5338,Best Fit
6,1497,10,2351,235.1,12.86,1.5705,271,252,218,13.91,249.5,0.9299,Best Fit
8,4762,5,893,178.6,160.93,0.1875,907,395,28,188.53,595.25,0.4355,Worst Fit
3,942,4,916,229.0,71.71,0.9724,349,298,111,32.34,314.0,0.8539,Best Fit
8,1451,10,1417,141.7,11.98,0.9766,204,159,127,17.21,181.38,0.7794,Best Fit
5,4030,6,1037,172.83,120.3,0.2573,996,308,42,135.34,806.0,0.3092,Worst Fit
5,1863,9,1765,196.11,71.69,0.9474,590,277,58,138.9,372.6,0.4695,First Fit
7,3111,12,4917,409.75,8.78,1.5805,480,425,398,23.81,444.43,0.8854,Best Fit
4,3143,5,827,165.4,138.05,0.2631,921,363,33,109.01,785.75,0.3941,Worst Fit
5,1558,6,848,141.33,72.24,0.5443,607,239,61,172.85,311.6,0.3937,First Fit
5,1053,7,1216,173.71,12.16,1.1548,232,193,162,22.14,210.6,0.8319,Best Fit
6,4660,11,1881,171.0,143.53,0.4036,948,392,27,119.51,776.67,0.4135,Worst Fit
4,1742,7,1453,207.57,43.33,0.8341,625,289,142,180.56,435.5,0.4624,Best Fit
6,1033,6,847,141.17,10.45,0.8199,206,152,123,23.03,172.17,0.7379,First Fit
5,3703,11,1791,162.82,121.5,0.4837,886,342,36,127.05,740.6,0.386,Worst Fit
3,1469,5,514,102.8,39.08,0.3499,630,151,52,127.22,489.67,0.2397,First Fit
5,1880,8,2721,340.12,11.41,1.4473,399,357,324,18.48,376.0,0.8947,Best Fit
5,4245,8,1398,174.75,140.73,0.3293,985,373,25,83.73,849.0,0.3787,Worst Fit
7,3189,9,1401,155.67,78.94,0.4393,594,267,59,71.14,455.57,0.4495,First Fit
5,2279,11,4704,427.64,11.83,2.0641,489,442,409,21.65,455.8,0.9039,Best Fit
8,5720,12,2449,204.08,148.24,0.4281,882,396,38,105.47,715.0,0.449,Worst Fit
8,3100,10,1977,197.7,73.82,0.6377,590,284,65,140.7,387.5,0.4814,First Fit
7,2630,4,1396,349.0,3.32,0.5308,403,352,344,14.83,375.71,0.8734,First Fit
7,5169,11,1986,180.55,139.31,0.3842,942,390,36,193.38,738.43,0.414,Worst Fit
8,3527,11,1900,172.73,69.03,0.5387,599,276,72,119.54,440.88,0.4608,First Fit
3,1044,11,3427,311.55,7.73,3.2826,369,320,294,17.57,348.0,0.8672,Best Fit
4,2967,6,1149,191.5,145.49,0.3873,997,395,33,210.01,741.75,0.3962,Worst Fit
7,3032,4,720,180.0,99.54,0.2375,557,295,52,119.4,433.14,0.5296,Worst Fit
7,2045,6,1473,245.5,9.46,0.7203,324,260,236,19.25,292.14,0.8025,Best Fit
3,2663,9,1702,189.11,149.77,0.6391,945,400,50,75.5,887.67,0.4233,First Fit
7,2145,12,1989,165.75,70.91,0.9273,440,249,70,58.39,306.43,0.5659,First Fit
8,3310,4,1564,391.0,4.95,0.4725,432,399,386,10.4,413.75,0.9236,First Fit
7,5619,5,769,153.8,148.23,0.1369,998,387,29,193.74,802.71,0.3878,Worst Fit
3,1312,12,2120,176.67,70.55,1.6159,569,296,65,107.37,437.33,0.5202,Best Fit
3,962,9,2607,289.67,10.81,2.71,334,306,271,17.46,320.67,0.9162,Best Fit
3,2370,12,2191,182.58,130.45,0.9245,982,356,32,146.99,790.0,0.3625,First Fit
4,1648,5,929,185.8,67.85,0.5637,616,292,107,145.06,412.0,0.474,First Fit
7,2989,11,4424,402.18,11.92,1.4801,472,421,387,22.59,427.0,0.8919,Best Fit
8,5235,8,1682,210.25,157.99,0.3213,890,390,44,161.08,654.38,0.4382,Worst Fit
6,2868,12,2037,169.75,71.89,0.7103,625,291,60,121.37,478.0,0.4656,Best Fit
3,477,10,1369,136.9,11.5,2.87,175,155,122,18.55,159.0,0.8857,Best Fit
4,3101,9,1506,167.33,126.45,0.4856,980,374,49,211.23,775.25,0.3816,Worst Fit
8,3509,11,1940,176.36,87.65,0.5529,605,297,66,120.22,438.62,0.4909,First Fit
4,781,8,1294,161.75,12.51,1.6569,208,177,147,8.95,195.25,0.851,Best Fit
8,5789,4,844,211.0,152.37,0.1458,965,383,49,206.95,723.62,0.3969,Worst Fit
8,2624,5,940,188.0,90.95,0.3582,643,299,71,149.37,328.0,0.465,Worst Fit
3,1388,4,1690,422.5,7.66,1.2176,475,432,414,12.81,462.67,0.9095,Best Fit
8,6068,11,2019,183.55,148.29,0.3327,989,395,25,155.37,758.5,0.3994,Worst Fit
5,2071,7,1052,150.29,78.75,0.508,487,275,63,50.86,414.2,0.5647,First Fit
7,2725,8,2836,354.5,8.92,1.0407,421,366,337,23.99,389.29,0.8694,Best Fit
5,3458,8,1554,194.25,153.03,0.4494,882,367,32,108.31,691.6,0.4161,Worst Fit
4,1835,7,948,135.43,71.75,0.5166,564,293,64,89.51,458.75,0.5195,First Fit
8,3167,12,4443,370.25,9.76,1.4029,420,387,358,15.73,395.88,0.9214,Best Fit
7,5708,5,875,175.0,167.38,0.1533,952,393,26,153.15,815.43,0.4128,Worst Fit
8,3178,9,1299,144.33,52.81,0.4087,537,234,61,125.99,397.25,0.4358,First Fit
8,2368,8,2150,268.75,9.63,0.9079,332,283,258,25.9,296.0,0.8524,Best Fit
3,2371,12,2283,190.25,145.1,0.9629,884,368,34,89.38,790.33,0.4163,First Fit
6,2385,9,1922,213.56,69.96,0.8059,632,296,63,149.37,397.5,0.4684,Best Fit
7,3250,5,2119,423.8,8.21,0.652,488,432,410,19.11,464.29,0.8852,Best Fit
3,2146,4,626,156.5,105.63,0.2917,999,264,44,203.29,715.33,0.2643,Worst Fit
8,3493,5,979,195.8,52.58,0.2803,602,277,137,150.04,436.62,0.4601,First Fit
7,2383,7,2109,301.29,9.75,0.885,364,316,289,18.97,340.43,0.8681,Best Fit
6,3788,7,1146,163.71,137.06,0.3025,897,360,36,146.99,631.33,0.4013,Worst Fit
7,2444,5,684,136.8,83.65,0.2799,554,296,52,128.64,349.14,0.5343,Worst Fit
5,1370,11,2492,226.55,9.5,1.819,299,247,214,21.82,274.0,0.8261,Best Fit
6,4725,10,1906,190.6,145.37,0.4034,947,383,29,117.07,787.5,0.4044,Worst Fit
4,1620,8,1219,152.38,55.07,0.7525,493,244,80,52.21,405.0,0.4949,Best Fit
3,610,4,645,161.25,5.72,1.0574,224,169,154,21.31,203.33,0.7545,Best Fit
8,4925,8,1484,185.5,141.02,0.3013,845,385,42,141.11,615.62,0.4556,Worst Fit
5,1902,10,1712,171.2,85.14,0.9001,539,292,52,172.49,380.4,0.5417,First Fit
7,3079,9,3746,416.22,11.01,1.2166,460,432,401,12.57,439.86,0.9391,Best Fit
3,2081,8,1381,172.62,132.26,0.6636,883,355,33,204.92,693.67,0.402,Best Fit
8,2796,10,1549,154.9,59.96,0.554,560,263,65,150.17,349.5,0.4696,First Fit
5,1603,6,1818,303.0,9.0,1.1341,339,321,292,11.46,320.6,0.9469,Best Fit
4,2782,12,2121,176.75,125.82,0.7624,976,335,31,199.09,695.5,0.3432,Best Fit
3,941,4,561,140.25,79.63,0.5962,476,269,53,122.25,313.67,0.5651,First Fit
5,1600,8,2339,292.38,9.01,1.4619,341,306,281,15.27,320.0,0.8974,Best Fit
8,5691,8,1557,194.62,149.9,0.2736,981,399,33,143.16,711.38,0.4067,Worst Fit
4,1838,12,1876,156.33,52.39,1.0207,524,276,77,49.85,459.5,0.5267,First Fit
8,2852,11,3612,328.36,8.32,1.2665,388,341,316,24.46,356.5,0.8789,Best Fit
3,2711,12,2343,195.25,150.04,0.8643,969,395,30,56.11,903.67,0.4076,Best Fit
7,2495,5,944,188.8,58.21,0.3784,593,279,96,157.7,356.43,0.4705,First Fit
3,1042,7,2276,325.14,9.61,2.1843,385,345,313,26.89,347.33,0.8961,Best Fit
7,5124,10,1873,187.3,139.6,0.3655,956,371,25,163.5,732.0,0.3881,Worst Fit
4,1742,4,700,175.0,72.18,0.4018,640,229,51,122.12,435.5,0.3578,First Fit
5,1948,12,4339,361.58,10.19,2.2274,414,384,351,15.98,389.6,0.9275,Best Fit
6,4538,11,1932,175.64,135.7,0.4257,990,395,27,144.85,756.33,0.399,Worst Fit
6,2262,7,1286,183.71,70.97,0.5685,536,262,50,130.21,377.0,0.4888,First Fit
6,1503,7,1598,228.29,7.91,1.0632,285,239,217,17.37,250.5,0.8386,Best Fit
3,2279,4,774,193.5,133.26,0.3396,793,329,49,25.53,759.67,0.4149,Worst Fit
6,2301,6,1079,179.83,79.82,0.4689,566,290,64,119.46,383.5,0.5124,First Fit
4,1767,6,2393,398.83,10.45,1.3543,467,410,386,15.42,441.75,0.8779,Best Fit
8,4609,11,2028,184.36,143.01,0.44,902,392,33,148.35,576.12,0.4346,Worst Fit
6,1993,8,1435,179.38,68.3,0.72,498,258,69,88.27,332.17,0.5181,First Fit
8,2247,7,1735,247.86,11.46,0.7721,311,265,231,18.41,280.88,0.8521,Best Fit
5,3937,8,1654,206.75,157.07,0.4201,970,389,26,196.07,787.4,0.401,Worst Fit
8,3237,11,1901,172.82,74.19,0.5873,597,286,71,120.17,404.62,0.4791,First Fit
6,2541,9,3675,408.33,11.89,1.4463,464,426,391,20.39,423.5,0.9181,Best Fit
8,4319,5,677,135.4,123.46,0.1567,703,302,29,106.73,539.88,0.4296,Worst Fit
4,1525,9,1770,196.67,63.5,1.1607,621,288,113,162.09,381.25,0.4638,First Fit
5,1957,6,2166,361.0,4.83,1.1068,407,368,353,16.52,391.4,0.9042,Best Fit
3,2024,11,2019,183.55,142.54,0.9975,927,367,38,178.63,674.67,0.3959,Best Fit
6,2033,6,1026,171.0,69.25,0.5047,485,281,71,104.06,338.83,0.5794,First Fit
6,1845,4,1114,278.5,8.62,0.6038,333,290,266,15.09,307.5,0.8709,First Fit
8,6611,8,1481,185.12,125.74,0.224,986,373,56,151.38,826.38,0.3783,Worst Fit
3,1027,10,1490,149.0,55.94,1.4508,454,228,54,86.92,342.33,0.5022,Worst Fit
3,589,8,1451,181.38,11.37,2.4635,203,195,164,6.24,196.33,0.9606,Best Fit
8,5494,4,783,195.75,164.3,0.1425,994,360,26,176.97,686.75,0.3622,Worst Fit
5,1677,7,1173,167.57,80.15,0.6995,522,293,75,104.59,335.4,0.5613,Best Fit
6,2609,6,2353,392.17,12.23,0.9019,456,409,378,15.66,434.83,0.8969,Best Fit
3,1925,5,840,168.0,151.91,0.4364,802,395,28,130.24,641.67,0.4925,Worst Fit
6,2112,11,2537,230.64,58.33,1.2012,492,296,79,121.22,352.0,0.6016,Best Fit
6,1525,12,2594,216.17,9.7,1.701,284,231,202,15.75,254.17,0.8134,Best Fit
4,3112,10,1767,176.7,131.07,0.5678,851,375,26,46.28,778.0,0.4407,First Fit
5,1989,10,1978,197.8,76.34,0.9945,544,299,88,127.55,397.8,0.5496,First Fit
6,2231,9,3028,336.44,11.01,1.3572,388,355,320,12.16,371.83,0.9149,Best Fit
4,3006,4,735,183.75,135.24,0.2445,889,353,51,190.38,751.5,0.3971,Worst Fit
3,1214,5,546,109.2,63.03,0.4498,521,233,56,125.14,404.67,0.4472,First Fit
5,2233,4,1667,416.75,13.95,0.7465,468,430,396,20.22,446.6,0.9188,Best Fit
5,3036,6,1086,181.0,146.81,0.3577,941,349,29,200.6,607.2,0.3709,Worst Fit
7,2178,4,779,194.75,54.63,0.3577,501,280,132,102.48,311.14,0.5589,First Fit
3,1090,5,1606,321.2,9.41,1.4734,394,335,312,25.75,363.33,0.8503,Best Fit
7,4947,11,2031,184.64,137.4,0.4106,983,367,55,202.97,706.71,0.3733,Worst Fit
5,2540,7,1099,157.0,80.6,0.4327,645,260,61,139.16,508.0,0.4031,Worst Fit
3,1025,4,1307,326.75,11.05,1.2751,365,342,311,17.0,341.67,0.937,First Fit
7,4562,8,1470,183.75,146.84,0.3222,993,390,26,202.61,651.71,0.3927,Worst Fit
4,1219,4,789,197.25,64.45,0.6473,621,279,126,182.98,304.75,0.4493,Best Fit
4,1475,8,2804,350.5,9.84,1.901,386,361,332,11.78,368.75,0.9352,Best Fit
6,4797,10,1805,180.5,135.46,0.3763,945,356,25,151.68,799.5,0.3767,Worst Fit
8,3494,10,1865,186.5,79.18,0.5338,619,282,58,157.01,436.75,0.4556,First Fit
4,1452,7,2304,329.14,5.38,1.5868,386,336,319,22.42,363.0,0.8705,Best Fit
5,2970,12,2203,183.58,130.94,0.7418,989,349,31,210.33,594.0,0.3529,First Fit
6,2001,8,1099,137.38,65.21,0.5492,562,263,51,147.42,333.5,0.468,First Fit
7,2472,10,3252,325.2,8.98,1.3155,388,337,312,24.3,353.14,0.8686,Best Fit
3,1839,7,1008,144.0,112.72,0.5481,908,281,30,215.14,613.0,0.3095,Worst Fit
3,808,9,1367,151.89,62.39,1.6918,320,258,65,44.83,269.33,0.8063,Worst Fit
7,2443,8,2582,322.75,9.3,1.0569,393,334,305,28.42,349.0,0.8499,First Fit
6,4393,10,1984,198.4,147.98,0.4516,991,387,27,187.31,732.17,0.3905,Worst Fit
6,2967,4,822,205.5,99.1,0.277,646,300,57,133.13,494.5,0.4644,Worst Fit
7,1870,4,951,237.75,4.32,0.5086,300,245,234,23.01,267.14,0.8167,First Fit
5,4079,6,1095,182.5,127.78,0.2684,984,328,52,140.6,815.8,0.3333,Worst Fit
7,3113,12,2493,207.75,60.97,0.8008,596,297,72,94.71,444.71,0.4983,First Fit
7,1244,11,1612,146.55,9.55,1.2958,207,158,129,20.0,177.71,0.7633,Best Fit
4,2844,5,742,148.4,116.31,0.2609,974,318,49,197.01,711.0,0.3265,Worst Fit
6,2620,8,1585,198.12,81.65,0.605,641,298,80,145.12,436.67,0.4649,First Fit
6,2162,9,3015,335.0,9.25,1.3945,384,350,324,19.54,360.33,0.9115,Best Fit
8,5871,5,762,152.4,130.79,0.1298,974,333,37,145.31,733.88,0.3419,Worst Fit
7,3131,8,970,121.25,34.83,0.3098,630,192,58,107.77,447.29,0.3048,First Fit
4,1117,7,1631,233.0,6.44,1.4602,303,244,224,23.42,279.25,0.8053,Best Fit
8,5031,9,1373,152.56,119.76,0.2729,920,306,29,178.81,628.88,0.3326,Worst Fit
5,2553,8,1323,165.38,65.97,0.5182,637,254,52,149.13,510.6,0.3987,First Fit
5,1849,9,2946,327.33,10.59,1.5933,404,346,315,25.83,369.8,0.8564,Best Fit
7,5023,12,2221,185.08,125.24,0.4422,863,365,53,135.3,717.57,0.4229,Worst Fit
5,1906,7,1445,206.43,64.11,0.7581,644,285,102,176.32,381.2,0.4425,First Fit
8,2654,9,2595,288.33,12.5,0.9778,356,303,270,20.17,331.75,0.8511,Best Fit
5,3485,6,1082,180.33,145.1,0.3105,934,348,29,180.23,697.0,0.3726,Worst Fit
4,1600,11,2035,185.0,55.07,1.2719,596,268,104,128.98,400.0,0.4497,Worst Fit
8,3285,9,3459,384.33,9.36,1.053,450,398,364,30.34,410.62,0.8844,First Fit
5,3426,7,1100,157.14,126.96,0.3211,835,355,35,105.81,685.2,0.4251,Worst Fit
3,904,5,970,194.0,60.78,1.073,377,247,83,60.47,301.33,0.6552,Best Fit
3,1163,7,2695,385.0,9.96,2.3173,401,398,372,9.43,387.67,0.9925,Best Fit
6,3349,6,1065,177.5,150.32,0.318,682,368,25,93.1,558.17,0.5396,Worst Fit
3,1452,12,2302,191.83,76.37,1.5854,603,289,62,153.0,484.0,0.4793,Best Fit
4,1069,10,2246,224.6,12.67,2.101,294,239,204,17.92,267.25,0.8129,Best Fit
4,2701,12,2213,184.42,132.99,0.8193,913,390,40,150.82,675.25,0.4272,First Fit
5,2099,10,2002,200.2,76.5,0.9538,540,289,58,140.65,419.8,0.5352,First Fit
6,2271,10,3557,355.7,9.4,1.5663,422,367,335,23.16,378.5,0.8697,Best Fit
3,2531,10,1894,189.4,141.27,0.7483,901,391,30,49.6,843.67,0.434,Best Fit
4,1347,5,690,138.0,80.77,0.5122,519,286,60,126.91,336.75,0.5511,Worst Fit
7,3067,12,4915,409.58,8.74,1.6025,477,421,396,26.38,438.14,0.8826,Best Fit
8,5760,11,2000,181.82,148.05,0.3472,978,398,28,198.51,720.0,0.407,Worst Fit
4,1397,9,1627,180.78,79.07,1.1646,470,295,63,96.34,349.25,0.6277,Best Fit
5,1118,5,1006,201.2,10.32,0.8998,250,219,188,14.73,223.6,0.876,Best Fit
6,4318,8,1602,200.25,149.34,0.371,986,394,36,189.5,719.67,0.3996,Worst Fit
8,2999,4,783,195.75,86.87,0.2611,571,290,73,134.07,374.88,0.5079,Worst Fit
6,1634,8,1964,245.5,9.67,1.202,307,262,229,23.24,272.33,0.8534,Best Fit
6,4374,9,1566,174.0,139.12,0.358,898,399,35,117.69,729.0,0.4443,Worst Fit
3,926,9,1654,183.78,71.74,1.7862,452,277,80,101.47,308.67,0.6128,Worst Fit
4,859,11,1849,168.09,6.97,2.1525,238,184,159,23.47,214.75,0.7731,Best Fit
5,3498,6,1126,187.67,137.02,0.3219,957,358,37,218.25,699.6,0.3741,Worst Fit
4,1777,4,725,181.25,55.64,0.408,596,256,112,154.39,444.25,0.4295,First Fit
7,3085,4,1654,413.5,7.83,0.5361,471,424,403,22.8,440.71,0.9002,First Fit
3,2232,6,1195,199.17,144.2,0.5354,988,373,33,231.48,744.0,0.3775,Worst Fit
6,2614,5,548,109.6,71.46,0.2096,624,237,51,153.73,435.67,0.3798,First Fit
5,1214,11,2082,189.27,10.51,1.715,269,213,179,15.55,242.8,0.7918,Best Fit
4,2544,8,1570,196.25,155.37,0.6171,733,394,28,124.2,636.0,0.5375,First Fit
3,1365,6,1012,168.67,51.21,0.7414,630,248,101,129.2,455.0,0.3937,First Fit
8,3323,6,2273,378.83,5.46,0.684,446,383,368,24.22,415.38,0.8587,Best Fit
3,1568,8,1605,200.62,154.22,1.0236,575,396,31,62.38,522.67,0.6887,Best Fit
5,2258,12,2725,227.08,56.43,1.2068,571,293,138,91.54,451.6,0.5131,First Fit
3,1231,7,2567,366.71,9.53,2.0853,414,378,354,3.86,410.33,0.913,Best Fit
8,6204,9,1664,184.89,146.94,0.2682,991,392,30,145.74,775.5,0.3956,Worst Fit
7,2919,6,852,142.0,72.26,0.2919,599,251,61,135.0,417.0,0.419,First Fit
8,1385,9,1388,154.22,12.22,1.0022,205,169,136,17.8,173.12,0.8244,Best Fit
6,3624,8,1497,187.12,142.72,0.4131,780,386,30,118.94,604.0,0.4949,Worst Fit
4,1627,10,1304,130.4,40.65,0.8015,496,210,86,88.46,406.75,0.4234,First Fit
7,2133,11,2970,270.0,9.77,1.3924,341,284,256,28.96,304.71,0.8328,Best Fit
8,4955,12,2219,184.92,135.1,0.4478,920,351,37,133.61,619.38,0.3815,Worst Fit
8,4061,5,872,174.4,69.51,0.2147,600,269,68,74.43,507.62,0.4483,First Fit
3,517,6,928,154.67,11.8,1.795,181,167,137,8.38,172.33,0.9227,Best Fit
8,4559,11,1856,168.73,132.93,0.4071,821,345,27,112.98,569.88,0.4202,Worst Fit
4,1149,5,707,141.4,39.99,0.6153,467,196,90,109.85,287.25,0.4197,First Fit
4,1610,4,1449,362.25,7.56,0.9,413,374,353,6.8,402.5,0.9056,Best Fit
5,3716,9,1633,181.44,146.47,0.4395,926,385,29,148.62,743.2,0.4158,Worst Fit
6,2254,12,1878,156.5,79.5,0.8332,453,299,50,79.31,375.67,0.66,First Fit
5,1530,8,2243,280.38,7.28,1.466,341,292,268,22.94,306.0,0.8563,Best Fit
7,4264,4,792,198.0,146.36,0.1857,860,392,50,142.16,609.14,0.4558,Worst Fit
3,1208,11,1504,136.73,54.31,1.245,433,232,68,22.1,402.67,0.5358,Worst Fit
7,1899,5,1208,241.6,11.88,0.6361,304,254,221,26.78,271.29,0.8355,First Fit
6,4495,12,2355,196.25,151.71,0.5239,979,393,32,145.2,749.17,0.4014,Worst Fit
8,2443,6,1120,186.67,83.52,0.4585,605,282,77,149.5,305.38,0.4661,Worst Fit
7,2238,4,1083,270.75,3.27,0.4839,354,276,268,27.9,319.71,0.7797,First Fit
4,2431,7,1220,174.29,145.54,0.5019,827,350,31,138.84,607.75,0.4232,Worst Fit
3,1238,6,855,142.5,48.27,0.6906,489,217,95,56.05,412.67,0.4438,Best Fit
7,2983,8,3146,393.25,7.77,1.0546,458,406,381,25.32,426.14,0.8865,First Fit
8,5215,7,1292,184.57,154.35,0.2477,990,383,28,178.16,651.88,0.3869,Worst Fit
5,1519,7,1414,202.0,69.48,0.9309,404,279,94,69.1,303.8,0.6906,Best Fit
4,996,6,1203,200.5,10.81,1.2078,255,213,184,5.48,249.0,0.8353,Best Fit
5,3639,10,1859,185.9,142.62,0.5109,894,393,35,162.28,727.8,0.4396,Worst Fit
7,3031,7,955,136.43,56.91,0.3151,634,243,57,160.7,433.0,0.3833,First Fit
4,1048,11,2750,250.0,11.36,2.624,284,267,233,16.57,262.0,0.9401,Best Fit
3,2246,5,881,176.2,149.46,0.3923,806,369,46,80.38,748.67,0.4578,Worst Fit
8,3003,8,1630,203.75,57.25,0.5428,552,300,136,115.35,375.38,0.5435,First Fit
3,1271,9,3646,405.11,9.5,2.8686,453,418,390,22.01,423.67,0.9227,Best Fit
4,3133,6,1199,199.83,147.65,0.3827,988,376,33,132.03,783.25,0.3806,Worst Fit
5,1867,5,587,117.4,52.61,0.3144,577,214,60,128.79,373.4,0.3709,First Fit
7,2259,10,3072,307.2,8.23,1.3599,364,319,294,20.06,322.71,0.8764,Best Fit
3,2206,5,920,184.0,163.4,0.417,935,385,41,141.45,735.33,0.4118,Worst Fit
8,2994,6,1249,208.17,39.88,0.4172,562,258,158,153.56,374.25,0.4591,First Fit
6,2233,6,1960,326.67,8.24,0.8777,400,339,313,21.74,372.17,0.8475,Best Fit
5,3594,4,800,200.0,152.74,0.2226,870,368,34,123.96,718.8,0.423,Worst Fit
8,3330,12,2617,218.08,74.31,0.7859,603,294,63,120.83,416.25,0.4876,Best Fit
3,962,8,2112,264.0,10.97,2.1954,335,280,248,12.76,320.67,0.8358,Best Fit
7,4959,8,1590,198.75,143.71,0.3206,959,397,48,164.48,708.43,0.414,Worst Fit
7,2986,12,1986,165.5,79.59,0.6651,649,296,71,111.24,426.57,0.4561,Best Fit
7,2595,8,2738,342.25,8.53,1.0551,410,355,331,22.03,370.71,0.8659,Best Fit
5,3828,9,1409,156.56,114.99,0.3681,971,310,41,195.31,765.6,0.3193,Worst Fit
5,1820,6,828,138.0,86.92,0.4549,558,295,50,119.08,364.0,0.5287,Worst Fit
4,1395,12,3830,319.17,9.57,2.7455,382,335,304,28.02,348.75,0.877,Best Fit
5,3247,4,814,203.5,169.7,0.2507,819,383,28,109.66,649.4,0.4676,Worst Fit
8,2780,6,867,144.5,54.17,0.3119,570,205,56,150.99,347.5,0.3596,First Fit
8,2503,5,1421,284.2,3.97,0.5677,345,289,277,16.46,312.88,0.8377,First Fit
6,3666,7,1355,193.57,166.8,0.3696,796,395,35,110.82,611.0,0.4962,Worst Fit
6,2422,12,2295,191.25,61.51,0.9476,585,283,82,144.15,403.67,0.4838,First Fit
5,1051,10,1842,184.2,10.59,1.7526,242,202,167,17.92,210.2,0.8347,Best Fit
6,3666,9,1426,158.44,125.48,0.389,787,325,25,99.14,611.0,0.413,Worst Fit
4,1635,10,2280,228.0,41.03,1.3945,612,292,138,160.64,408.75,0.4771,First Fit
3,1334,5,2066,413.2,9.85,1.5487,483,425,400,27.13,444.67,0.8799,Best Fit
8,5651,11,1704,154.91,124.91,0.3015,996,372,37,176.59,706.38,0.3735,Worst Fit
6,2555,9,1841,204.56,62.88,0.7205,614,299,114,141.98,425.83,0.487,Best Fit
8,3199,11,4028,366.18,10.68,1.2591,428,387,353,22.75,399.88,0.9042,Best Fit
3,2532,10,1858,185.8,141.54,0.7338,947,395,30,73.54,844.0,0.4171,Best Fit
5,2065,6,1290,215.0,73.07,0.6247,556,277,55,95.34,413.0,0.4982,First Fit
6,1817,4,1100,275.0,6.75,0.6054,327,285,266,15.62,302.83,0.8716,First Fit
5,3917,5,749,149.8,137.17,0.1912,967,342,30,180.18,783.4,0.3537,Worst Fit
4,1755,5,806,161.2,72.78,0.4593,600,258,76,157.7,438.75,0.43,First Fit
5,962,8,1214,151.75,9.22,1.262,224,171,142,27.85,192.4,0.7634,Best Fit
7,4375,9,1616,179.56,139.56,0.3694,916,395,45,166.9,625.0,0.4312,Worst Fit
5,2335,12,2011,167.58,49.05,0.8612,585,255,96,117.53,467.0,0.4359,First Fit
3,726,11,2180,198.18,10.72,3.0028,259,218,184,21.28,242.0,0.8417,Best Fit
5,4107,7,1041,148.71,120.81,0.2535,977,308,30,112.02,821.4,0.3153,Worst Fit
6,2304,11,1866,169.64,64.93,0.8099,649,269,53,188.26,384.0,0.4145,Best Fit
7,1347,4,660,165.0,5.39,0.49,228,174,160,24.12,192.43,0.7632,First Fit
3,2569,5,726,145.2,127.69,0.2826,991,325,31,110.23,856.33,0.328,Worst Fit
7,3146,9,1591,176.78,86.83,0.5057,637,285,68,169.88,449.43,0.4474,Worst Fit
7,1452,11,1909,173.55,9.74,1.3147,242,189,158,22.63,207.43,0.781,Best Fit
7,4350,10,1716,171.6,114.49,0.3945,808,333,43,109.22,621.43,0.4121,Worst Fit
4,1632,9,1820,202.22,54.08,1.1152,571,269,98,140.67,408.0,0.4711,Best Fit
4,1570,11,3775,343.18,11.8,2.4045,401,357,324,9.01,392.5,0.8903,Best Fit
4,3198,4,689,172.25,146.38,0.2154,869,355,26,56.94,799.5,0.4085,Worst Fit
4,1409,11,2085,189.55,71.46,1.4798,389,295,57,28.58,352.25,0.7584,Best Fit
7,1397,11,2037,185.18,9.67,1.4581,231,199,169,14.95,199.57,0.8615,Best Fit
3,2479,6,1085,180.83,143.56,0.4377,927,392,26,82.47,826.33,0.4229,Worst Fit
4,1388,9,1802,200.22,73.13,1.2983,602,296,69,153.43,347.0,0.4917,First Fit
8,2796,9,2889,321.0,9.58,1.0333,385,336,308,18.9,349.5,0.8727,Best Fit
5,3201,5,923,184.6,154.41,0.2883,898,383,54,160.08,640.2,0.4265,Worst Fit
5,1942,5,769,153.8,53.17,0.396,592,228,70,151.97,388.4,0.3851,First Fit
3,579,8,1242,155.25,6.36,2.1451,207,169,148,13.93,193.0,0.8164,Best Fit
3,2167,11,1852,168.36,136.93,0.8546,983,388,35,205.4,722.33,0.3947,Best Fit
8,2969,11,1780,161.82,72.18,0.5995,591,285,78,136.75,371.12,0.4822,First Fit
8,1618,7,1123,160.43,10.07,0.6941,237,176,150,21.45,202.25,0.7426,Best Fit
4,3029,8,1631,203.88,169.44,0.5385,983,400,27,150.24,757.25,0.4069,Worst Fit
3,1161,12,2158,179.83,60.3,1.8587,508,298,54,119.69,387.0,0.5866,Best Fit
3,561,12,1800,150.0,11.61,3.2086,199,169,137,8.64,187.0,0.8492,Best Fit
3,2497,8,1432,179.0,136.38,0.5735,985,330,36,173.91,832.33,0.335,First Fit
8,2902,7,995,142.14,52.51,0.3429,540,218,59,133.87,362.75,0.4037,First Fit
7,2368,12,3597,299.75,12.73,1.519,365,318,284,20.85,338.29,0.8712,Best Fit
4,2522,10,1839,183.9,130.8,0.7292,742,378,39,102.22,630.5,0.5094,Best Fit
6,2347,12,2103,175.25,83.45,0.896,509,296,58,115.83,391.17,0.5815,First Fit
6,1092,10,1353,135.3,10.54,1.239,208,152,122,19.05,182.0,0.7308,Best Fit
7,4561,8,1620,202.5,143.93,0.3552,922,370,55,155.47,651.57,0.4013,Worst Fit
3,1009,10,1988,198.8,57.38,1.9703,549,283,111,157.91,336.33,0.5155,First Fit
8,3026,6,2067,344.5,8.38,0.6831,403,362,336,18.04,378.25,0.8983,Best Fit
8,5841,4,703,175.75,103.87,0.1204,915,295,71,179.64,730.12,0.3224,Worst Fit
3,1517,11,1755,159.55,64.32,1.1569,533,260,62,19.34,505.67,0.4878,Best Fit
8,2023,12,2561,213.42,8.57,1.2659,284,228,200,25.1,252.88,0.8028,Best Fit
3,1463,5,748,149.6,145.73,0.5113,529,364,25,29.95,487.67,0.6881,Worst Fit
5,1872,5,464,92.8,26.33,0.2479,584,132,54,110.61,374.4,0.226,First Fit
3,1341,10,4080,408.0,8.94,3.0425,471,418,394,19.6,447.0,0.8875,Best Fit
4,2441,8,1495,186.88,136.36,0.6125,951,356,31,215.53,610.25,0.3743,First Fit
3,1530,9,1542,171.33,62.7,1.0078,537,293,73,19.2,510.0,0.5456,Best Fit
5,2348,4,1713,428.25,11.88,0.7296,488,443,410,24.61,469.6,0.9078,Best Fit
8,6436,10,1814,181.4,144.05,0.2819,923,371,31,122.64,804.5,0.402,Worst Fit
5,2239,5,513,102.6,32.48,0.2291,638,146,57,166.43,447.8,0.2288,First Fit
4,1106,9,2265,251.67,10.18,2.0479,292,263,238,14.45,276.5,0.9007,Best Fit
8,5541,9,1569,174.33,156.01,0.2832,973,396,28,200.44,692.62,0.407,Worst Fit
4,1154,10,1729,172.9,47.9,1.4983,523,227,76,142.56,288.5,0.434,Best Fit
7,1320,6,924,154.0,8.33,0.7,218,167,141,22.66,188.57,0.7661,Best Fit
7,5414,11,2023,183.91,145.5,0.3737,994,398,37,178.86,773.43,0.4004,Worst Fit
5,1928,11,1971,179.18,71.65,1.0223,601,300,75,117.61,385.6,0.4992,Best Fit
6,1301,9,1724,191.56,10.7,1.3251,246,205,176,20.27,216.83,0.8333,Best Fit
7,3991,12,2201,183.42,135.12,0.5515,752,381,25,126.46,570.14,0.5066,First Fit
4,1677,11,1888,171.64,74.53,1.1258,542,287,73,122.44,419.25,0.5295,First Fit
3,1179,12,4504,375.33,8.94,3.8202,398,389,364,4.55,393.0,0.9774,Best Fit
7,5018,5,718,143.6,116.33,0.1431,963,310,31,188.31,716.86,0.3219,Worst Fit
5,1773,10,1942,194.2,69.32,1.0953,599,294,108,191.87,354.6,0.4908,First Fit
6,1258,4,641,160.25,4.71,0.5095,241,168,156,21.88,209.67,0.6971,First Fit
8,5928,8,1351,168.88,136.19,0.2279,971,353,25,194.48,741.0,0.3635,Worst Fit
4,1302,7,1297,185.29,77.94,0.9962,586,290,56,166.59,325.5,0.4949,Best Fit
5,1259,10,2191,219.1,7.29,1.7403,275,229,209,23.83,251.8,0.8327,Best Fit
8,5095,4,829,207.25,169.83,0.1627,967,400,26,206.54,636.88,0.4137,Worst Fit
8,3175,6,1083,180.5,72.95,0.3411,638,289,96,170.61,396.88,0.453,First Fit
6,1386,9,1875,208.33,12.04,1.3528,271,222,188,25.52,231.0,0.8192,Best Fit
4,2363,9,1458,162.0,136.27,0.617,900,351,28,181.77,590.75,0.39,First Fit
3,952,4,852,213.0,67.19,0.895,588,275,100,191.89,317.33,0.4677,Best Fit
6,1935,10,3026,302.6,9.91,1.5638,361,313,280,24.65,322.5,0.867,Best Fit
8,4845,9,1621,180.11,136.36,0.3346,729,363,43,84.51,605.62,0.4979,Worst Fit
4,2041,7,1581,225.86,43.78,0.7746,640,277,133,116.95,510.25,0.4328,Best Fit
6,1463,8,1850,231.25,7.96,1.2645,257,241,220,8.25,243.83,0.9377,Best Fit
5,3386,7,1091,155.86,120.26,0.3222,870,314,27,152.56,677.2,0.3609,Worst Fit
7,2861,5,878,175.6,84.62,0.3069,584,286,74,175.66,408.71,0.4897,Worst Fit
3,967,6,1782,297.0,12.32,1.8428,337,309,279,11.15,322.33,0.9169,Best Fit
8,6109,4,828,207.0,165.78,0.1355,975,385,36,150.99,763.62,0.3949,Worst Fit
3,1693,4,724,181.0,58.63,0.4276,604,240,117,44.62,564.33,0.3974,First Fit
3,1296,7,3027,432.43,9.42,2.3356,442,444,418,7.79,432.0,1.0045,Best Fit
5,2989,8,1474,184.25,137.46,0.4931,847,389,36,141.53,597.8,0.4593,Worst Fit
5,2594,12,2167,180.58,68.91,0.8354,650,296,57,86.84,518.8,0.4554,Best Fit
7,1136,9,1114,123.78,7.1,0.9806,191,138,116,27.37,162.29,0.7225,Best Fit
8,5271,7,1242,177.43,144.08,0.2356,847,378,49,153.35,658.88,0.4463,Worst Fit
3,1096,4,758,189.5,82.61,0.6916,527,297,79,158.52,365.33,0.5636,Best Fit
6,1972,9,2592,288.0,9.68,1.3144,358,301,272,23.62,328.67,0.8408,Best Fit
6,4493,12,2253,187.75,148.42,0.5014,998,376,25,136.93,748.83,0.3768,Worst Fit
3,826,6,1214,202.33,60.9,1.4697,480,284,114,144.91,275.33,0.5917,First Fit
8,3256,10,3741,374.1,9.0,1.149,444,386,359,20.98,407.0,0.8694,Best Fit
7,4916,11,1753,159.36,115.3,0.3566,970,310,37,171.42,702.29,0.3196,Worst Fit
7,3309,12,2237,186.42,69.15,0.676,646,292,76,139.4,472.71,0.452,First Fit
7,1711,9,1850,205.56,9.7,1.0812,262,216,187,14.86,244.43,0.8244,Best Fit
5,3847,10,1869,186.9,139.35,0.4858,981,369,25,143.8,769.4,0.3761,Worst Fit
8,3750,10,2183,218.3,73.35,0.5821,633,297,88,145.84,468.75,0.4692,First Fit
4,1592,7,2683,383.29,9.72,1.6853,431,397,371,19.61,398.0,0.9211,Best Fit
8,4878,4,809,202.25,149.9,0.1658,865,352,43,158.21,609.75,0.4069,Worst Fit
6,3148,5,544,108.8,32.82,0.1728,638,161,72,147.29,524.67,0.2524,First Fit
7,2197,7,1918,274.0,7.71,0.873,339,288,266,17.01,313.86,0.8496,Best Fit
7,4109,9,1488,165.33,130.1,0.3621,789,329,26,125.34,587.0,0.417,Worst Fit
6,2368,7,1298,185.43,43.42,0.5481,634,248,113,163.94,394.67,0.3912,First Fit
7,1791,12,2862,238.5,8.61,1.598,287,254,225,21.49,255.86,0.885,Best Fit
6,3997,11,1992,181.09,141.95,0.4984,901,394,39,171.91,666.17,0.4373,Worst Fit
4,1509,7,784,112.0,55.45,0.5195,602,202,50,140.22,377.25,0.3355,First Fit
3,703,4,783,195.75,13.24,1.1138,261,209,178,24.94,234.33,0.8008,Best Fit
6,3771,12,2292,191.0,146.32,0.6078,927,380,27,182.28,628.5,0.4099,First Fit
8,2934,9,1316,146.22,79.33,0.4485,536,275,50,148.34,366.75,0.5131,First Fit
3,1067,12,3909,325.75,10.93,3.6635,397,343,309,29.41,355.67,0.864,Best Fit
6,3945,7,1306,186.57,154.29,0.3311,980,387,39,201.64,657.5,0.3949,Worst Fit
8,3110,7,1247,178.14,78.1,0.401,623,300,63,160.02,388.75,0.4815,First Fit
3,837,8,2001,250.12,9.6,2.3907,303,259,232,17.91,279.0,0.8548,Best Fit
8,6729,10,1924,192.4,139.4,0.2859,970,384,39,112.24,841.12,0.3959,Worst Fit
7,2522,5,1083,216.6,85.57,0.4294,624,295,65,136.63,360.29,0.4728,Worst Fit
7,2840,12,4569,380.75,8.55,1.6088,426,397,369,13.16,405.71,0.9319,Best Fit
4,2886,10,2059,205.9,149.64,0.7134,972,377,44,146.19,721.5,0.3879,Best Fit
6,2917,7,1189,169.86,52.2,0.4076,638,254,109,110.86,486.17,0.3981,First Fit
5,1233,8,1786,223.25,11.26,1.4485,265,235,204,18.0,246.6,0.8868,Best Fit
7,4817,12,2278,189.83,149.2,0.4729,994,399,26,206.32,688.14,0.4014,Worst Fit
3,776,12,2270,189.17,78.37,2.9253,356,289,56,80.87,258.67,0.8118,Best Fit
7,2539,4,1255,313.75,12.07,0.4943,379,333,303,16.54,362.71,0.8786,First Fit
7,5219,9,1619,179.89,133.09,0.3102,924,362,46,123.93,745.57,0.3918,Worst Fit
8,3851,7,1317,188.14,68.68,0.342,640,281,76,148.39,481.38,0.4391,First Fit
4,939,12,2483,206.92,10.05,2.6443,256,220,185,22.16,234.75,0.8594,Best Fit
8,5414,11,1793,163.0,134.6,0.3312,973,366,27,178.02,676.75,0.3762,Worst Fit
5,2442,4,679,169.75,68.28,0.2781,636,265,78,102.42,488.4,0.4167,First Fit
3,1355,9,3783,420.33,10.3,2.7919,469,438,408,21.75,451.67,0.9339,Best Fit
4,3191,5,838,167.6,133.89,0.2626,888,393,59,85.74,797.75,0.4426,Worst Fit
3,1215,10,1808,180.8,62.48,1.4881,609,287,103,164.96,405.0,0.4713,Best Fit
4,1662,10,3623,362.3,6.44,2.1799,435,371,352,16.01,415.5,0.8529,Best Fit
8,5647,4,767,191.75,139.63,0.1358,989,375,39,218.62,705.88,0.3792,Worst Fit
8,2404,6,1266,211.0,77.31,0.5266,484,297,94,99.25,300.5,0.6136,First Fit
5,850,12,1860,155.0,11.14,2.1882,218,169,136,25.02,170.0,0.7752,Best Fit
8,4902,8,1316,164.5,125.18,0.2685,922,305,28,159.13,612.75,0.3308,Worst Fit
4,1699,8,1443,180.38,82.34,0.8493,513,295,51,68.05,424.75,0.575,First Fit
3,931,8,1943,242.88,11.15,2.087,315,260,229,5.25,310.33,0.8254,Best Fit
3,2026,9,1645,182.78,157.02,0.8119,772,368,29,102.17,675.33,0.4767,First Fit
6,2706,7,1048,149.71,68.98,0.3873,566,265,52,99.31,451.0,0.4682,First Fit
5,1889,12,4177,348.08,9.74,2.2112,396,364,332,17.75,377.8,0.9192,Best Fit
7,4506,5,877,175.4,158.32,0.1946,952,372,32,187.78,643.71,0.3908,Worst Fit
8,2968,6,1099,183.17,55.57,0.3703,527,274,99,83.07,371.0,0.5199,First Fit
5,1359,7,1594,227.71,6.9,1.1729,289,236,216,22.68,271.8,0.8166,Best Fit
7,5176,11,1896,172.36,145.3,0.3663,923,390,26,164.65,739.43,0.4225,Worst Fit
4,1165,9,1743,193.67,72.01,1.4961,512,297,71,128.68,291.25,0.5801,First Fit
7,3132,5,2160,432.0,7.75,0.6897,495,444,421,22.47,447.43,0.897,Best Fit
8,5734,9,1532,170.22,150.28,0.2672,1000,384,28,166.83,716.75,0.384,Worst Fit
3,1743,12,2327,193.92,78.0,1.3351,622,291,63,31.97,581.0,0.4678,Best Fit
8,3074,9,3168,352.0,10.38,1.0306,421,369,338,24.54,384.25,0.8765,Best Fit
3,2016,9,1447,160.78,135.88,0.7178,803,350,29,163.16,672.0,0.4359,Best Fit
5,1644,6,1161,193.5,73.4,0.7062,405,292,91,96.43,328.8,0.721,First Fit
4,956,10,2036,203.6,13.5,2.1297,252,219,186,8.03,239.0,0.869,Best Fit
5,3145,10,1866,186.6,146.89,0.5933,785,378,30,169.81,629.0,0.4815,First Fit
6,2244,8,1211,151.38,77.86,0.5397,548,263,58,145.51,374.0,0.4799,First Fit
5,1072,12,2051,170.92,8.42,1.9132,238,186,157,23.55,214.4,0.7815,Best Fit
6,4414,5,781,156.2,130.0,0.1769,990,366,44,150.54,735.67,0.3697,Worst Fit
5,1641,11,1755,159.55,63.46,1.0695,576,282,85,131.58,328.2,0.4896,Best Fit
4,1381,8,2439,304.88,4.7,1.7661,382,311,298,26.98,345.25,0.8141,Best Fit
5,3179,4,739,184.75,118.18,0.2325,984,315,60,192.57,635.8,0.3201,Worst Fit
7,3592,5,1077,215.4,46.07,0.2998,609,274,143,118.46,513.14,0.4499,First Fit
4,1225,12,3521,293.42,9.24,2.8743,330,307,275,14.77,306.25,0.9303,Best Fit
6,4584,6,1102,183.67,117.2,0.2404,858,329,60,53.22,764.0,0.3834,Worst Fit
6,2507,4,808,202.0,65.95,0.3223,587,271,101,178.64,417.83,0.4617,First Fit
7,1098,8,1070,133.75,8.44,0.9745,201,146,118,25.63,156.86,0.7264,Best Fit
5,3837,8,1534,191.75,137.3,0.3998,980,383,32,210.45,767.4,0.3908,Worst Fit
3,1171,12,2150,179.17,74.34,1.836,563,298,64,141.67,390.33,0.5293,Best Fit
6,2456,4,1522,380.5,12.26,0.6197,437,395,362,16.94,409.33,0.9039,First Fit
8,5849,5,877,175.4,156.13,0.1499,899,388,29,158.06,731.12,0.4316,Worst Fit
8,2953,6,1061,176.83,85.78,0.3593,644,300,55,144.13,369.12,0.4658,Worst Fit
3,987,9,2539,282.11,11.05,2.5724,352,302,268,17.68,329.0,0.858,Best Fit
5,3454,11,2071,188.27,148.26,0.5996,969,393,34,198.9,690.8,0.4056,First Fit
5,1622,9,1869,207.67,65.08,1.1523,610,281,71,144.65,324.4,0.4607,First Fit
7,1784,8,1820,227.5,12.84,1.0202,299,243,212,26.07,254.86,0.8127,Best Fit
7,4234,4,732,183.0,153.58,0.1729,791,382,29,122.92,604.86,0.4829,Worst Fit
8,2816,6,899,149.83,61.2,0.3192,527,242,57,117.21,352.0,0.4592,First Fit
4,1521,10,3540,354.0,13.1,2.3274,421,370,336,29.01,380.25,0.8789,Best Fit
4,2455,10,1876,187.6,148.44,0.7642,829,398,25,143.45,613.75,0.4801,Best Fit
4,1359,5,1208,241.6,40.51,0.8889,636,285,173,175.25,339.75,0.4481,Best Fit
8,1231,4,526,131.5,9.12,0.4273,192,146,121,26.07,153.88,0.7604,First Fit
6,4262,9,1371,152.33,114.88,0.3217,957,316,32,139.14,710.33,0.3302,Worst Fit
7,2271,5,966,193.2,53.51,0.4254,559,254,101,137.95,324.43,0.4544,First Fit
6,2014,7,2091,298.71,11.42,1.0382,367,310,281,23.7,335.67,0.8447,Best Fit
5,3529,6,1211,201.83,146.23,0.3432,890,369,39,170.99,705.8,0.4146,Worst Fit
8,4058,11,1969,179.0,88.45,0.4852,620,291,56,96.85,507.25,0.4694,Worst Fit
4,1250,8,2170,271.25,8.93,1.736,335,283,256,21.17,312.5,0.8448,Best Fit
3,1772,9,1592,176.89,153.34,0.8984,664,384,25,52.17,590.67,0.5783,Best Fit
5,1530,5,804,160.8,79.98,0.5255,561,257,57,138.28,306.0,0.4581,First Fit
5,971,8,1202,150.25,12.3,1.2379,218,166,135,22.86,194.2,0.7615,Best Fit
4,2324,11,1904,173.09,132.18,0.8193,672,354,29,67.53,581.0,0.5268,Best Fit
8,4000,5,890,178.0,80.04,0.2225,636,255,79,126.96,500.0,0.4009,Worst Fit
5,1177,7,1433,204.71,10.87,1.2175,265,221,186,22.68,235.4,0.834,Best Fit
6,4210,12,2512,209.33,157.29,0.5967,999,393,43,156.05,701.67,0.3934,First Fit
7,3395,5,833,166.6,63.77,0.2454,641,241,54,106.34,485.0,0.376,First Fit
6,2247,4,1359,339.75,5.8,0.6048,391,349,333,12.04,374.5,0.8926,First Fit
7,4961,5,719,143.8,114.23,0.1449,983,289,27,194.16,708.71,0.294,Worst Fit
7,2842,7,1307,186.71,73.95,0.4599,614,286,72,140.28,406.0,0.4658,First Fit
3,674,8,1495,186.88,13.9,2.2181,245,207,173,19.15,224.67,0.8449,Best Fit
3,2369,9,1420,157.78,125.57,0.5994,909,313,35,117.99,789.67,0.3443,First Fit
8,2891,4,572,143.0,52.86,0.1979,589,207,85,141.46,361.38,0.3514,First Fit
3,1010,5,1470,294.0,6.96,1.4554,351,302,286,13.82,336.67,0.8604,Best Fit
6,4159,5,774,154.8,128.29,0.1861,788,330,39,78.66,693.17,0.4188,Worst Fit
3,1179,12,2478,206.5,44.11,2.1018,520,286,102,145.04,393.0,0.55,Best Fit
8,2540,11,3033,275.73,11.09,1.1941,343,291,260,23.09,317.5,0.8484,Best Fit
8,5152,5,809,161.8,148.27,0.157,964,349,28,217.57,644.0,0.362,Worst Fit
3,1528,12,1666,138.83,65.18,1.0903,624,284,59,140.81,509.33,0.4551,First Fit
6,1606,8,1860,232.5,9.1,1.1582,303,248,218,25.62,267.67,0.8185,Best Fit
3,2276,9,1620,180.0,137.73,0.7118,961,376,45,146.66,758.67,0.3913,Best Fit
5,1336,9,1386,154.0,73.75,1.0374,471,279,52,119.88,267.2,0.5924,Best Fit
7,1432,7,1167,166.71,9.38,0.8149,232,179,150,21.78,204.57,0.7716,First Fit
3,2232,5,803,160.6,142.32,0.3598,872,375,41,112.1,744.0,0.43,Worst Fit
6,2800,10,2179,217.9,77.27,0.7782,627,300,52,84.71,466.67,0.4785,First Fit
8,2784,6,1847,307.83,10.37,0.6634,378,323,291,24.47,348.0,0.8545,Best Fit
3,2591,4,786,196.5,150.94,0.3034,992,386,32,146.91,863.67,0.3891,Worst Fit
4,1812,9,1597,177.44,85.77,0.8813,627,289,53,177.42,453.0,0.4609,Best Fit
6,2154,10,3308,330.8,11.36,1.5357,398,348,318,24.99,359.0,0.8744,Best Fit
7,4745,8,1585,198.12,153.26,0.334,966,377,27,215.76,677.86,0.3903,Worst Fit
5,1813,9,1598,177.56,67.33,0.8814,542,271,62,143.48,362.6,0.5,Best Fit
5,983,9,1599,177.67,9.81,1.6267,232,192,164,18.9,196.6,0.8276,Best Fit
5,3263,9,1575,175.0,147.89,0.4827,907,378,31,182.94,652.6,0.4168,Worst Fit
6,2203,5,877,175.4,46.46,0.3981,637,242,128,164.82,367.17,0.3799,First Fit
3,609,8,1358,169.75,11.11,2.2299,222,181,153,13.49,203.0,0.8153,Best Fit
6,3881,8,1426,178.25,136.69,0.3674,981,356,25,162.86,646.83,0.3629,Worst Fit
3,1027,8,1352,169.0,75.33,1.3165,599,290,80,181.51,342.33,0.4841,Best Fit
4,1669,12,4554,379.5,9.74,2.7286,443,394,362,18.95,417.25,0.8894,Best Fit
5,3321,5,842,168.4,134.31,0.2535,921,347,57,171.6,664.2,0.3768,Worst Fit
4,1322,10,1572,157.2,93.43,1.1891,572,293,60,141.07,330.5,0.5122,Best Fit
6,2178,8,2622,327.75,7.14,1.2039,402,338,314,27.92,363.0,0.8408,Best Fit
3,1852,6,1190,198.33,145.98,0.6425,881,400,32,190.27,617.33,0.454,First Fit
5,2373,7,1199,171.29,56.79,0.5053,600,248,83,125.27,474.6,0.4133,First Fit
5,792,8,1079,134.88,9.98,1.3624,194,148,120,23.9,158.4,0.7629,Best Fit
5,3440,10,1868,186.8,137.18,0.543,879,383,40,132.47,688.0,0.4357,Worst Fit
3,1362,10,1616,161.6,53.97,1.1865,557,265,76,106.1,454.0,0.4758,First Fit
8,3388,4,1488,372.0,8.22,0.4392,450,384,361,19.65,423.5,0.8533,First Fit
6,4366,9,1612,179.11,157.77,0.3692,964,393,26,197.53,727.67,0.4077,Worst Fit
8,2835,10,1397,139.7,61.65,0.4928,572,243,54,117.36,354.38,0.4248,First Fit
6,1556,11,2501,227.36,11.7,1.6073,299,247,212,25.0,259.33,0.8261,Best Fit
5,3501,8,1513,189.12,124.93,0.4322,954,368,56,152.5,700.2,0.3857,Worst Fit
7,3409,4,678,169.5,70.79,0.1989,621,268,75,121.98,487.0,0.4316,First Fit
7,2202,8,2304,288.0,6.69,1.0463,358,295,275,20.22,314.57,0.824,Best Fit
4,2236,6,1078,179.67,140.93,0.4821,626,356,26,87.03,559.0,0.5687,Worst Fit
7,2962,11,2104,191.27,51.49,0.7103,648,268,78,163.12,423.14,0.4136,Best Fit
5,2217,5,2063,412.6,3.67,0.9305,478,416,406,23.2,443.4,0.8703,Best Fit
4,3035,8,1647,205.88,164.03,0.5427,972,399,31,208.94,758.75,0.4105,Worst Fit
4,1188,6,1457,242.83,57.5,1.2264,530,287,129,141.52,297.0,0.5415,First Fit
8,1604,8,1223,152.88,10.04,0.7625,221,169,141,13.5,200.5,0.7647,Best Fit
6,4196,7,1355,193.57,165.49,0.3229,862,400,43,173.25,699.33,0.464,Worst Fit
6,2440,8,1248,156.0,76.58,0.5115,605,276,68,184.05,406.67,0.4562,First Fit
3,1101,4,1322,330.5,11.54,1.2007,388,343,318,20.05,367.0,0.884,Best Fit
5,3423,5,792,158.4,133.6,0.2314,984,359,33,158.9,684.6,0.3648,Worst Fit
7,2434,7,1095,156.43,62.15,0.4499,491,236,52,105.2,347.71,0.4807,First Fit
4,798,6,863,143.83,11.6,1.0815,214,158,127,17.36,199.5,0.7383,Best Fit
5,4025,11,1847,167.91,148.41,0.4589,893,400,29,108.21,805.0,0.4479,Worst Fit
4,1739,9,1436,159.56,84.83,0.8258,524,293,50,125.03,434.75,0.5592,Best Fit
6,1597,11,2584,234.91,10.4,1.618,298,249,223,24.88,266.17,0.8356,Best Fit
8,5032,8,1533,191.62,159.86,0.3047,974,372,27,159.48,629.0,0.3819,Worst Fit
5,1898,10,1603,160.3,68.06,0.8446,635,247,50,170.53,379.6,0.389,First Fit
4,763,6,1043,173.83,9.81,1.367,219,187,160,16.86,190.75,0.8539,Best Fit
5,3199,9,1593,177.0,132.42,0.498,925,348,48,157.14,639.8,0.3762,Worst Fit
6,2599,5,781,156.2,58.79,0.3005,600,222,73,119.77,433.17,0.37,First Fit
6,2443,5,1942,388.4,4.32,0.7949,444,392,380,18.43,407.17,0.8829,Best Fit
4,2960,9,1493,165.89,127.6,0.5044,919,358,33,117.01,740.0,0.3896,Worst Fit
7,2569,6,649,108.17,37.85,0.2526,561,179,68,106.97,367.0,0.3191,First Fit
8,3618,8,3323,415.38,11.86,0.9185,477,432,404,17.86,452.25,0.9057,First Fit
3,2562,9,1450,161.11,127.15,0.566,941,360,31,110.55,854.0,0.3826,First Fit
6,2846,10,2409,240.9,44.46,0.8465,605,297,154,118.91,474.33,0.4909,Best Fit
3,1459,10,4210,421.0,8.88,2.8855,491,434,409,5.25,486.33,0.8839,Best Fit
3,2342,9,1770,196.67,165.89,0.7558,926,392,36,111.51,780.67,0.4233,Best Fit
3,887,5,850,170.0,80.18,0.9583,357,296,52,73.71,295.67,0.8291,Best Fit
4,1508,7,2372,338.86,9.46,1.5729,387,354,327,9.97,377.0,0.9147,Best Fit
4,2180,9,1618,179.78,136.16,0.7422,772,398,45,140.15,545.0,0.5155,Best Fit
5,1556,4,484,121.0,56.33,0.3111,502,190,56,127.06,311.2,0.3785,First Fit
7,1672,6,1271,211.83,6.41,0.7602,278,223,206,20.51,238.86,0.8022,Best Fit
6,4955,4,737,184.25,116.51,0.1487,996,327,64,146.36,825.83,0.3283,Worst Fit
3,1334,9,1917,213.0,69.25,1.437,600,282,110,175.73,444.67,0.47,Worst Fit
4,721,7,1058,151.14,9.7,1.4674,206,163,135,18.09,180.25,0.7913,Best Fit
5,3906,10,1885,188.5,143.85,0.4826,992,365,33,143.21,781.2,0.3679,Worst Fit
6,2232,11,2111,191.91,73.72,0.9458,608,265,54,127.89,372.0,0.4359,First Fit
5,1177,11,2120,192.73,10.08,1.8012,249,206,174,15.97,235.4,0.8273,Best Fit
5,2985,12,2336,194.67,146.58,0.7826,935,383,36,202.49,597.0,0.4096,Best Fit
3,1255,10,1800,180.0,75.62,1.4343,643,274,58,162.35,418.33,0.4261,Worst Fit
3,1125,10,3434,343.4,8.89,3.0524,385,359,327,8.6,375.0,0.9325,Best Fit
4,2661,7,1153,164.71,146.39,0.4333,871,364,30,157.03,665.25,0.4179,Worst Fit
7,3002,6,1378,229.67,39.84,0.459,637,270,162,156.54,428.86,0.4239,First Fit
6,2563,11,4234,384.91,11.6,1.652,458,401,369,15.64,427.17,0.8755,Best Fit
8,5208,5,669,133.8,113.84,0.1285,966,280,25,177.42,651.0,0.2899,Worst Fit
3,1315,8,1498,187.25,52.01,1.1392,556,256,95,99.8,438.33,0.4604,Best Fit
3,1047,7,2338,334.0,10.56,2.233,378,346,319,20.7,349.0,0.9153,Best Fit
3,2173,7,1215,173.57,140.26,0.5591,961,390,33,213.82,724.33,0.4058,First Fit
8,3583,12,2265,188.75,64.31,0.6322,612,285,75,153.65,447.88,0.4657,First Fit
5,858,6,809,134.83,8.15,0.9429,189,151,126,12.27,171.6,0.7989,Best Fit
6,4246,9,1506,167.33,135.53,0.3547,913,346,26,187.97,707.67,0.379,Worst Fit
4,1644,5,905,181.0,96.72,0.5505,571,291,59,93.61,411.0,0.5096,First Fit
6,2696,12,4882,406.83,11.67,1.8108,476,421,389,25.77,449.33,0.8845,Best Fit
8,4988,11,1961,178.27,145.61,0.3931,968,388,36,164.39,623.5,0.4008,Worst Fit
5,2045,4,675,168.75,38.54,0.3301,602,234,138,127.13,409.0,0.3887,First Fit
7,1782,8,1960,245.0,8.93,1.0999,278,255,227,15.15,254.57,0.9173,First Fit
3,1920,4,839,209.75,152.29,0.437,762,364,53,168.31,640.0,0.4777,Worst Fit
8,3689,12,1752,146.0,77.63,0.4749,619,294,50,148.76,461.12,0.475,First Fit
7,2509,7,2292,327.43,7.42,0.9135,385,337,314,14.01,358.43,0.8753,Best Fit
8,5107,7,1262,180.29,141.63,0.2471,940,380,46,167.4,638.38,0.4043,Worst Fit
5,1981,6,1007,167.83,97.88,0.5083,606,298,57,133.95,396.2,0.4917,Worst Fit
4,992,5,1011,202.2,8.93,1.0192,270,214,187,13.78,248.0,0.7926,Best Fit
3,1555,6,1071,178.5,143.89,0.6887,578,346,25,78.79,518.33,0.5986,Best Fit
8,2217,4,574,143.5,92.0,0.2589,397,296,60,88.35,277.12,0.7456,Worst Fit
5,1341,5,1179,235.8,11.02,0.8792,294,254,221,18.77,268.2,0.8639,Best Fit
5,3669,10,1825,182.5,136.61,0.4974,938,353,38,126.98,733.8,0.3763,Worst Fit
4,1363,11,1925,175.0,80.8,1.4123,463,300,65,97.38,340.75,0.6479,First Fit
6,1610,12,2817,234.75,10.86,1.7497,305,249,217,24.18,268.33,0.8164,Best Fit
3,1792,11,2038,185.27,161.29,1.1373,738,382,25,103.49,597.33,0.5176,First Fit
7,2676,5,594,118.8,26.53,0.222,589,154,79,139.8,382.29,0.2615,First Fit
6,2094,12,3652,304.33,12.17,1.744,382,322,293,24.17,349.0,0.8429,Best Fit
8,6027,12,2077,173.08,125.1,0.3446,925,398,41,127.62,753.38,0.4303,Worst Fit
5,1750,12,2072,172.67,68.13,1.184,444,284,52,70.06,350.0,0.6396,Best Fit
7,3195,12,4794,399.5,10.2,1.5005,469,416,387,9.5,456.43,0.887,Best Fit
6,4242,10,1882,188.2,134.12,0.4437,870,370,39,157.29,707.0,0.4253,Worst Fit
5,1861,5,855,171.0,68.55,0.4594,645,290,93,157.46,372.2,0.4496,First Fit
6,1268,6,953,158.83,10.75,0.7516,232,175,151,20.25,211.33,0.7543,Best Fit
3,2573,8,1588,198.5,150.61,0.6172,913,395,28,43.76,857.67,0.4326,First Fit
7,2228,9,1609,178.78,55.76,0.7222,500,272,117,119.65,318.29,0.544,Best Fit
4,1426,10,3086,308.6,8.73,2.1641,380,324,297,21.59,356.5,0.8526,Best Fit
6,3779,10,1853,185.3,146.61,0.4903,862,392,25,156.75,629.83,0.4548,Worst Fit
3,988,7,1002,143.14,61.89,1.0142,634,224,63,216.11,329.33,0.3533,Best Fit
8,2403,12,3252,271.0,9.95,1.3533,341,288,259,22.26,300.38,0.8446,Best Fit
3,2466,5,779,155.8,124.43,0.3159,963,318,31,148.93,822.0,0.3302,Worst Fit
3,782,8,1007,125.88,73.41,1.2877,377,294,58,84.85,260.67,0.7798,Best Fit
5,1199,7,1263,180.43,9.16,1.0534,255,200,168,22.68,239.8,0.7843,Best Fit
8,5578,11,1897,172.45,140.04,0.3401,971,372,28,159.02,697.25,0.3831,Worst Fit
7,2788,12,2092,174.33,77.29,0.7504,612,297,54,133.18,398.29,0.4853,First Fit
8,3236,6,2233,372.17,11.45,0.69,434,387,356,23.6,404.5,0.8917,Best Fit
8,5869,7,1096,156.57,127.23,0.1867,948,335,25,126.28,733.62,0.3534,Worst Fit
7,1925,8,1361,170.12,64.27,0.707,455,249,71,100.7,275.0,0.5473,First Fit
6,1297,10,1851,185.1,11.44,1.4271,249,200,165,24.46,216.17,0.8032,Best Fit
5,3316,7,1153,164.71,154.27,0.3477,846,383,27,143.14,663.2,0.4527,Worst Fit
6,3243,10,2295,229.5,49.43,0.7077,650,298,142,74.33,540.5,0.4585,Best Fit
8,3256,5,1919,383.8,11.79,0.5894,451,399,366,22.24,407.0,0.8847,First Fit
5,3554,6,1220,203.33,137.45,0.3433,948,367,63,190.56,710.8,0.3871,Worst Fit
6,2118,4,551,137.75,44.64,0.2602,578,194,93,142.66,353.0,0.3356,First Fit
4,792,6,1072,178.67,11.19,1.3535,224,193,164,25.1,198.0,0.8616,Best Fit
4,2840,8,1493,186.62,149.61,0.5257,801,387,30,73.87,710.0,0.4831,Worst Fit
8,3729,8,1555,194.38,74.14,0.417,614,294,85,94.41,466.12,0.4788,First Fit
3,601,11,2004,182.18,10.83,3.3344,207,196,163,6.24,200.33,0.9469,Best Fit
7,5213,11,1998,181.64,149.71,0.3833,886,381,36,120.76,744.71,0.43,Worst Fit
8,3540,4,653,163.25,63.58,0.1845,628,261,84,170.94,442.5,0.4156,First Fit
5,1847,7,2413,344.71,11.25,1.3064,391,357,323,17.49,369.4,0.913,Best Fit
3,1900,9,1569,174.33,146.36,0.8258,904,392,25,193.17,633.33,0.4336,First Fit
7,2977,6,922,153.67,62.6,0.3097,642,264,87,149.84,425.29,0.4112,First Fit
8,1439,5,656,131.2,6.79,0.4559,208,144,125,21.46,179.88,0.6923,First Fit
5,3325,9,1389,154.33,115.21,0.4177,890,312,32,158.48,665.0,0.3506,Worst Fit
5,2321,10,1387,138.7,75.13,0.5976,646,285,55,108.12,464.2,0.4412,First Fit
7,2199,11,3080,280.0,7.92,1.4006,352,295,270,27.45,314.14,0.8381,Best Fit
3,2051,10,1888,188.8,148.37,0.9205,778,378,25,90.83,683.67,0.4859,Best Fit
5,2078,11,2237,203.36,85.0,1.0765,583,293,64,145.9,415.6,0.5026,First Fit
3,1021,6,1948,324.67,9.2,1.9079,361,335,313,17.15,340.33,0.928,Best Fit
7,4587,7,1124,160.57,134.84,0.245,981,320,25,205.05,655.29,0.3262,Worst Fit
6,2742,12,1733,144.42,86.71,0.632,621,288,55,149.36,457.0,0.4638,First Fit
4,1289,11,2987,271.55,9.56,2.3173,338,287,254,21.6,322.25,0.8491,Best Fit
8,5849,6,1168,194.67,157.81,0.1997,954,382,32,121.66,731.12,0.4004,Worst Fit
3,1488,8,1502,187.75,62.61,1.0094,632,256,70,98.85,496.0,0.4051,Best Fit
8,2298,9,2321,257.89,9.19,1.01,336,273,247,24.48,287.25,0.8125,First Fit
7,5102,10,1856,185.6,131.71,0.3638,952,359,39,217.56,728.86,0.3771,Worst Fit
3,1653,11,1686,153.27,55.67,1.02,600,237,53,61.68,551.0,0.395,Best Fit
8,2377,5,1301,260.2,10.19,0.5473,321,273,244,19.67,297.12,0.8505,First Fit
6,4324,8,1538,192.25,139.68,0.3557,859,353,38,148.44,720.67,0.4109,Worst Fit
4,1487,4,941,235.25,37.12,0.6328,498,268,173,96.57,371.75,0.5382,First Fit
7,2247,5,1387,277.4,6.25,0.6173,343,285,266,13.52,321.0,0.8309,First Fit
5,3854,12,2211,184.25,143.23,0.5737,973,399,25,104.36,770.8,0.4101,First Fit
3,1441,12,2363,196.92,38.57,1.6398,568,284,148,61.99,480.33,0.5,Worst Fit
3,1363,7,2781,397.29,12.79,2.0404,465,412,377,9.46,454.33,0.886,Best Fit
8,6106,6,1164,194.0,139.59,0.1906,972,364,28,157.18,763.25,0.3745,Worst Fit
6,2613,8,2031,253.88,27.2,0.7773,648,286,195,152.06,435.5,0.4414,Best Fit
5,1367,6,1396,232.67,9.5,1.0212,301,243,219,22.42,273.4,0.8073,Best Fit
4,3347,7,1297,185.29,147.29,0.3875,960,394,38,127.29,836.75,0.4104,Worst Fit
5,1648,11,1875,170.45,57.87,1.1377,607,288,93,154.1,329.6,0.4745,Best Fit
4,1642,12,4259,354.92,7.91,2.5938,428,364,341,13.5,410.5,0.8505,Best Fit
4,3001,11,1842,167.45,137.38,0.6138,974,393,26,138.58,750.25,0.4035,First Fit
7,2963,7,1137,162.43,75.76,0.3837,646,258,82,153.33,423.29,0.3994,First Fit
4,1541,6,2037,339.5,9.54,1.3219,410,357,330,27.12,385.25,0.8707,Best Fit
8,4968,4,671,167.75,119.45,0.1351,762,289,39,106.04,621.0,0.3793,Worst Fit
8,3432,11,2014,183.09,60.64,0.5868,637,274,64,99.3,429.0,0.4301,First Fit
7,2814,7,2601,371.57,13.37,0.9243,436,386,352,21.21,402.0,0.8853,Best Fit
8,5519,9,1557,173.0,145.06,0.2821,948,382,30,148.37,689.88,0.403,Worst Fit
4,1552,8,1383,172.88,83.19,0.8911,541,281,52,132.95,388.0,0.5194,First Fit
5,2064,8,3296,412.0,9.99,1.5969,425,427,401,8.33,412.8,1.0047,Best Fit
8,5504,5,831,166.2,136.5,0.151,959,395,45,184.81,688.0,0.4119,Worst Fit
5,1600,12,2149,179.08,82.08,1.3431,545,293,55,129.55,320.0,0.5376,Worst Fit
4,1449,5,1672,334.4,11.39,1.1539,401,349,320,27.58,362.25,0.8703,Best Fit
4,2214,11,2027,184.27,142.13,0.9155,797,385,48,142.21,553.5,0.4831,First Fit
3,1008,4,522,130.5,56.61,0.5179,599,203,64,188.89,336.0,0.3389,First Fit
7,1222,11,1678,152.55,8.52,1.3732,217,167,140,25.34,174.57,0.7696,Best Fit
5,3998,6,1078,179.67,118.02,0.2696,970,319,61,141.03,799.6,0.3289,Worst Fit
8,3258,9,1432,159.11,86.32,0.4395,512,297,54,68.22,407.25,0.5801,Worst Fit
5,1330,12,2808,234.0,9.34,2.1113,297,253,224,25.42,266.0,0.8519,Best Fit
6,4277,6,1162,193.67,143.84,0.2717,875,375,40,135.24,712.83,0.4286,Worst Fit
8,3425,12,1990,165.83,54.92,0.581,577,248,69,121.32,428.12,0.4298,First Fit
4,1342,11,3409,309.91,10.43,2.5402,353,320,289,14.43,335.5,0.9065,Best Fit
8,5992,9,1474,163.78,137.31,0.246,905,357,29,157.11,749.0,0.3945,Worst Fit
5,1853,6,1105,184.17,77.06,0.5963,503,292,57,79.99,370.6,0.5805,First Fit
6,1686,6,1616,269.33,8.12,0.9585,308,282,259,12.94,281.0,0.9156,Best Fit
3,1471,7,1029,147.0,121.06,0.6995,562,311,31,67.44,490.33,0.5534,Best Fit
8,2780,4,534,133.5,57.12,0.1921,550,219,59,128.55,347.5,0.3982,First Fit
4,1373,4,1240,310.0,10.56,0.9031,372,318,292,19.56,343.25,0.8548,Best Fit
7,5600,8,1598,199.75,161.56,0.2854,997,396,29,165.07,800.0,0.3972,Worst Fit
7,3099,5,1170,234.0,50.92,0.3775,599,292,141,127.58,442.71,0.4875,First Fit
6,1494,6,1255,209.17,8.65,0.84,279,228,202,26.01,249.0,0.8172,Best Fit
8,5737,5,840,168.0,130.01,0.1464,998,369,55,174.4,717.12,0.3697,Worst Fit
4,1307,9,1178,130.89,57.65,0.9013,428,242,54,91.53,326.75,0.5654,First Fit
4,1742,6,2429,404.83,6.77,1.3944,460,414,396,21.98,435.5,0.9,Best Fit
4,2633,7,1201,171.57,136.73,0.4561,738,384,36,62.83,658.25,0.5203,Worst Fit
5,1365,11,1337,121.55,64.82,0.9795,465,292,53,104.81,273.0,0.628,Best Fit
8,1327,4,577,144.25,8.7,0.4348,201,158,135,18.5,165.88,0.7861,First Fit
8,5603,4,701,175.25,119.0,0.1251,961,304,52,186.71,700.38,0.3163,Worst Fit
4,1890,6,1038,173.0,52.95,0.5492,598,260,83,169.87,472.5,0.4348,First Fit
4,1666,7,2648,378.29,7.15,1.5894,427,391,370,15.44,416.5,0.9157,Best Fit
3,2231,10,1959,195.9,149.25,0.8781,923,398,25,206.11,743.67,0.4312,First Fit
7,3595,10,1774,177.4,78.28,0.4935,648,298,60,144.69,513.57,0.4599,First Fit
6,2810,5,2116,423.2,12.92,0.753,496,443,410,26.52,468.33,0.8931,Best Fit
8,5103,9,1634,181.56,144.81,0.3202,902,378,30,147.86,637.88,0.4191,Worst Fit
5,2447,10,2088,208.8,80.92,0.8533,584,288,64,109.88,489.4,0.4932,Best Fit
4,1222,7,1893,270.43,6.78,1.5491,341,285,263,31.18,305.5,0.8358,Best Fit
5,2849,10,1858,185.8,143.8,0.6522,739,397,33,118.81,569.8,0.5372,First Fit
5,2010,4,758,189.5,40.76,0.3771,634,240,146,198.89,402.0,0.3785,First Fit
8,3118,5,1753,350.6,4.32,0.5622,411,356,345,14.08,389.75,0.8662,First Fit
8,5606,7,1103,157.57,138.9,0.1968,946,399,34,169.49,700.75,0.4218,Worst Fit
5,2018,5,1034,206.8,67.95,0.5124,529,291,84,122.51,403.6,0.5501,First Fit
3,473,11,1429,129.91,10.5,3.0211,163,146,112,4.11,157.67,0.8957,Best Fit
7,5150,8,1551,193.88,149.77,0.3012,956,399,29,127.53,735.71,0.4174,Worst Fit
4,1505,5,1066,213.2,53.32,0.7083,609,286,121,162.69,376.25,0.4696,Best Fit
3,801,6,1336,222.67,9.09,1.6679,294,232,206,20.05,267.0,0.7891,Best Fit
4,3192,5,694,138.8,122.08,0.2174,970,292,25,191.65,798.0,0.301,Worst Fit
3,1342,12,1683,140.25,63.62,1.2541,487,209,57,40.93,447.33,0.4292,Worst Fit
4,857,12,2261,188.42,10.2,2.6383,245,205,171,24.77,214.25,0.8367,Best Fit
6,4082,11,2007,182.45,157.58,0.4917,953,396,25,192.1,680.33,0.4155,Worst Fit
4,1837,7,893,127.57,58.55,0.4861,613,222,52,93.96,459.25,0.3622,First Fit
3,888,8,2156,269.5,10.38,2.4279,317,287,255,16.39,296.0,0.9054,Best Fit
3,2083,5,704,140.8,132.42,0.338,975,318,28,213.68,694.33,0.3262,Worst Fit
6,2819,11,1894,172.18,89.84,0.6719,610,297,56,137.09,469.83,0.4869,Best Fit
7,1589,10,1886,188.6,9.85,1.1869,250,202,174,13.69,227.0,0.808,Best Fit
7,5350,6,1145,190.83,132.57,0.214,971,375,39,191.97,764.29,0.3862,Worst Fit
4,2320,9,1580,175.56,69.51,0.681,623,275,58,39.86,580.0,0.4414,Best Fit
8,2741,5,1457,291.4,9.62,0.5316,363,309,280,24.04,342.62,0.8512,First Fit
5,3218,4,777,194.25,129.96,0.2415,682,330,56,23.79,643.6,0.4839,Worst Fit
4,1571,7,1388,198.29,94.92,0.8835,506,294,55,123.28,392.75,0.581,Worst Fit
3,834,12,2922,243.5,9.38,3.5036,309,261,233,22.02,278.0,0.8447,Best Fit
7,4512,11,1822,165.64,127.46,0.4038,919,391,31,172.16,644.57,0.4255,Worst Fit
7,2386,12,2015,167.92,75.3,0.8445,531,289,53,132.14,340.86,0.5443,First Fit
6,2148,7,2240,320.0,12.67,1.0428,382,338,307,26.08,358.0,0.8848,Best Fit
3,2169,12,2187,182.25,135.57,1.0083,889,379,33,134.73,723.0,0.4263,Best Fit
8,3299,12,2388,199.0,83.48,0.7239,545,295,60,112.93,412.38,0.5413,Best Fit
7,2627,5,1743,348.6,11.88,0.6635,398,362,329,18.08,375.29,0.9095,Best Fit
6,4102,6,1110,185.0,130.94,0.2706,952,370,53,155.42,683.67,0.3887,Worst Fit
5,2654,5,1012,202.4,68.21,0.3813,650,289,133,93.37,530.8,0.4446,First Fit
7,1896,5,1256,251.2,3.92,0.6624,312,257,245,28.9,270.86,0.8237,Best Fit
3,1530,4,787,196.75,148.87,0.5144,536,392,42,19.51,510.0,0.7313,Worst Fit
8,3040,8,1449,181.12,49.85,0.4766,543,251,105,94.15,380.0,0.4622,First Fit
6,1647,10,2351,235.1,11.43,1.4274,306,254,221,22.74,274.5,0.8301,Best Fit
4,2828,7,1036,148.0,115.35,0.3663,896,304,26,111.12,707.0,0.3393,Worst Fit
3,1529,4,627,156.75,65.24,0.4101,640,237,92,95.68,509.67,0.3703,First Fit
4,1226,11,3083,280.27,8.7,2.5147,346,297,267,25.4,306.5,0.8584,Best Fit
5,2820,6,1218,203.0,162.54,0.4319,920,389,30,183.55,564.0,0.4228,Worst Fit
3,1542,8,1450,181.25,70.86,0.9403,582,271,62,48.26,514.0,0.4656,Best Fit
5,1575,9,2306,256.22,11.42,1.4641,327,275,241,7.13,315.0,0.841,Best Fit
7,5063,4,768,192.0,146.06,0.1517,969,376,26,174.92,723.29,0.388,Worst Fit
6,2801,9,1444,160.44,79.46,0.5155,606,283,53,103.32,466.83,0.467,First Fit
6,1549,12,2783,231.92,9.67,1.7966,287,245,214,21.35,258.17,0.8537,Best Fit
7,4735,10,2077,207.7,159.94,0.4386,893,395,33,171.25,676.43,0.4423,Worst Fit
5,1864,8,1194,149.25,61.99,0.6406,615,244,71,194.67,372.8,0.3967,First Fit
8,2796,12,3768,314.0,11.25,1.3476,384,328,296,26.26,349.5,0.8542,Best Fit
8,5417,9,1533,170.33,129.8,0.283,968,344,37,187.28,677.12,0.3554,Worst Fit
3,1197,10,1975,197.5,66.79,1.65,570,271,69,124.34,399.0,0.4754,Best Fit
6,2458,10,3605,360.5,10.04,1.4666,423,375,342,21.16,409.67,0.8865,Best Fit
5,3711,8,1539,192.38,136.57,0.4147,974,361,31,194.46,742.2,0.3706,Worst Fit
8,2932,11,1611,146.45,86.67,0.5495,626,280,54,118.06,366.5,0.4473,Worst Fit
5,2068,6,2338,389.67,8.48,1.1306,433,405,378,14.08,413.6,0.9353,Best Fit
5,3190,9,1594,177.11,130.44,0.4997,876,376,48,141.03,638.0,0.4292,Worst Fit
7,2923,5,870,174.0,88.51,0.2976,630,286,63,159.85,417.57,0.454,Worst Fit
6,1941,5,1440,288.0,9.27,0.7419,355,302,273,26.3,323.5,0.8507,Best Fit
6,4572,11,1830,166.36,141.31,0.4003,936,370,30,147.58,762.0,0.3953,Worst Fit
3,863,4,591,147.75,55.82,0.6848,404,218,84,100.87,287.67,0.5396,Best Fit
3,1384,12,4937,411.42,12.67,3.5672,482,434,399,21.91,461.33,0.9004,Best Fit
3,2045,7,1090,155.71,122.85,0.533,780,340,47,97.95,681.67,0.4359,Worst Fit
7,2592,12,1925,160.42,74.34,0.7427,600,292,69,169.08,370.29,0.4867,Best Fit
3,1075,5,1673,334.6,10.21,1.5563,396,342,315,26.89,358.33,0.8636,Best Fit
6,4562,6,1238,206.33,151.41,0.2714,885,390,27,91.83,760.33,0.4407,Worst Fit
5,2156,12,1625,135.42,49.92,0.7537,650,205,61,160.1,431.2,0.3154,Best Fit
6,1082,11,1465,133.18,9.65,1.354,204,146,120,20.32,180.33,0.7157,Best Fit
5,3391,12,2163,180.25,132.54,0.6379,934,356,37,143.84,678.2,0.3812,First Fit
6,2638,8,1355,169.38,46.34,0.5136,628,239,112,172.38,439.67,0.3806,First Fit
3,819,9,2476,275.11,7.32,3.0232,287,284,258,10.03,273.0,0.9895,Best Fit
8,5940,4,684,171.0,121.7,0.1152,984,307,32,171.95,742.5,0.312,Worst Fit
5,1439,7,1710,244.29,23.6,1.1883,330,278,206,52.1,287.8,0.8424,Best Fit
8,1934,5,1090,218.0,9.86,0.5636,274,233,206,15.86,241.75,0.8504,First Fit
8,6031,12,2358,196.5,141.02,0.391,929,397,48,160.88,753.88,0.4273,Worst Fit
6,2494,11,1951,177.36,48.88,0.7823,640,247,100,133.0,415.67,0.3859,Best Fit
4,670,6,975,162.5,8.1,1.4552,194,176,152,15.45,167.5,0.9072,First Fit
3,2621,10,1965,196.5,156.13,0.7497,985,387,31,84.32,873.67,0.3929,Best Fit
5,1961,12,2456,204.67,64.95,1.2524,561,294,82,131.09,392.2,0.5241,Best Fit
6,1040,5,651,130.2,6.49,0.626,207,135,118,22.62,173.33,0.6522,First Fit
8,6237,4,871,217.75,166.36,0.1397,964,398,38,165.15,779.62,0.4129,Worst Fit
4,989,12,1917,159.75,57.24,1.9383,423,246,58,103.27,247.25,0.5816,Best Fit
8,3506,6,2449,408.17,12.28,0.6985,471,421,393,20.89,438.25,0.8938,Best Fit
8,5510,5,800,160.0,124.92,0.1452,978,328,54,220.51,688.75,0.3354,Worst Fit
7,2822,5,858,171.6,63.81,0.304,583,242,59,142.07,403.14,0.4151,First Fit
4,905,7,1349,192.71,9.57,1.4906,239,207,179,14.31,226.25,0.8661,Best Fit
3,2118,8,1509,188.62,146.69,0.7125,823,388,34,142.77,706.0,0.4714,Best Fit
6,2545,10,1775,177.5,69.67,0.6974,629,267,60,146.5,424.17,0.4245,Best Fit
7,1829,4,843,210.75,6.65,0.4609,291,222,205,22.86,261.29,0.7629,First Fit
7,5414,9,1433,159.22,134.09,0.2647,936,351,30,183.07,773.43,0.375,Worst Fit
6,2407,11,1990,180.91,77.86,0.8268,632,297,51,173.75,401.17,0.4699,First Fit
8,3025,11,3809,346.27,8.52,1.2592,400,365,336,14.08,378.12,0.9125,Best Fit
6,4170,5,910,182.0,151.71,0.2182,917,380,52,157.73,695.0,0.4144,Worst Fit
3,1133,11,2166,196.91,49.28,1.9117,529,276,104,151.3,377.67,0.5217,Best Fit
7,1761,7,1593,227.57,7.58,0.9046,283,236,216,21.99,251.57,0.8339,First Fit
4,2634,5,732,146.4,110.86,0.2779,884,303,46,178.95,658.5,0.3428,Worst Fit
8,3530,12,2348,195.67,71.0,0.6652,644,295,66,165.79,441.25,0.4581,Best Fit
8,1318,12,1560,130.0,11.75,1.1836,197,144,114,27.25,164.75,0.731,Best Fit
4,3164,12,2427,202.25,153.27,0.7671,986,385,28,185.36,791.0,0.3905,Best Fit
5,1926,10,2013,201.3,62.38,1.0452,548,285,66,126.27,385.2,0.5201,First Fit
3,994,5,1392,278.4,7.45,1.4004,344,285,267,9.1,331.33,0.8285,Best Fit
4,2429,6,1138,189.67,135.29,0.4685,804,357,32,136.55,607.25,0.444,Worst Fit
3,1135,5,936,187.2,45.4,0.8247,581,263,123,162.95,378.33,0.4527,First Fit
7,2197,12,3284,273.67,10.09,1.4948,341,290,260,23.82,313.86,0.8504,Best Fit
8,5546,9,1526,169.56,136.59,0.2752,931,371,28,168.06,693.25,0.3985,Worst Fit
5,2308,4,576,144.0,85.16,0.2496,609,285,70,136.86,461.6,0.468,Worst Fit
3,1357,12,5119,426.58,13.24,3.7723,491,439,405,28.53,452.33,0.8941,Best Fit
7,4050,9,1697,188.56,153.11,0.419,755,376,31,119.13,578.57,0.498,Worst Fit
6,2345,10,1903,190.3,64.49,0.8115,628,292,72,147.31,390.83,0.465,First Fit
5,1923,10,3471,347.1,11.84,1.805,412,366,331,26.09,384.6,0.8883,Best Fit
6,4085,11,2009,182.64,148.39,0.4918,973,395,30,190.06,680.83,0.406,Worst Fit
8,3583,6,942,157.0,87.17,0.2629,616,276,50,139.23,447.88,0.4481,Worst Fit
4,751,12,1796,149.67,7.19,2.3915,205,161,135,13.77,187.75,0.7854,Best Fit
8,5487,9,1652,183.56,152.46,0.3011,914,399,30,133.98,685.88,0.4365,Worst Fit
8,2447,9,1835,203.89,81.93,0.7499,610,300,51,132.82,305.88,0.4918,First Fit
8,2923,4,1250,312.5,2.5,0.4276,395,315,310,22.16,365.38,0.7975,First Fit
6,3685,9,1552,172.44,152.57,0.4212,737,397,32,99.96,614.17,0.5387,Worst Fit
4,1570,6,902,150.33,68.8,0.5745,490,263,84,103.59,392.5,0.5367,First Fit
7,1470,8,1419,177.38,10.42,0.9653,238,197,164,19.64,210.0,0.8277,Best Fit
8,5868,9,1489,165.44,132.08,0.2537,963,385,41,184.14,733.5,0.3998,Worst Fit
4,1186,10,2126,212.6,89.47,1.7926,391,291,65,93.01,296.5,0.7442,Best Fit
7,1787,9,1963,218.11,10.39,1.0985,282,230,198,17.66,255.29,0.8156,Best Fit
6,3944,7,1326,189.43,149.79,0.3362,927,368,39,158.5,657.33,0.397,Worst Fit
6,2271,12,2057,171.42,63.91,0.9058,521,282,57,108.6,378.5,0.5413,Best Fit
8,1699,5,904,180.8,7.6,0.5321,258,193,171,27.54,212.38,0.7481,First Fit
3,1692,12,2245,187.08,146.91,1.3268,757,385,29,136.69,564.0,0.5086,Best Fit
3,1069,12,2257,188.08,65.36,2.1113,434,283,63,64.53,356.33,0.6521,Best Fit
4,908,4,784,196.0,6.75,0.8634,233,203,187,8.15,227.0,0.8712,Best Fit
7,4688,5,767,153.4,145.82,0.1636,973,347,29,186.15,669.71,0.3566,Worst Fit
7,3025,10,1919,191.9,68.82,0.6344,620,287,82,162.3,432.14,0.4629,First Fit
6,2697,12,5053,421.08,9.3,1.8736,476,434,407,16.18,449.5,0.9118,Best Fit
6,4065,12,2150,179.17,130.56,0.5289,858,389,37,117.56,677.5,0.4534,Worst Fit
5,1750,11,1888,171.64,76.71,1.0789,480,270,66,73.68,350.0,0.5625,Best Fit
5,1743,11,3655,332.27,8.6,2.097,371,347,317,15.4,348.6,0.9353,Best Fit
7,4940,11,1946,176.91,137.96,0.3939,977,386,27,167.44,705.71,0.3951,Worst Fit
6,2965,9,1316,146.22,86.41,0.4438,646,287,57,160.39,494.17,0.4443,Worst Fit
4,744,9,1688,187.56,12.59,2.2688,196,202,167,6.6,186.0,1.0306,Best Fit
6,4347,8,1495,186.88,144.34,0.3439,906,372,35,157.49,724.5,0.4106,Worst Fit
4,1595,10,1430,143.0,72.65,0.8966,467,267,53,50.93,398.75,0.5717,First Fit
5,2038,9,3428,380.89,6.84,1.682,423,390,366,15.23,407.6,0.922,Best Fit
5,3529,9,1412,156.89,114.07,0.4001,995,315,37,185.72,705.8,0.3166,Worst Fit
8,2470,6,958,159.67,57.96,0.3879,484,264,99,98.75,308.75,0.5455,First Fit
8,3174,10,3768,376.8,9.28,1.1871,434,388,363,23.08,396.75,0.894,First Fit
3,2290,7,1068,152.57,130.16,0.4664,908,338,28,175.07,763.33,0.3722,Worst Fit
3,1182,5,516,103.2,45.23,0.4365,494,174,52,103.16,394.0,0.3522,First Fit
3,995,6,1741,290.17,7.8,1.7497,355,298,276,27.54,331.67,0.8394,Best Fit
5,3862,4,653,163.25,108.06,0.1691,973,286,39,132.25,772.4,0.2939,Worst Fit
3,1249,4,814,203.5,46.11,0.6517,583,257,134,137.18,416.33,0.4408,Best Fit
3,928,9,2534,281.56,12.07,2.7306,341,302,269,23.98,309.33,0.8856,Best Fit
4,2800,4,844,211.0,145.9,0.3014,889,383,59,156.48,700.0,0.4308,Worst Fit
4,2395,9,1687,187.44,75.88,0.7044,620,299,59,14.11,598.75,0.4823,Best Fit
7,3195,7,2926,418.0,5.15,0.9158,479,427,413,20.56,456.43,0.8914,Best Fit
3,2572,9,1574,174.89,150.59,0.612,983,382,25,122.63,857.33,0.3886,First Fit
8,3214,10,1936,193.6,56.58,0.6024,620,251,74,122.28,401.75,0.4048,First Fit
7,1334,7,1026,146.57,6.82,0.7691,214,153,135,22.87,190.57,0.715,Best Fit
8,6129,5,851,170.2,138.51,0.1388,936,343,33,155.64,766.12,0.3665,Worst Fit
7,2213,6,718,119.67,60.7,0.3244,445,244,63,108.0,316.14,0.5483,First Fit
3,1185,5,1780,356.0,9.25,1.5021,426,368,341,21.92,395.0,0.8638,Best Fit
4,2650,11,2081,189.18,162.59,0.7853,864,399,30,190.12,662.5,0.4618,Best Fit
6,2046,6,1034,172.33,62.47,0.5054,631,270,60,175.6,341.0,0.4279,First Fit
3,522,8,1140,142.5,7.02,2.1839,206,150,131,28.39,174.0,0.7282,Best Fit
6,4688,7,1253,179.0,147.61,0.2673,924,392,37,171.55,781.33,0.4242,Worst Fit
8,3226,11,1804,164.0,79.02,0.5592,501,285,65,72.34,403.25,0.5689,First Fit
6,2149,12,3884,323.67,9.6,1.8074,391,335,309,22.03,358.17,0.8568,Best Fit
6,4239,5,807,161.4,143.43,0.1904,942,389,25,183.31,706.5,0.413,Worst Fit
3,903,11,1839,167.18,67.84,2.0365,495,282,62,141.01,301.0,0.5697,Best Fit
3,523,10,1359,135.9,9.76,2.5985,204,152,121,32.56,174.33,0.7451,Best Fit
4,3201,6,1158,193.0,132.66,0.3618,934,352,59,99.38,800.25,0.3769,Worst Fit
4,1209,5,790,158.0,81.18,0.6534,412,279,64,65.02,302.25,0.6772,Best Fit
8,2100,6,1309,218.17,10.88,0.6233,287,235,202,15.39,262.5,0.8188,First Fit
4,2602,8,1447,180.88,141.87,0.5561,681,386,31,25.2,650.5,0.5668,First Fit
4,1363,9,1509,167.67,82.26,1.1071,386,281,66,42.81,340.75,0.728,First Fit
3,1165,11,3968,360.73,7.88,3.406,402,378,351,14.66,388.33,0.9403,Best Fit
8,5594,4,829,207.25,142.32,0.1482,937,367,64,198.91,699.25,0.3917,Worst Fit
3,1116,7,1281,183.0,79.38,1.1478,543,272,50,147.05,372.0,0.5009,First Fit
6,1022,9,1392,154.67,8.43,1.362,221,166,142,25.32,170.33,0.7511,First Fit
3,1906,11,1830,166.36,132.88,0.9601,795,368,28,147.63,635.33,0.4629,Best Fit
7,2651,11,2189,199.0,75.55,0.8257,521,289,81,107.34,378.71,0.5547,First Fit
4,941,5,1008,201.6,3.44,1.0712,265,206,197,26.45,235.25,0.7774,Best Fit
3,2077,7,1168,166.86,145.82,0.5623,831,379,33,168.61,692.33,0.4561,First Fit
8,2916,5,797,159.4,96.13,0.2733,636,294,57,161.03,364.5,0.4623,Worst Fit
8,2593,12,3521,293.42,10.49,1.3579,354,307,273,20.97,324.12,0.8672,Best Fit
7,5212,5,727,145.4,133.94,0.1395,945,358,37,180.88,744.57,0.3788,Worst Fit
4,1047,10,1819,181.9,72.21,1.7373,362,293,56,59.79,261.75,0.8094,Best Fit
4,1247,6,1552,258.67,5.93,1.2446,332,266,251,19.27,311.75,0.8012,Best Fit
5,3888,12,2125,177.08,125.41,0.5466,957,358,40,180.73,777.6,0.3741,Worst Fit
8,2859,11,1909,173.55,74.28,0.6677,485,271,67,91.06,357.38,0.5588,Best Fit
8,3411,12,4791,399.25,7.52,1.4046,468,411,387,18.57,426.38,0.8782,Best Fit
7,4558,5,749,149.8,119.51,0.1643,827,329,26,107.6,651.14,0.3978,Worst Fit
8,3098,5,828,165.6,89.9,0.2673,562,280,57,122.52,387.25,0.4982,Worst Fit
5,1952,8,2879,359.88,7.66,1.4749,432,369,348,30.13,390.4,0.8542,Best Fit
6,3637,5,886,177.2,147.33,0.2436,875,379,43,165.03,606.17,0.4331,Worst Fit
7,2480,11,1770,160.91,75.26,0.7137,621,286,73,149.87,354.29,0.4605,Best Fit
6,2055,4,1273,318.25,8.53,0.6195,372,331,307,21.22,342.5,0.8898,First Fit
6,4478,12,2290,190.83,139.66,0.5114,860,381,35,103.21,746.33,0.443,Worst Fit
4,1750,6,935,155.83,84.28,0.5343,584,266,61,137.86,437.5,0.4555,Worst Fit
6,2723,9,3801,422.33,10.26,1.3959,476,435,405,15.46,453.83,0.9139,Best Fit
5,3246,12,2201,183.42,133.35,0.6781,850,360,34,175.48,649.2,0.4235,Best Fit
6,2361,8,1614,201.75,78.36,0.6836,581,280,80,148.96,393.5,0.4819,Best Fit
8,3526,11,4416,401.45,11.01,1.2524,471,418,383,13.55,440.75,0.8875,Best Fit
6,4156,7,1215,173.57,134.28,0.2923,853,374,45,175.55,692.67,0.4385,Worst Fit
5,1953,12,1991,165.92,72.02,1.0195,610,289,56,169.65,390.6,0.4738,Best Fit
3,947,9,2774,308.22,6.21,2.9293,329,316,294,12.47,315.67,0.9605,Best Fit
5,3516,4,806,201.5,156.24,0.2292,823,387,36,116.26,703.2,0.4702,Worst Fit
5,1318,4,981,245.25,33.96,0.7443,319,292,199,48.31,263.6,0.9154,Best Fit
4,855,6,1209,201.5,11.66,1.414,234,220,188,14.52,213.75,0.9402,Best Fit
7,4787,4,734,183.5,129.29,0.1533,859,330,46,132.25,683.86,0.3842,Worst Fit
5,1673,12,2227,185.58,77.3,1.3311,432,295,53,85.2,334.6,0.6829,First Fit
7,1083,10,1345,134.5,10.48,1.2419,193,151,122,18.13,154.71,0.7824,Best Fit
7,4594,8,1459,182.38,149.17,0.3176,853,379,30,146.29,656.29,0.4443,Worst Fit
7,2871,9,1542,171.33,81.17,0.5371,561,293,71,116.82,410.14,0.5223,Worst Fit
8,1675,9,1539,171.0,11.02,0.9188,235,188,154,21.02,209.38,0.8,Best Fit
7,4678,6,1227,204.5,145.84,0.2623,887,362,41,143.35,668.29,0.4081,Worst Fit
8,3486,11,2163,196.64,68.69,0.6205,608,290,70,121.4,435.75,0.477,First Fit
5,806,8,1124,140.5,9.18,1.3945,204,153,129,22.04,161.2,0.75,Best Fit
3,1799,11,2021,183.73,137.64,1.1234,656,365,51,44.21,599.67,0.5564,First Fit
5,1858,9,1476,164.0,51.58,0.7944,611,222,77,156.54,371.6,0.3633,Best Fit
7,2258,7,2066,295.14,13.0,0.915,346,310,278,16.77,322.57,0.896,Best Fit
3,1674,10,2008,200.8,148.42,1.1995,633,385,49,79.48,558.0,0.6082,Best Fit
7,3022,12,2013,167.75,74.6,0.6661,619,254,50,173.74,431.71,0.4103,Best Fit
5,1334,9,2048,227.56,8.3,1.5352,292,236,209,19.54,266.8,0.8082,Best Fit
8,5003,8,1550,193.75,146.13,0.3098,971,393,42,208.02,625.38,0.4047,Worst Fit
8,2918,4,530,132.5,81.35,0.1816,642,270,67,165.56,364.75,0.4206,Worst Fit
7,2492,11,3447,313.36,11.27,1.3832,378,329,295,14.04,356.0,0.8704,Best Fit
6,3949,6,1002,167.0,129.18,0.2537,846,340,30,160.32,658.17,0.4019,Worst Fit
5,1816,10,1505,150.5,63.44,0.8287,582,273,57,142.24,363.2,0.4691,First Fit
6,1812,10,2941,294.1,9.66,1.6231,333,308,275,20.64,302.0,0.9249,Best Fit
8,5964,4,790,197.5,162.72,0.1325,977,381,33,176.29,745.5,0.39,Worst Fit
7,2885,5,1146,229.2,39.75,0.3972,553,281,184,110.26,412.14,0.5081,First Fit
5,1346,9,1956,217.33,5.73,1.4532,287,227,210,21.91,269.2,0.7909,Best Fit
5,3886,10,1735,173.5,128.43,0.4465,992,336,28,185.35,777.2,0.3387,Worst Fit
4,2304,12,1999,166.58,64.76,0.8676,639,265,54,67.95,576.0,0.4147,Best Fit
8,2053,4,904,226.0,3.16,0.4403,288,230,222,23.6,256.62,0.7986,First Fit
4,3209,6,1111,185.17,118.13,0.3462,942,346,63,95.45,802.25,0.3673,Worst Fit
4,1516,10,1647,164.7,82.56,1.0864,538,286,59,110.06,379.0,0.5316,Best Fit
4,1630,6,2219,369.83,8.01,1.3613,429,379,359,21.48,407.5,0.8834,Best Fit
6,4475,6,1039,173.17,126.77,0.2322,911,327,25,181.36,745.83,0.3589,Worst Fit
7,2900,11,2308,209.82,49.31,0.7959,631,263,75,173.49,414.29,0.4168,First Fit
8,2405,9,2385,265.0,12.01,0.9917,333,284,252,20.65,300.62,0.8529,Best Fit
7,5255,4,822,205.5,144.04,0.1564,969,376,53,208.95,750.71,0.388,Worst Fit
7,2449,7,1024,146.29,65.63,0.4181,495,243,52,108.37,349.86,0.4909,First Fit
7,1235,8,1249,156.12,11.12,1.0113,204,168,135,19.07,176.43,0.8235,Best Fit
6,3778,5,689,137.8,103.83,0.1824,968,270,27,186.53,629.67,0.2789,Worst Fit
8,3356,4,608,152.0,43.78,0.1812,571,192,81,124.53,419.5,0.3363,First Fit
5,1358,10,2353,235.3,8.03,1.7327,301,247,220,18.22,271.6,0.8206,Best Fit
4,2745,12,2396,199.67,148.93,0.8729,975,381,27,200.53,686.25,0.3908,First Fit
6,1747,12,1935,161.25,60.33,1.1076,486,274,59,129.84,291.17,0.5638,First Fit
6,2652,7,2944,420.57,9.71,1.1101,467,433,404,21.13,442.0,0.9272,First Fit
5,2887,6,1098,183.0,133.25,0.3803,820,374,32,152.25,577.4,0.4561,Worst Fit
5,1978,8,1116,139.5,48.05,0.5642,530,205,81,118.3,395.6,0.3868,First Fit
3,1303,5,1918,383.6,9.0,1.472,445,396,368,8.22,434.33,0.8899,Best Fit
6,4079,7,1162,166.0,134.86,0.2849,873,341,37,132.41,679.83,0.3906,Worst Fit
7,3017,8,1403,175.38,86.37,0.465,618,269,54,111.1,431.0,0.4353,Worst Fit
3,905,5,1300,260.0,11.54,1.4365,315,274,248,17.46,301.67,0.8698,Best Fit
8,5120,6,1032,172.0,118.7,0.2016,921,329,47,175.44,640.0,0.3572,Worst Fit
8,3545,5,991,198.2,58.86,0.2795,588,288,111,130.91,443.12,0.4898,First Fit
5,1603,6,1768,294.67,9.69,1.1029,342,310,281,17.62,320.6,0.9064,First Fit
5,3033,6,1206,201.0,142.93,0.3976,790,387,51,122.58,606.6,0.4899,Worst Fit
4,1486,8,1304,163.0,82.7,0.8775,482,296,74,100.54,371.5,0.6141,First Fit
5,1894,5,1787,357.4,8.55,0.9435,417,368,347,25.03,378.8,0.8825,Best Fit
8,5848,4,639,159.75,122.84,0.1093,954,289,36,160.92,731.0,0.3029,Worst Fit
4,1834,9,1520,168.89,50.47,0.8288,618,230,94,139.4,458.5,0.3722,Best Fit
7,2804,10,3713,371.3,11.82,1.3242,434,385,350,22.9,400.57,0.8871,Best Fit
8,6024,9,1483,164.78,137.2,0.2462,999,373,35,140.57,753.0,0.3734,Worst Fit
3,973,7,1289,184.14,63.63,1.3248,351,257,66,30.91,324.33,0.7322,First Fit
3,855,5,1313,262.6,12.03,1.5357,318,280,251,23.51,285.0,0.8805,Best Fit
7,4652,5,834,166.8,152.03,0.1793,937,383,29,212.02,664.57,0.4088,Worst Fit
4,1434,6,1139,189.83,74.8,0.7943,575,279,64,135.38,358.5,0.4852,Best Fit
5,986,11,1554,141.27,10.81,1.5761,211,161,132,7.63,197.2,0.763,Best Fit
3,2410,7,1294,184.86,156.86,0.5369,993,392,29,186.37,803.33,0.3948,Worst Fit
3,1530,8,1057,132.12,48.1,0.6908,601,199,62,65.74,510.0,0.3311,Best Fit
4,1139,8,2097,262.12,7.56,1.8411,321,272,250,27.66,284.75,0.8474,Best Fit
5,3876,7,1103,157.57,139.99,0.2846,935,372,33,181.01,775.2,0.3979,Worst Fit
3,1426,11,1830,166.36,73.78,1.2833,650,272,86,221.37,475.33,0.4185,First Fit
8,1764,11,2328,211.64,8.28,1.3197,268,226,201,20.81,220.5,0.8433,Best Fit
7,5153,8,1366,170.75,126.14,0.2651,955,318,30,176.9,736.14,0.333,Worst Fit
4,1837,7,1202,171.71,58.04,0.6543,516,282,81,40.97,459.25,0.5465,Best Fit
5,2151,5,2016,403.2,12.8,0.9372,461,413,378,22.68,430.2,0.8959,First Fit
6,5121,5,813,162.6,137.95,0.1588,922,369,29,45.68,853.5,0.4002,Worst Fit
4,1456,8,1241,155.12,67.97,0.8523,542,266,53,126.64,364.0,0.4908,First Fit
8,3668,5,2084,416.8,6.49,0.5682,489,427,408,17.48,458.5,0.8732,First Fit
7,5444,9,1628,180.89,152.78,0.299,922,400,38,177.25,777.71,0.4338,Worst Fit
7,3286,11,2151,195.55,79.46,0.6546,629,297,74,125.36,469.43,0.4722,Best Fit
6,1258,4,793,198.25,3.96,0.6304,236,203,193,18.95,209.67,0.8602,First Fit
6,4793,10,1854,185.4,126.7,0.3868,976,383,30,139.81,798.83,0.3924,Worst Fit
8,3234,4,557,139.25,85.73,0.1722,647,281,51,174.78,404.25,0.4343,Worst Fit
8,1905,7,1272,181.71,4.53,0.6677,263,187,175,13.02,238.12,0.711,Best Fit
8,5130,7,1181,168.71,148.33,0.2302,869,393,29,138.29,641.25,0.4522,Worst Fit
5,2134,9,1513,168.11,73.38,0.709,650,277,55,158.88,426.8,0.4262,Best Fit
7,1789,11,2383,216.64,11.93,1.332,284,232,201,20.04,255.57,0.8169,Best Fit
3,2139,8,1694,211.75,156.26,0.792,899,394,38,144.74,713.0,0.4383,First Fit
4,1266,4,516,129.0,65.47,0.4076,508,200,50,114.38,316.5,0.3937,First Fit
5,1594,10,2975,297.5,11.5,1.8664,353,314,280,22.88,318.8,0.8895,Best Fit
6,3619,10,1972,197.2,135.95,0.5449,817,382,47,130.61,603.17,0.4676,Worst Fit
4,1593,4,761,190.25,82.54,0.4777,604,260,51,144.75,398.25,0.4305,Worst Fit
4,1546,7,2508,358.29,9.25,1.6223,399,374,345,12.5,386.5,0.9373,Best Fit
4,2700,4,700,175.0,113.15,0.2593,746,290,54,68.05,675.0,0.3887,Worst Fit
5,2315,12,2595,216.25,50.19,1.121,596,286,144,82.25,463.0,0.4799,Best Fit
7,3010,11,4497,408.82,10.95,1.494,462,424,390,20.61,430.0,0.9177,Best Fit
7,4587,12,2191,182.58,124.76,0.4777,887,340,26,183.65,655.29,0.3833,Worst Fit
4,1602,8,1329,166.12,63.85,0.8296,516,237,56,94.91,400.5,0.4593,Best Fit
6,1848,9,2500,277.78,12.56,1.3528,327,294,260,9.36,308.0,0.8991,Best Fit
4,2646,4,669,167.25,93.97,0.2528,895,270,72,145.16,661.5,0.3017,Worst Fit
3,953,9,1419,157.67,67.29,1.489,451,256,52,96.82,317.67,0.5676,Best Fit
8,1560,8,1263,157.88,12.06,0.8096,225,171,140,23.44,195.0,0.76,First Fit
5,3676,6,1068,178.0,140.37,0.2905,947,370,31,194.31,735.2,0.3907,Worst Fit
3,1215,4,693,173.25,96.0,0.5704,610,274,62,171.17,405.0,0.4492,First Fit
3,571,4,697,174.25,9.09,1.2207,214,187,162,20.04,190.33,0.8738,Best Fit
8,5367,9,1552,172.44,139.06,0.2892,986,362,30,232.1,670.88,0.3671,Worst Fit
5,2104,5,721,144.2,47.69,0.3427,617,214,94,159.0,420.8,0.3468,First Fit
7,1648,5,1001,200.2,5.95,0.6074,270,210,194,18.71,235.43,0.7778,First Fit
6,4466,10,1895,189.5,145.25,0.4243,951,392,31,189.52,744.33,0.4122,Worst Fit
7,2425,8,1306,163.25,70.52,0.5386,504,285,60,111.19,346.43,0.5655,First Fit
7,1562,4,713,178.25,10.08,0.4565,258,195,169,24.36,223.14,0.7558,First Fit
3,1923,7,1100,157.14,130.58,0.572,707,378,36,53.89,641.0,0.5347,First Fit
3,1281,9,1541,171.22,74.76,1.203,546,267,57,115.84,427.0,0.489,Best Fit
7,1491,6,1109,184.83,10.12,0.7438,253,200,171,25.72,213.0,0.7905,Best Fit
7,5400,10,1924,192.4,139.7,0.3563,998,391,43,164.12,771.43,0.3918,Worst Fit
4,1094,7,1560,222.86,64.66,1.426,463,267,66,115.54,273.5,0.5767,Best Fit
5,1534,11,3004,273.09,10.82,1.9583,340,290,255,26.96,306.8,0.8529,Best Fit
7,5115,6,1059,176.5,137.44,0.207,916,394,26,151.06,730.71,0.4301,Worst Fit
3,728,4,978,244.5,42.93,1.3434,285,290,174,31.63,242.67,1.0175,Best Fit
5,2144,7,2872,410.29,7.21,1.3396,437,423,398,6.79,428.8,0.968,Best Fit
5,3725,8,1639,204.88,142.23,0.44,981,395,64,201.57,745.0,0.4027,Worst Fit
5,1587,6,1231,205.17,72.96,0.7757,539,289,100,136.34,317.4,0.5362,Best Fit
6,1008,9,1276,141.78,9.37,1.2659,193,150,123,15.81,168.0,0.7772,Best Fit
8,5636,4,857,214.25,146.36,0.1521,930,368,65,143.87,704.5,0.3957,Worst Fit
3,1274,8,1245,155.62,54.75,0.9772,519,248,84,73.74,424.67,0.4778,First Fit
4,1452,4,1395,348.75,9.15,0.9607,382,362,338,14.51,363.0,0.9476,Best Fit
7,4530,4,638,159.5,117.17,0.1408,917,291,26,192.63,647.14,0.3173,Worst Fit
3,784,11,2143,194.82,80.61,2.7334,391,299,56,98.33,261.33,0.7647,First Fit
7,1105,5,630,126.0,8.65,0.5701,184,138,116,16.96,157.86,0.75,First Fit
6,3857,4,833,208.25,162.24,0.216,910,385,37,204.73,642.83,0.4231,Worst Fit
3,883,5,793,158.6,79.36,0.8981,347,297,76,52.32,294.33,0.8559,Best Fit
6,1085,4,521,130.25,6.76,0.4802,203,136,119,29.82,180.83,0.67,First Fit
5,3635,5,772,154.4,129.66,0.2124,909,347,27,124.42,727.0,0.3817,Worst Fit
4,1899,11,1938,176.18,80.32,1.0205,614,290,66,146.56,474.75,0.4723,Best Fit
4,764,5,789,157.8,13.54,1.0327,220,174,142,23.25,191.0,0.7909,Best Fit
7,4739,5,957,191.4,163.01,0.2019,846,396,55,136.46,677.0,0.4681,Worst Fit
8,3163,10,1785,178.5,61.57,0.5643,500,264,72,87.11,395.38,0.528,First Fit
3,1282,6,2374,395.67,10.45,1.8518,460,409,380,28.29,427.33,0.8891,Best Fit
4,2684,4,693,173.25,142.02,0.2582,972,340,26,203.32,671.0,0.3498,Worst Fit
8,2698,7,851,121.57,35.43,0.3154,599,156,52,162.0,337.25,0.2604,First Fit
5,1667,4,1206,301.5,4.72,0.7235,374,309,297,27.22,333.4,0.8262,Best Fit
8,4754,8,1574,196.75,153.8,0.3311,691,389,25,86.63,594.25,0.563,Worst Fit
4,1512,4,796,199.0,35.11,0.5265,514,244,154,93.07,378.0,0.4747,First Fit
3,784,5,1145,229.0,8.49,1.4605,278,237,213,17.0,261.33,0.8525,Best Fit
7,4625,12,2226,185.5,142.19,0.4813,820,385,27,140.37,660.71,0.4695,Worst Fit
3,1789,11,1902,172.91,53.52,1.0632,611,268,99,12.26,596.33,0.4386,Worst Fit
5,1377,5,1240,248.0,6.96,0.9005,316,260,240,24.43,275.4,0.8228,Best Fit
6,4215,12,2139,178.25,123.84,0.5075,906,349,37,123.25,702.5,0.3852,Worst Fit
8,3069,12,1823,151.92,54.14,0.594,533,246,88,118.05,383.62,0.4615,First Fit
8,3034,5,1741,348.2,4.83,0.5738,423,355,342,25.81,379.25,0.8392,First Fit
5,3459,6,1091,181.83,137.71,0.3154,997,376,34,205.8,691.8,0.3771,Worst Fit
4,2161,4,440,110.0,32.84,0.2036,618,149,76,84.45,540.25,0.2411,First Fit
8,1309,12,1589,132.42,11.94,1.2139,200,147,114,27.62,163.62,0.735,Best Fit
5,3524,8,1522,190.25,134.09,0.4319,913,355,27,187.62,704.8,0.3888,Worst Fit
6,1942,10,1808,180.8,77.59,0.931,564,284,54,147.4,323.67,0.5035,Best Fit
5,1742,10,3188,318.8,11.5,1.8301,386,334,301,23.04,348.4,0.8653,Best Fit
6,3988,9,1672,185.78,159.03,0.4193,970,388,33,192.7,664.67,0.4,Worst Fit
8,2612,9,1534,170.44,74.05,0.5873,567,297,75,129.1,326.5,0.5238,First Fit
3,951,10,2922,292.2,11.45,3.0726,347,311,276,21.46,317.0,0.8963,Best Fit
8,5882,8,1292,161.5,109.3,0.2197,929,282,41,151.21,735.25,0.3036,Worst Fit
8,3393,10,1631,163.1,90.16,0.4807,599,289,61,157.18,424.12,0.4825,Worst Fit
6,2520,10,3691,369.1,7.87,1.4647,445,384,356,28.23,420.0,0.8629,Best Fit
6,4560,8,1371,171.38,122.83,0.3007,969,351,38,152.38,760.0,0.3622,Worst Fit
7,2468,11,1604,145.82,77.91,0.6499,643,294,65,153.76,352.57,0.4572,First Fit
5,914,7,1076,153.71,9.02,1.1772,210,164,141,27.52,182.8,0.781,Best Fit
8,5880,5,742,148.4,109.39,0.1262,986,291,34,179.83,735.0,0.2951,Worst Fit
3,1757,4,858,214.5,52.01,0.4883,600,259,126,18.19,585.67,0.4317,First Fit
5,1070,8,1380,172.5,12.42,1.2897,233,186,154,19.86,214.0,0.7983,Best Fit
7,4411,11,1874,170.36,144.36,0.4248,967,396,25,187.26,630.14,0.4095,Worst Fit
3,1086,10,1941,194.1,53.94,1.7873,562,270,78,148.63,362.0,0.4804,Worst Fit
5,2181,6,2299,383.17,9.39,1.0541,456,397,371,12.95,436.2,0.8706,Best Fit
7,4662,8,1324,165.5,125.0,0.284,893,358,27,146.43,666.0,0.4009,Worst Fit
5,2498,5,983,196.6,63.49,0.3935,599,291,121,101.53,499.6,0.4858,First Fit
5,1563,10,2844,284.4,10.5,1.8196,347,299,268,18.99,312.6,0.8617,Best Fit
6,4437,9,1599,177.67,138.49,0.3604,984,390,27,156.55,739.5,0.3963,Worst Fit
8,2903,10,1988,198.8,70.37,0.6848,562,289,74,137.45,362.88,0.5142,First Fit
6,1086,12,1993,166.08,8.44,1.8352,202,181,152,17.93,181.0,0.896,Best Fit
4,2741,10,1956,195.6,143.1,0.7136,934,384,38,177.79,685.25,0.4111,Best Fit
4,1498,6,1126,187.67,45.75,0.7517,582,259,110,155.56,374.5,0.445,Best Fit
3,1132,8,2684,335.5,7.07,2.371,402,345,325,32.1,377.33,0.8582,Best Fit
4,2604,7,1170,167.14,134.33,0.4493,796,368,44,141.15,651.0,0.4623,Worst Fit
3,1546,8,1375,171.88,46.16,0.8894,561,254,125,42.85,515.33,0.4528,Best Fit
4,1497,12,3878,323.17,9.71,2.5905,393,341,308,15.22,374.25,0.8677,Best Fit
7,3871,4,783,195.75,153.29,0.2023,731,373,40,75.45,553.0,0.5103,Worst Fit
8,3463,10,1988,198.8,60.25,0.5741,632,292,87,157.28,432.88,0.462,First Fit
6,1749,6,1456,242.67,7.65,0.8325,315,256,232,22.57,291.5,0.8127,Best Fit
8,5760,12,2018,168.17,129.86,0.3503,910,311,26,184.6,720.0,0.3418,Worst Fit
3,1446,5,1023,204.6,68.08,0.7075,628,289,81,164.59,482.0,0.4602,Best Fit
7,2807,7,2733,390.43,12.49,0.9736,427,407,372,14.31,401.0,0.9532,Best Fit
7,5279,7,1178,168.29,130.57,0.2231,906,359,46,107.26,754.14,0.3962,Worst Fit
5,1393,7,1098,156.86,57.09,0.7882,448,236,57,112.62,278.6,0.5268,First Fit
8,3007,10,3436,343.6,10.21,1.1427,412,357,325,31.01,375.88,0.8665,Best Fit
3,2434,9,1474,163.78,135.68,0.6056,996,369,28,197.82,811.33,0.3705,First Fit
5,1816,8,1589,198.62,32.89,0.875,635,257,138,150.88,363.2,0.4047,First Fit
7,2973,7,2787,398.14,10.01,0.9374,457,409,381,22.37,424.71,0.895,First Fit
6,3507,12,2228,185.67,134.33,0.6353,804,363,28,115.27,584.5,0.4515,First Fit
5,2210,9,1771,196.78,88.62,0.8014,588,299,58,155.04,442.0,0.5085,First Fit
4,1240,10,2957,295.7,9.83,2.3847,344,309,275,23.02,310.0,0.8983,Best Fit
5,3380,10,1616,161.6,118.31,0.4781,922,313,30,162.07,676.0,0.3395,Worst Fit
8,3544,12,2200,183.33,76.17,0.6208,602,276,59,125.15,443.0,0.4585,First Fit
3,841,8,1970,246.25,12.02,2.3424,296,264,232,22.16,280.33,0.8919,Best Fit
6,4177,9,1576,175.11,141.08,0.3773,960,389,33,162.52,696.17,0.4052,Worst Fit
4,1719,8,1559,194.88,42.71,0.9069,640,278,146,150.56,429.75,0.4344,Best Fit
7,2415,11,3595,326.82,11.17,1.4886,388,340,309,28.12,345.0,0.8763,Best Fit
5,3471,10,1979,197.9,147.02,0.5702,811,382,36,114.34,694.2,0.471,First Fit
5,2636,6,857,142.83,49.78,0.3251,624,244,100,73.62,527.2,0.391,First Fit
6,2407,8,2837,354.62,6.16,1.1786,431,365,344,20.21,401.17,0.8469,Best Fit
4,2483,8,1518,189.75,153.05,0.6114,882,397,27,175.12,620.75,0.4501,First Fit
8,3589,4,712,178.0,63.78,0.1984,636,244,80,146.88,448.62,0.3836,First Fit
4,1365,10,3069,306.9,10.68,2.2484,379,323,293,22.04,341.25,0.8522,Best Fit
5,3302,6,1149,191.5,151.59,0.348,859,382,30,144.46,660.4,0.4447,Worst Fit
3,1186,4,943,235.75,34.09,0.7951,529,284,198,146.76,395.33,0.5369,Best Fit
6,1889,12,3294,274.5,7.31,1.7438,343,288,262,26.32,314.83,0.8397,Best Fit
8,5637,4,692,173.0,127.33,0.1228,978,313,45,203.11,704.62,0.32,Worst Fit
8,3939,7,935,133.57,59.27,0.2374,641,221,65,146.19,492.38,0.3448,First Fit
3,1048,4,1223,305.75,7.46,1.167,378,313,296,21.3,349.33,0.828,Best Fit
4,3112,7,990,141.43,117.11,0.3181,889,303,32,91.22,778.0,0.3408,Worst Fit
7,2908,5,764,152.8,47.42,0.2627,608,235,99,131.11,415.43,0.3865,First Fit
4,1651,7,2696,385.14,13.35,1.6329,440,402,368,20.0,412.75,0.9136,Best Fit
7,5091,12,2412,201.0,136.49,0.4738,963,388,55,154.11,727.29,0.4029,Worst Fit
4,1655,7,1391,198.71,65.94,0.8405,560,291,103,128.98,413.75,0.5196,First Fit
4,1743,8,3164,395.5,5.92,1.8153,442,403,384,3.96,435.75,0.9118,Best Fit
4,2444,10,1878,187.8,145.72,0.7684,824,400,34,148.82,611.0,0.4854,Best Fit
3,1662,9,1696,188.44,78.95,1.0205,634,297,77,56.59,554.0,0.4685,First Fit
5,2247,4,1695,423.75,10.16,0.7543,481,437,412,22.74,449.4,0.9085,Best Fit
6,3926,4,755,188.75,120.27,0.1923,865,334,65,138.31,654.33,0.3861,Worst Fit
3,871,5,858,171.6,88.4,0.9851,368,295,65,70.68,290.33,0.8016,First Fit
8,2469,10,2841,284.1,7.65,1.1507,345,295,270,19.11,308.62,0.8551,Best Fit
5,2661,10,1879,187.9,131.84,0.7061,736,363,35,120.89,532.2,0.4932,Best Fit
3,846,12,2339,194.92,73.0,2.7648,418,277,64,98.31,282.0,0.6627,Best Fit
5,2076,7,2593,370.43,5.97,1.249,431,380,364,16.59,415.2,0.8817,Best Fit
7,4849,12,2348,195.67,144.18,0.4842,961,400,48,158.12,692.71,0.4162,Worst Fit
7,2869,6,1216,202.67,57.96,0.4238,629,300,109,142.63,409.86,0.4769,First Fit
3,1044,4,1338,334.5,12.13,1.2816,364,347,320,11.78,348.0,0.9533,Best Fit
5,3639,11,1936,176.0,147.37,0.532,926,396,26,189.72,727.8,0.4276,Worst Fit
6,2497,9,1873,208.11,65.12,0.7501,642,279,96,142.36,416.17,0.4346,Best Fit
7,2081,6,1548,258.0,10.03,0.7439,320,268,239,13.24,297.29,0.8375,Best Fit
5,3841,8,1460,182.5,139.6,0.3801,972,388,28,198.94,768.2,0.3992,Worst Fit
4,2053,4,869,217.25,61.58,0.4233,642,279,126,105.73,513.25,0.4346,First Fit
4,1624,9,3237,359.67,10.19,1.9932,428,375,343,21.12,406.0,0.8762,Best Fit
3,1841,6,1134,189.0,144.77,0.616,735,377,27,133.33,613.67,0.5129,First Fit
4,1473,9,1487,165.22,67.53,1.0095,631,284,71,180.39,368.25,0.4501,Worst Fit
3,878,11,2747,249.73,10.07,3.1287,320,262,230,19.75,292.67,0.8187,Best Fit
3,2344,11,1857,168.82,134.01,0.7922,841,350,33,73.36,781.33,0.4162,Best Fit
6,2506,8,1007,125.88,54.05,0.4018,539,219,67,133.96,417.67,0.4063,First Fit
8,1415,12,1775,147.92,11.66,1.2544,202,162,129,17.18,176.88,0.802,Best Fit
5,3271,12,2320,193.33,156.7,0.7093,845,395,25,130.01,654.2,0.4675,Best Fit
7,2599,8,1740,217.5,66.2,0.6695,617,294,68,121.29,371.29,0.4765,Best Fit
5,1955,5,1794,358.8,10.03,0.9176,406,370,342,13.46,391.0,0.9113,Best Fit
6,3844,12,2275,189.58,145.32,0.5918,787,365,25,139.3,640.67,0.4638,First Fit
7,2594,11,2223,202.09,47.46,0.857,515,260,106,114.27,370.57,0.5049,Best Fit
7,2013,12,2927,243.92,10.61,1.454,317,263,230,19.23,287.57,0.8297,Best Fit
6,4285,8,1590,198.75,144.77,0.3711,997,386,51,249.84,714.17,0.3872,Worst Fit
3,1528,6,1347,224.5,48.03,0.8815,645,275,152,97.11,509.33,0.4264,Best Fit
8,1402,8,1130,141.25,10.51,0.806,211,163,129,24.31,175.25,0.7725,Best Fit
3,1856,4,798,199.5,146.2,0.43,947,375,50,232.71,618.67,0.396,Worst Fit
7,3205,8,1281,160.12,73.25,0.3997,648,286,69,126.95,457.86,0.4414,First Fit
6,2598,4,1654,413.5,7.12,0.6366,483,421,403,22.69,433.0,0.8716,First Fit
5,3367,11,1901,172.82,142.58,0.5646,804,391,25,92.87,673.4,0.4863,First Fit
8,3273,11,2011,182.82,80.4,0.6144,561,293,70,110.75,409.12,0.5223,First Fit
6,1788,9,2390,265.56,9.93,1.3367,329,277,252,19.71,298.0,0.8419,Best Fit
6,4712,12,2189,182.42,141.13,0.4646,956,373,30,104.61,785.33,0.3902,Worst Fit
3,1115,7,1154,164.86,31.42,1.035,473,212,130,97.51,371.67,0.4482,First Fit
5,1107,12,2410,200.83,9.51,2.1771,252,213,183,24.49,221.4,0.8452,Best Fit
6,4238,6,1252,208.67,155.7,0.2954,863,390,45,105.47,706.33,0.4519,Worst Fit
4,2150,8,1361,170.12,64.49,0.633,645,256,90,69.14,537.5,0.3969,First Fit
3,606,10,1871,187.1,9.57,3.0875,231,200,167,22.23,202.0,0.8658,Best Fit
5,2755,7,1328,189.71,156.18,0.482,634,398,41,43.87,551.0,0.6278,Worst Fit
6,2817,8,1333,166.62,67.46,0.4732,631,276,82,148.65,469.5,0.4374,First Fit
6,1042,8,1164,145.5,9.72,1.1171,200,152,123,24.09,173.67,0.76,Best Fit
4,2665,11,1993,181.18,147.41,0.7478,958,398,27,216.53,666.25,0.4154,Best Fit
3,793,5,830,166.0,103.54,1.0467,289,298,61,20.42,264.33,1.0311,First Fit
7,2233,11,3211,291.91,9.97,1.438,347,304,274,15.81,319.0,0.8761,Best Fit
3,1401,4,670,167.5,117.33,0.4782,515,291,40,41.38,467.0,0.565,Worst Fit
8,3620,11,2077,188.82,79.11,0.5738,618,298,76,122.52,452.5,0.4822,First Fit
4,1441,4,1255,313.75,6.87,0.8709,392,324,307,22.65,360.25,0.8265,Best Fit
3,2110,11,1773,161.18,123.62,0.8403,899,336,25,196.27,703.33,0.3737,Best Fit
6,2361,12,2015,167.92,89.44,0.8535,468,296,51,99.57,393.5,0.6325,First Fit
5,2010,6,2153,358.83,11.19,1.0711,432,374,344,28.75,402.0,0.8657,Best Fit
3,2187,6,1089,181.5,141.3,0.4979,842,361,28,85.28,729.0,0.4287,Worst Fit
8,3832,12,2362,196.83,60.96,0.6164,650,295,99,145.86,479.0,0.4538,First Fit
8,2382,5,1345,269.0,2.19,0.5647,341,272,266,30.33,297.75,0.7977,First Fit
7,5403,4,726,181.5,134.58,0.1344,958,322,44,159.8,771.86,0.3361,Worst Fit
4,1566,8,1021,127.62,55.84,0.652,595,245,58,132.81,391.5,0.4118,Best Fit
7,2715,7,2509,358.43,11.68,0.9241,411,373,343,16.17,387.86,0.9075,Best Fit
3,1874,7,1227,175.29,142.51,0.6547,794,362,34,136.39,624.67,0.4559,Best Fit
8,3311,4,729,182.25,63.95,0.2202,549,264,105,105.96,413.88,0.4809,First Fit
7,2169,9,2539,282.11,8.39,1.1706,351,295,266,31.04,309.86,0.8405,Best Fit
4,3078,10,1927,192.7,154.59,0.6261,921,385,25,198.0,769.5,0.418,First Fit
5,1714,7,1054,150.57,73.7,0.6149,549,260,61,119.14,342.8,0.4736,First Fit
8,2294,7,1751,250.14,9.75,0.7633,320,268,238,24.11,286.75,0.8375,Best Fit
3,2372,7,1088,155.43,123.52,0.4587,958,310,26,146.6,790.67,0.3236,Worst Fit
6,3004,7,1143,163.29,74.35,0.3805,604,290,64,90.87,500.67,0.4801,First Fit
8,1326,5,701,140.2,4.87,0.5287,205,148,134,27.6,165.75,0.722,First Fit
3,1760,6,1126,187.67,152.86,0.6398,761,396,26,125.3,586.67,0.5204,First Fit
4,1353,6,1185,197.5,52.77,0.8758,479,279,132,106.56,338.25,0.5825,Best Fit
3,1455,7,2985,426.43,12.55,2.0515,500,445,412,15.3,485.0,0.89,Best Fit
4,2665,12,2345,195.42,144.41,0.8799,961,365,27,176.46,666.25,0.3798,Best Fit
5,1946,9,2065,229.44,65.36,1.0612,570,300,102,157.22,389.2,0.5263,Best Fit
3,1162,7,2523,360.43,9.63,2.1713,428,373,346,28.76,387.33,0.8715,Best Fit
6,3928,4,660,165.0,131.06,0.168,961,326,29,184.89,654.67,0.3392,Worst Fit
8,2824,11,2807,255.18,36.75,0.994,598,297,192,134.51,353.0,0.4967,Best Fit
7,1202,5,742,148.4,10.82,0.6173,219,161,134,21.59,171.71,0.7352,First Fit
6,4391,9,1597,177.44,139.36,0.3637,939,353,33,206.64,731.83,0.3759,Worst Fit
5,1857,4,499,124.75,57.8,0.2687,530,204,69,88.15,371.4,0.3849,First Fit
5,1057,4,736,184.0,8.46,0.6963,240,197,176,20.14,211.4,0.8208,Best Fit
3,2369,11,1911,173.73,149.19,0.8067,989,379,28,141.8,789.67,0.3832,First Fit
5,2575,8,1669,208.62,31.27,0.6482,619,257,157,119.4,515.0,0.4152,First Fit
7,1814,9,2086,231.78,5.49,1.1499,292,238,219,22.61,259.14,0.8151,Best Fit
5,3514,9,1563,173.67,131.35,0.4448,958,364,27,208.62,702.8,0.38,Worst Fit
7,2408,8,1200,150.0,81.47,0.4983,556,288,56,164.44,344.0,0.518,Worst Fit
8,2258,6,1511,251.83,10.06,0.6692,318,261,233,25.37,282.25,0.8208,Best Fit
3,2635,9,1683,187.0,139.65,0.6387,909,384,47,34.59,878.33,0.4224,First Fit
4,1003,6,788,131.33,61.74,0.7856,442,243,65,111.62,250.75,0.5498,Best Fit
3,1289,5,1944,388.8,10.94,1.5081,461,404,374,23.61,429.67,0.8764,Best Fit
6,5296,9,1385,153.89,117.09,0.2615,979,300,32,82.79,882.67,0.3064,Worst Fit
5,2454,11,1531,139.18,58.58,0.6239,628,277,74,105.17,490.8,0.4411,First Fit
3,1075,4,1301,325.25,12.5,1.2102,400,341,313,29.69,358.33,0.8525,First Fit
6,4256,8,1371,171.38,126.38,0.3221,989,329,34,211.21,709.33,0.3327,Worst Fit
7,3052,7,945,135.0,38.22,0.3096,613,215,86,180.67,436.0,0.3507,First Fit
4,998,6,1311,218.5,11.09,1.3136,275,231,204,20.81,249.5,0.84,Best Fit
7,4616,4,689,172.25,122.9,0.1493,872,321,44,149.8,659.43,0.3681,Worst Fit
3,1446,10,1911,191.1,63.21,1.3216,641,289,97,137.29,482.0,0.4509,Best Fit
4,917,7,1427,203.86,10.15,1.5562,251,220,190,18.63,229.25,0.8765,Best Fit
5,3273,10,1799,179.9,125.19,0.5496,913,344,33,199.24,654.6,0.3768,Worst Fit
6,2184,12,2009,167.42,58.79,0.9199,539,270,50,129.73,364.0,0.5009,First Fit
6,1515,12,2509,209.08,10.81,1.6561,276,225,195,17.26,252.5,0.8152,Best Fit
5,4005,9,1641,182.33,141.29,0.4097,923,373,38,125.89,801.0,0.4041,Worst Fit
6,2531,5,857,171.4,76.5,0.3386,548,264,67,122.53,421.83,0.4818,First Fit
6,1651,9,2211,245.67,9.43,1.3392,320,265,232,25.93,275.17,0.8281,Best Fit
5,3599,12,2219,184.92,138.93,0.6166,930,354,26,166.01,719.8,0.3806,First Fit
8,3638,5,1041,208.2,65.34,0.2861,600,300,100,91.8,454.75,0.5,First Fit
3,688,10,2094,209.4,6.02,3.0436,242,215,196,13.27,229.33,0.8884,Best Fit
4,2946,6,1180,196.67,146.83,0.4005,853,373,38,88.12,736.5,0.4373,Worst Fit
8,3012,4,479,119.75,51.59,0.159,600,191,51,151.08,376.5,0.3183,First Fit
7,2252,4,1159,289.75,12.34,0.5147,363,310,278,32.36,321.71,0.854,First Fit
8,5721,7,1129,161.29,127.03,0.1973,996,362,28,205.19,715.12,0.3635,Worst Fit
6,2045,5,534,106.8,59.07,0.2611,576,217,51,132.7,340.83,0.3767,First Fit
8,1881,11,2221,201.91,8.26,1.1808,262,219,193,21.58,235.12,0.8359,Best Fit
6,4274,10,1829,182.9,146.61,0.4279,774,390,30,62.91,712.33,0.5039,Worst Fit
4,1349,8,1257,157.12,83.27,0.9318,566,274,55,163.73,337.25,0.4841,Best Fit
7,2445,11,3496,317.82,10.2,1.4299,385,335,304,27.7,349.29,0.8701,Best Fit
7,5621,4,680,170.0,129.58,0.121,988,305,37,160.15,803.0,0.3087,Worst Fit
7,2792,8,1350,168.75,60.5,0.4835,587,253,91,153.88,398.86,0.431,First Fit
8,2511,11,3154,286.73,8.85,1.2561,333,301,273,11.67,313.88,0.9039,Best Fit
4,2800,4,692,173.0,146.0,0.2471,943,351,27,216.91,700.0,0.3722,Worst Fit
7,2892,5,530,106.0,40.48,0.1833,631,174,60,142.36,413.14,0.2758,First Fit
5,1533,6,1643,273.83,8.61,1.0718,342,283,260,24.18,306.6,0.8275,First Fit
8,4922,9,1536,170.67,135.81,0.3121,842,370,28,129.49,615.25,0.4394,Worst Fit
8,2633,5,678,135.6,28.96,0.2575,594,160,79,138.97,329.12,0.2694,First Fit
3,460,4,521,130.25,10.85,1.1326,164,149,123,9.46,153.33,0.9085,Best Fit
8,5389,8,1411,176.38,133.16,0.2618,940,358,37,171.62,673.62,0.3809,Worst Fit
7,3182,6,973,162.17,79.99,0.3058,626,279,64,157.69,454.57,0.4457,First Fit
4,1305,6,1820,303.33,10.14,1.3946,352,317,294,20.81,326.25,0.9006,Best Fit
8,5748,6,1097,182.83,129.17,0.1908,961,344,43,158.01,718.5,0.358,Worst Fit
4,1989,12,2202,183.5,69.3,1.1071,644,289,66,186.58,497.25,0.4488,Worst Fit
3,515,10,1414,141.4,9.64,2.7456,193,153,130,17.56,171.67,0.7927,Best Fit
6,3564,10,1907,190.7,134.94,0.5351,928,387,35,180.03,594.0,0.417,Worst Fit
7,3032,4,565,141.25,81.36,0.1863,606,268,61,143.17,433.14,0.4422,Worst Fit
5,1337,6,1492,248.67,8.56,1.1159,301,261,234,21.55,267.4,0.8671,Best Fit
4,2969,7,1169,167.0,155.15,0.3937,987,374,28,164.71,742.25,0.3789,Worst Fit
7,2477,5,622,124.4,82.46,0.2511,590,277,54,161.94,353.86,0.4695,Worst Fit
6,2187,4,1263,315.75,7.56,0.5775,397,328,309,30.0,364.5,0.8262,First Fit
5,3341,4,709,177.25,136.21,0.2122,986,335,38,206.75,668.2,0.3398,Worst Fit
8,2938,7,1216,173.71,57.15,0.4139,570,264,108,135.97,367.25,0.4632,First Fit
8,1790,5,913,182.6,12.66,0.5101,239,207,173,16.38,223.75,0.8661,First Fit
7,4846,10,1971,197.1,153.87,0.4067,970,397,29,143.48,692.29,0.4093,Worst Fit
6,2404,8,1845,230.62,71.86,0.7675,588,299,60,135.3,400.67,0.5085,Best Fit
7,3132,6,2538,423.0,12.45,0.8103,483,436,403,23.4,447.43,0.9027,Best Fit
7,4818,4,716,179.0,131.04,0.1486,894,332,28,139.32,688.29,0.3714,Worst Fit
3,1191,7,1078,154.0,77.4,0.9051,644,278,59,174.74,397.0,0.4317,Best Fit
6,2229,12,4085,340.42,9.1,1.8327,402,354,325,28.17,371.5,0.8806,Best Fit
6,3869,6,1130,188.33,139.95,0.2921,886,393,47,167.46,644.83,0.4436,Worst Fit
6,2257,8,1317,164.62,77.43,0.5835,497,275,51,89.9,376.17,0.5533,First Fit
8,1759,4,754,188.5,8.85,0.4287,254,197,174,23.99,219.88,0.7756,First Fit
4,2857,9,1618,179.78,145.79,0.5663,914,379,43,123.8,714.25,0.4147,First Fit
8,3198,8,1801,225.12,69.73,0.5632,560,293,66,100.29,399.75,0.5232,First Fit
6,1317,12,2200,183.33,8.3,1.6705,240,197,171,16.03,219.5,0.8208,Best Fit
8,4808,8,1463,182.88,126.78,0.3043,833,361,47,151.8,601.0,0.4334,Worst Fit
4,1508,5,1048,209.6,53.15,0.695,504,274,143,103.19,377.0,0.5437,Best Fit
7,2717,8,2905,363.12,11.7,1.0692,413,377,347,21.06,388.14,0.9128,First Fit
5,3477,10,1937,193.7,145.0,0.5571,860,353,31,143.62,695.4,0.4105,First Fit
7,3379,11,1989,180.82,71.98,0.5886,620,295,83,140.89,482.71,0.4758,First Fit
7,1556,12,2243,186.92,9.95,1.4415,259,206,174,20.48,222.29,0.7954,Best Fit
8,5697,4,791,197.75,158.06,0.1388,895,379,26,154.94,712.12,0.4235,Worst Fit
8,3265,12,1729,144.08,61.44,0.5296,644,277,55,127.51,408.12,0.4301,First Fit
3,677,6,1207,201.17,9.7,1.7829,264,219,188,27.13,225.67,0.8295,Best Fit
8,5125,6,1317,219.5,166.8,0.257,944,396,28,139.13,640.62,0.4195,Worst Fit
3,912,8,1332,166.5,82.51,1.4605,537,275,56,165.52,304.0,0.5121,First Fit
8,3278,7,2688,384.0,11.78,0.82,443,398,364,23.6,409.75,0.8984,Best Fit
5,4004,7,1046,149.43,130.34,0.2612,902,324,25,60.42,800.8,0.3592,Worst Fit
6,2473,8,1705,213.12,24.57,0.6894,565,255,178,108.04,412.17,0.4513,Best Fit
8,2312,11,2762,251.09,5.92,1.1946,323,263,245,18.57,289.0,0.8142,Best Fit
3,2431,5,836,167.2,130.91,0.3439,965,343,55,133.14,810.33,0.3554,Worst Fit
6,1948,10,1508,150.8,81.96,0.7741,438,294,57,81.57,324.67,0.6712,First Fit
7,1293,10,1664,166.4,8.01,1.2869,215,177,150,19.45,184.71,0.8233,First Fit
4,2701,5,720,144.0,108.71,0.2666,909,289,30,151.27,675.25,0.3179,Worst Fit
4,2202,4,729,182.25,84.16,0.3311,635,268,87,103.1,550.5,0.422,Worst Fit
7,2221,10,2834,283.4,9.47,1.276,345,299,269,21.16,317.29,0.8667,Best Fit
6,4108,8,1539,192.38,134.74,0.3746,781,369,50,86.19,684.67,0.4725,Worst Fit
8,3185,6,1336,222.67,57.12,0.4195,617,296,144,149.15,398.12,0.4797,First Fit
7,2628,10,3405,340.5,10.77,1.2957,407,354,321,23.55,375.43,0.8698,Best Fit
5,4059,10,1791,179.1,134.85,0.4412,953,364,29,98.43,811.8,0.382,Worst Fit
3,1043,10,1670,167.0,79.31,1.6012,507,288,50,138.19,347.67,0.568,Best Fit
6,1570,10,2281,228.1,9.4,1.4529,299,240,212,30.04,261.67,0.8027,Best Fit
8,5574,4,705,176.25,132.02,0.1265,938,344,28,181.46,696.75,0.3667,Worst Fit
7,3158,8,1438,179.75,83.5,0.4554,614,284,58,140.44,451.14,0.4625,Worst Fit
4,878,7,1324,189.14,11.34,1.508,253,205,173,19.75,219.5,0.8103,Best Fit
4,2913,10,1825,182.5,132.18,0.6265,961,366,48,180.61,728.25,0.3809,First Fit
8,2864,11,1746,158.73,51.77,0.6096,562,237,80,117.26,358.0,0.4217,First Fit
8,3366,10,3772,377.2,9.93,1.1206,442,392,359,19.4,420.75,0.8869,Best Fit
5,3612,12,2298,191.5,142.34,0.6362,997,382,30,196.98,722.4,0.3831,First Fit
5,1823,8,1701,212.62,44.68,0.9331,610,280,148,140.24,364.6,0.459,Best Fit
7,1895,8,1950,243.75,9.44,1.029,309,259,228,18.97,270.71,0.8382,First Fit
4,3202,12,2426,202.17,149.44,0.7577,946,397,33,139.57,800.5,0.4197,Best Fit
8,3314,9,1641,182.33,64.67,0.4952,629,279,65,171.78,414.25,0.4436,First Fit
8,3652,5,2073,414.6,7.63,0.5676,490,422,404,27.77,456.5,0.8612,First Fit
8,5574,9,1543,171.44,145.57,0.2768,948,381,30,184.62,696.75,0.4019,Worst Fit
8,3132,7,974,139.14,76.67,0.311,564,251,50,124.92,391.5,0.445,First Fit
8,1339,9,1188,132.0,9.14,0.8872,210,147,122,21.7,167.38,0.7,Best Fit
4,3122,12,2366,197.17,150.8,0.7578,931,388,27,119.46,780.5,0.4168,First Fit
3,964,6,776,129.33,29.93,0.805,367,172,71,41.8,321.33,0.4687,Best Fit
7,1233,7,1037,148.14,11.7,0.841,215,162,134,26.41,176.14,0.7535,Best Fit
4,2827,11,1752,159.27,127.32,0.6197,975,366,25,227.77,706.75,0.3754,First Fit
3,1576,9,1411,156.78,69.63,0.8953,566,287,52,28.77,525.33,0.5071,First Fit
8,1605,8,1423,177.88,11.65,0.8866,216,195,162,9.04,200.62,0.9028,First Fit
8,5458,9,1434,159.33,122.21,0.2627,968,341,42,203.31,682.25,0.3523,Worst Fit
4,1416,6,1364,227.33,77.62,0.9633,446,297,64,88.33,354.0,0.6659,Best Fit
3,1223,5,1888,377.6,7.86,1.5437,447,383,362,27.82,407.67,0.8568,Best Fit
7,5819,8,1403,175.38,135.47,0.2411,946,344,32,103.11,831.29,0.3636,Worst Fit
7,2415,11,2349,213.55,65.71,0.9727,442,289,76,55.4,345.0,0.6538,First Fit
4,960,10,2027,202.7,10.49,2.1115,256,219,189,10.98,240.0,0.8555,Best Fit
5,3263,11,1956,177.82,146.28,0.5994,901,383,30,191.73,652.6,0.4251,First Fit
6,2456,9,1917,213.0,67.88,0.7805,647,290,77,195.85,409.33,0.4482,Best Fit
6,1970,9,2807,311.89,9.41,1.4249,344,325,293,15.92,328.33,0.9448,Best Fit
8,4770,8,1642,205.25,154.06,0.3442,772,395,33,105.03,596.25,0.5117,Worst Fit
7,2911,11,1896,172.36,90.31,0.6513,594,296,65,151.92,415.86,0.4983,Best Fit
5,2069,4,1554,388.5,8.29,0.7511,422,402,380,8.73,413.8,0.9526,Best Fit
8,5900,6,1098,183.0,128.24,0.1861,883,341,33,138.75,737.5,0.3862,Worst Fit
7,3179,7,1294,184.86,73.8,0.407,574,279,53,137.88,454.14,0.4861,First Fit
6,1634,11,2567,233.36,10.28,1.571,292,249,216,21.05,272.33,0.8527,Best Fit
5,3407,6,1326,221.0,171.85,0.3892,833,398,41,141.56,681.4,0.4778,Worst Fit
6,2175,9,1449,161.0,61.9,0.6662,558,267,58,107.25,362.5,0.4785,Best Fit
4,1519,9,3177,353.0,8.64,2.0915,399,366,339,17.2,379.75,0.9173,Best Fit
3,1638,8,1346,168.25,115.08,0.8217,624,290,32,66.73,546.0,0.4647,First Fit
3,932,11,2130,193.64,68.44,2.2854,363,295,81,39.11,310.67,0.8127,Best Fit
3,490,12,1775,147.92,9.04,3.6224,184,162,130,15.69,163.33,0.8804,Best Fit
8,4989,10,1898,189.8,145.96,0.3804,909,394,29,152.49,623.62,0.4334,Worst Fit
6,2759,5,990,198.0,58.95,0.3588,594,292,108,117.3,459.83,0.4916,First Fit
6,1149,9,1500,166.67,11.23,1.3055,227,178,146,20.61,191.5,0.7841,Best Fit
5,3673,6,1279,213.17,158.1,0.3482,941,390,44,140.26,734.6,0.4145,Worst Fit
6,3032,9,1542,171.33,61.35,0.5086,604,276,77,114.93,505.33,0.457,First Fit
7,2362,8,2519,314.88,9.64,1.0665,381,329,299,23.98,337.43,0.8635,First Fit
4,2688,6,1038,173.0,129.92,0.3862,706,358,33,32.65,672.0,0.5071,Worst Fit
7,2929,7,974,139.14,56.4,0.3325,605,242,56,136.27,418.43,0.4,First Fit
7,2507,5,1622,324.4,10.61,0.647,388,341,311,23.51,358.14,0.8789,First Fit
6,5213,10,1902,190.2,142.47,0.3649,970,390,38,113.74,868.83,0.4021,Worst Fit
5,2155,6,939,156.5,67.02,0.4357,649,238,72,185.59,431.0,0.3667,First Fit
8,1491,10,1542,154.2,13.17,1.0342,216,171,137,22.38,186.38,0.7917,Best Fit
7,4378,9,1611,179.0,147.98,0.368,989,377,28,175.48,625.43,0.3812,Worst Fit
6,2614,6,1278,213.0,56.51,0.4889,541,288,119,81.17,435.67,0.5323,First Fit
7,2358,7,2158,308.29,9.33,0.9152,377,325,295,25.07,336.86,0.8621,First Fit
6,4624,5,751,150.2,137.31,0.1624,916,324,26,118.19,770.67,0.3537,Worst Fit
5,1772,5,1096,219.2,62.52,0.6185,627,290,122,163.88,354.4,0.4625,First Fit
7,2714,12,4173,347.75,8.31,1.5376,417,366,337,21.63,387.71,0.8777,Best Fit
5,3867,10,1960,196.0,152.08,0.5069,886,396,36,97.55,773.4,0.447,Worst Fit
4,1267,10,1500,150.0,66.38,1.1839,522,259,54,135.05,316.75,0.4962,First Fit
4,702,8,1281,160.12,12.28,1.8248,210,176,143,21.52,175.5,0.8381,Best Fit
5,3728,9,1414,157.11,134.11,0.3793,965,360,27,232.69,745.6,0.3731,Worst Fit
3,817,5,736,147.2,63.9,0.9009,375,250,81,74.59,272.33,0.6667,Best Fit
4,1099,4,987,246.75,6.76,0.8981,300,254,237,20.87,274.75,0.8467,First Fit
7,5556,12,2218,184.83,140.36,0.3992,961,383,27,140.47,793.71,0.3985,Worst Fit
6,2875,7,1404,200.57,58.98,0.4883,577,283,86,123.26,479.17,0.4905,First Fit
7,1523,9,1542,171.33,8.69,1.0125,247,184,159,21.68,217.57,0.7449,Best Fit
5,2977,5,875,175.0,163.94,0.2939,972,376,27,220.96,595.4,0.3868,Worst Fit
4,1563,5,1063,212.6,53.76,0.6801,511,280,124,125.5,390.75,0.5479,Best Fit
4,1531,4,1373,343.25,7.95,0.8968,400,357,338,24.2,382.75,0.8925,Best Fit
6,4513,5,793,158.6,133.05,0.1757,986,367,38,194.08,752.17,0.3722,Worst Fit
3,1388,11,2084,189.45,76.56,1.5014,538,294,96,85.56,462.67,0.5465,First Fit
4,1697,8,3222,402.75,9.3,1.8986,447,413,383,20.09,424.25,0.9239,Best Fit
3,1956,4,689,172.25,137.81,0.3522,835,352,29,140.97,652.0,0.4216,Worst Fit
8,2679,10,1511,151.1,75.67,0.564,542,272,54,119.19,334.88,0.5018,First Fit
4,1557,4,1367,341.75,9.23,0.878,412,354,328,22.42,389.25,0.8592,Best Fit
4,2769,6,1109,184.83,133.23,0.4005,747,345,45,62.87,692.25,0.4618,Worst Fit
5,1639,10,2184,218.4,77.65,1.3325,468,297,73,96.89,327.8,0.6346,Best Fit
4,1399,8,2489,311.12,8.08,1.7791,365,328,300,14.48,349.75,0.8986,Best Fit
4,3454,7,1250,178.57,143.87,0.3619,996,380,43,100.9,863.5,0.3815,Worst Fit
3,1153,6,1144,190.67,77.8,0.9922,529,284,52,134.0,384.33,0.5369,Best Fit
5,1728,7,2112,301.71,11.28,1.2222,367,315,286,21.29,345.6,0.8583,First Fit
7,5969,6,1004,167.33,106.63,0.1682,971,282,41,122.89,852.71,0.2904,Worst Fit
4,1059,4,576,144.0,29.64,0.5439,405,193,115,104.24,264.75,0.4765,First Fit
5,1518,11,2810,255.45,9.26,1.8511,315,271,243,8.09,303.6,0.8603,Best Fit
7,5490,12,2264,188.67,143.87,0.4124,962,398,35,140.61,784.29,0.4137,Worst Fit
4,1339,11,1950,177.27,53.25,1.4563,445,255,54,75.67,334.75,0.573,First Fit
7,1967,7,1647,235.29,10.17,0.8373,305,248,216,24.54,281.0,0.8131,Best Fit
3,1429,7,1145,163.57,127.68,0.8013,510,379,28,35.65,476.33,0.7431,Best Fit
4,1596,11,2081,189.18,59.25,1.3039,547,277,99,96.09,399.0,0.5064,Best Fit
6,2340,11,3958,359.82,6.83,1.6915,414,371,348,13.01,390.0,0.8961,Best Fit
3,1749,6,1148,191.33,139.17,0.6564,646,364,45,58.01,583.0,0.5635,Best Fit
8,2701,6,938,156.33,76.79,0.3473,545,278,55,133.71,337.62,0.5101,First Fit
6,2671,5,2102,420.4,4.03,0.787,468,427,415,16.27,445.17,0.9124,Best Fit
5,3476,8,1499,187.38,133.25,0.4312,981,384,52,231.63,695.2,0.3914,Worst Fit
6,2404,11,2015,183.18,64.26,0.8382,645,296,105,167.41,400.67,0.4589,First Fit
6,2361,11,3966,360.55,9.72,1.6798,416,376,345,15.1,393.5,0.9038,Best Fit
3,1869,10,1854,185.4,136.3,0.992,755,399,28,119.81,623.0,0.5285,Best Fit
4,1740,4,852,213.0,71.46,0.4897,638,296,99,194.32,435.0,0.4639,First Fit
8,1984,9,1874,208.22,8.7,0.9446,274,220,191,21.2,248.0,0.8029,Best Fit
7,5169,12,2365,197.08,147.41,0.4575,979,385,31,182.32,738.43,0.3933,Worst Fit
6,1931,9,1980,220.0,66.17,1.0254,484,279,89,114.2,321.83,0.5764,First Fit
7,2481,10,3237,323.7,9.8,1.3047,381,342,311,21.45,354.43,0.8976,Best Fit
5,3103,5,874,174.8,153.14,0.2817,975,372,40,187.98,620.6,0.3815,Worst Fit
3,1078,6,1019,169.83,41.89,0.9453,598,221,91,183.42,359.33,0.3696,Best Fit
4,992,12,2565,213.75,11.95,2.5857,273,227,196,21.98,248.0,0.8315,Best Fit
4,2868,11,1885,171.36,134.79,0.6573,986,360,33,192.77,717.0,0.3651,Best Fit
4,1531,12,2061,171.75,77.06,1.3462,640,281,73,176.16,382.75,0.4391,First Fit
7,3052,10,3997,399.7,10.48,1.3096,463,419,389,19.45,436.0,0.905,Best Fit
3,2050,7,1200,171.43,146.55,0.5854,941,356,29,196.92,683.33,0.3783,First Fit
4,1453,5,975,195.0,52.31,0.671,554,294,140,170.83,363.25,0.5307,Best Fit
4,1349,5,1539,307.8,9.6,1.1408,372,321,294,21.16,337.25,0.8629,Best Fit
8,5929,4,752,188.0,135.21,0.1268,942,347,49,158.43,741.12,0.3684,Worst Fit
8,3213,9,1527,169.67,55.78,0.4753,609,250,64,129.08,401.62,0.4105,First Fit
4,1029,7,1418,202.57,11.46,1.378,272,218,186,10.83,257.25,0.8015,Best Fit
8,5382,7,1187,169.57,153.37,0.2205,861,391,25,132.6,672.75,0.4541,Worst Fit
5,2223,11,2096,190.55,81.25,0.9429,574,289,60,77.63,444.6,0.5035,Best Fit
6,1584,10,2225,222.5,9.55,1.4047,274,238,211,14.19,264.0,0.8686,Best Fit
5,3930,8,1566,195.75,155.37,0.3985,922,394,28,142.73,786.0,0.4273,Worst Fit
5,1673,4,416,104.0,34.39,0.2487,636,143,57,163.57,334.6,0.2248,First Fit
5,1295,6,1396,232.67,10.26,1.078,294,244,214,22.64,259.0,0.8299,Best Fit
7,5885,6,1025,170.83,123.7,0.1742,980,324,30,112.95,840.71,0.3306,Worst Fit
8,3675,11,2061,187.36,66.9,0.5608,649,293,94,118.85,459.38,0.4515,First Fit
5,1195,12,2390,199.17,11.18,2.0,258,213,178,12.66,239.0,0.8256,Best Fit
6,4303,6,1115,185.83,141.21,0.2591,911,381,37,167.02,717.17,0.4182,Worst Fit
3,1377,8,1043,130.38,65.37,0.7574,502,283,64,41.45,459.0,0.5637,Best Fit
7,1980,6,1510,251.67,12.27,0.7626,321,265,233,23.53,282.86,0.8255,First Fit
3,1768,8,1621,202.62,144.36,0.9169,777,370,48,146.32,589.33,0.4762,Best Fit
7,2181,7,957,136.71,80.46,0.4388,490,276,55,103.28,311.57,0.5633,Worst Fit
8,3533,12,4996,416.33,11.88,1.4141,475,433,400,24.39,441.62,0.9116,Best Fit
5,3337,7,1266,180.86,144.37,0.3794,953,390,28,214.07,667.4,0.4092,Worst Fit
8,2899,9,1651,183.44,64.28,0.5695,590,247,55,151.84,362.38,0.4186,First Fit
3,972,9,2630,292.22,9.76,2.7058,363,308,278,27.58,324.0,0.8485,Best Fit
4,3503,4,612,153.0,113.86,0.1747,994,278,34,119.32,875.75,0.2797,Worst Fit
8,3985,9,1399,155.44,66.99,0.3511,643,296,76,153.63,498.12,0.4603,First Fit
5,1083,10,1697,169.7,8.63,1.5669,244,181,155,19.58,216.6,0.7418,Best Fit
8,4834,7,1157,165.29,142.46,0.2393,982,353,26,182.28,604.25,0.3595,Worst Fit
3,1188,10,2151,215.1,63.4,1.8106,521,295,79,92.05,396.0,0.5662,First Fit
8,2079,9,1975,219.44,8.81,0.95,295,231,209,24.14,259.88,0.7831,Best Fit
6,4265,4,783,195.75,145.52,0.1836,955,349,41,154.63,710.83,0.3654,Worst Fit
5,1968,12,2580,215.0,66.68,1.311,451,298,83,47.78,393.6,0.6608,Best Fit
5,2016,6,2362,393.67,11.63,1.1716,416,408,376,9.74,403.2,0.9808,First Fit
6,3776,6,1182,197.0,149.18,0.313,796,369,35,122.31,629.33,0.4636,Worst Fit
5,1378,6,873,145.5,55.7,0.6335,350,232,87,64.11,275.6,0.6629,First Fit
5,1297,11,2452,222.91,8.27,1.8905,287,237,207,17.33,259.4,0.8258,Best Fit
8,5434,6,1068,178.0,127.2,0.1965,975,348,35,212.29,679.25,0.3569,Worst Fit
7,2633,10,2013,201.3,75.05,0.7645,627,299,85,155.88,376.14,0.4769,First Fit
3,823,4,964,241.0,4.95,1.1713,308,249,236,27.76,274.33,0.8084,Best Fit
5,3426,12,2310,192.5,138.18,0.6743,892,382,27,191.61,685.2,0.4283,Best Fit
7,2540,9,1768,196.44,71.03,0.6961,569,293,59,164.87,362.86,0.5149,First Fit
7,1214,8,1208,151.0,6.5,0.9951,190,162,141,13.33,173.43,0.8526,Best Fit
6,3620,9,1589,176.56,150.22,0.439,862,384,28,146.02,603.33,0.4455,Worst Fit
8,2580,5,1020,204.0,86.75,0.3953,528,275,72,117.08,322.5,0.5208,Worst Fit
8,2543,11,3036,276.0,11.41,1.1939,344,294,260,23.94,317.88,0.8547,Best Fit
7,5134,11,1983,180.27,134.45,0.3862,938,393,26,146.03,733.43,0.419,Worst Fit
4,1606,8,1555,194.38,71.87,0.9682,487,292,97,73.78,401.5,0.5996,First Fit
4,976,9,1955,217.22,11.77,2.0031,264,232,199,17.56,244.0,0.8788,Best Fit
5,3177,8,1449,181.12,135.97,0.4561,826,357,35,144.84,635.4,0.4322,Worst Fit
7,2484,12,2533,211.08,68.04,1.0197,592,290,64,158.62,354.86,0.4899,Best Fit
7,1231,9,1265,140.56,9.2,1.0276,204,154,125,26.11,175.86,0.7549,Best Fit
6,4665,4,882,220.5,170.65,0.1891,998,392,40,190.74,777.5,0.3928,Worst Fit
8,3534,6,600,100.0,56.73,0.1698,617,222,54,143.42,441.75,0.3598,First Fit
5,1952,9,3177,353.0,8.54,1.6276,429,371,341,33.58,390.4,0.8648,Best Fit
5,3181,9,1578,175.33,145.2,0.4961,816,379,35,146.59,636.2,0.4645,Worst Fit
6,2624,9,1845,205.0,71.57,0.7031,551,298,73,67.33,437.33,0.5408,First Fit
4,1771,5,2056,411.2,11.51,1.1609,480,430,400,27.84,442.75,0.8958,Best Fit
4,2337,6,1237,206.17,174.11,0.5293,735,398,28,125.57,584.25,0.5415,Worst Fit
6,2293,8,1619,202.38,63.1,0.7061,601,272,56,159.52,382.17,0.4526,First Fit
7,2493,7,2362,337.43,9.84,0.9475,408,352,325,25.97,356.14,0.8627,Best Fit
3,1798,6,1084,180.67,145.36,0.6029,616,377,26,20.81,599.33,0.612,First Fit
5,2153,9,1515,168.33,56.87,0.7037,632,300,119,165.0,430.6,0.4747,Best Fit
5,863,8,1001,125.12,10.94,1.1599,197,141,114,13.03,172.6,0.7157,Best Fit
8,5428,9,1476,164.0,127.12,0.2719,996,358,40,176.7,678.5,0.3594,Worst Fit
4,1841,9,2017,224.11,78.19,1.0956,643,294,56,141.28,460.25,0.4572,Best Fit
6,1096,6,827,137.83,11.38,0.7546,207,153,123,15.92,182.67,0.7391,Best Fit
3,2526,8,1466,183.25,131.14,0.5804,892,373,38,70.0,842.0,0.4182,First Fit
7,2493,5,791,158.2,71.15,0.3173,600,243,54,150.05,356.14,0.405,First Fit
8,1568,8,1298,162.25,9.54,0.8278,232,173,145,26.68,196.0,0.7457,First Fit
6,4155,10,1911,191.1,140.4,0.4599,889,383,31,107.08,692.5,0.4308,Worst Fit
6,2570,9,1623,180.33,74.92,0.6315,637,300,95,116.54,428.33,0.471,First Fit
7,1173,9,1142,126.89,10.1,0.9736,201,139,114,26.08,167.57,0.6915,Best Fit
5,3204,11,1784,162.18,130.22,0.5568,855,340,27,144.0,640.8,0.3977,First Fit
4,1861,6,1003,167.17,74.09,0.539,639,282,63,179.73,465.25,0.4413,First Fit
8,1392,10,1414,141.4,9.8,1.0158,205,154,127,23.01,174.0,0.7512,Best Fit
5,2746,10,1959,195.9,166.19,0.7134,686,393,27,79.97,549.2,0.5729,Best Fit
7,3303,6,997,166.17,70.79,0.3018,641,287,96,84.18,471.86,0.4477,First Fit
3,640,5,968,193.6,10.23,1.5125,241,204,178,20.76,213.33,0.8465,Best Fit
6,3860,12,2298,191.5,137.89,0.5953,927,377,40,182.4,643.33,0.4067,First Fit
3,864,5,1037,207.4,83.94,1.2002,312,278,52,33.94,288.0,0.891,Best Fit
5,1882,8,2807,350.88,10.55,1.4915,418,362,331,25.99,376.4,0.866,First Fit
6,4926,10,2001,200.1,168.9,0.4062,966,389,26,118.29,821.0,0.4027,Worst Fit
8,2909,10,1904,190.4,59.55,0.6545,552,293,77,125.39,363.62,0.5308,First Fit
4,1845,4,1663,415.75,9.68,0.9014,487,430,403,25.06,461.25,0.883,Best Fit
7,5159,5,804,160.8,134.57,0.1558,955,354,31,149.66,737.0,0.3707,Worst Fit
4,1866,9,1470,163.33,67.27,0.7878,622,268,51,115.64,466.5,0.4309,First Fit
3,512,5,735,147.0,7.51,1.4355,211,156,135,30.58,170.67,0.7393,First Fit
8,6217,6,1120,186.67,136.94,0.1802,984,361,35,108.54,777.12,0.3669,Worst Fit
6,2752,9,1668,185.33,55.83,0.6061,611,253,82,159.85,458.67,0.4141,First Fit
7,2216,6,1740,290.0,10.15,0.7852,346,304,277,14.62,316.57,0.8786,Best Fit
4,2369,9,1527,169.67,130.54,0.6446,834,350,37,143.64,592.25,0.4197,First Fit
7,2215,5,666,133.2,80.94,0.3007,525,281,55,128.8,316.43,0.5352,Worst Fit
4,1587,4,1488,372.0,0.71,0.9376,431,373,371,21.9,396.75,0.8654,Best Fit
4,2999,11,1979,179.91,141.09,0.6599,999,364,31,168.21,749.75,0.3644,Best Fit
6,2638,10,1447,144.7,55.98,0.5485,624,276,95,184.17,439.67,0.4423,First Fit
8,3172,6,2206,367.67,8.44,0.6955,439,383,359,22.74,396.5,0.8724,First Fit
8,6467,5,750,150.0,123.22,0.116,973,338,35,141.83,808.38,0.3474,Worst Fit
7,2266,12,1840,153.33,71.33,0.812,597,296,62,126.25,323.71,0.4958,First Fit
4,1397,5,1630,326.0,13.52,1.1668,361,337,303,9.44,349.25,0.9335,Best Fit
5,3836,12,2312,192.67,150.9,0.6027,932,394,29,121.18,767.2,0.4227,First Fit
6,3060,11,2071,188.27,80.73,0.6768,619,297,77,95.47,510.0,0.4798,Best Fit
7,2615,5,1728,345.6,14.42,0.6608,413,359,327,24.8,373.57,0.8692,First Fit
6,4535,11,1752,159.27,126.07,0.3863,965,345,27,156.59,755.83,0.3575,Worst Fit
6,2589,5,980,196.0,63.01,0.3785,551,288,102,132.91,431.5,0.5227,First Fit
8,1752,7,1381,197.29,3.01,0.7882,246,201,192,19.66,219.0,0.8171,Best Fit
5,4270,10,2116,211.6,157.96,0.4956,944,386,31,98.1,854.0,0.4089,Worst Fit
4,1678,10,1646,164.6,70.29,0.9809,592,263,54,140.03,419.5,0.4443,Best Fit
4,784,7,1223,174.71,9.33,1.5599,218,193,163,13.95,196.0,0.8853,Best Fit
5,3928,8,1437,179.62,131.78,0.3658,922,333,29,168.16,785.6,0.3612,Worst Fit
5,2123,11,1646,149.64,78.79,0.7753,630,290,58,168.05,424.6,0.4603,First Fit
5,2155,11,4478,407.09,11.2,2.078,466,424,394,27.93,431.0,0.9099,Best Fit
8,5838,11,2090,190.0,154.79,0.358,905,379,28,120.84,729.75,0.4188,Worst Fit
4,1370,8,1266,158.25,59.2,0.9241,583,240,70,148.99,342.5,0.4117,Best Fit
8,1214,4,533,133.25,12.4,0.439,178,146,114,17.28,151.75,0.8202,First Fit
4,2654,11,1829,166.27,126.54,0.6891,952,356,38,191.76,663.5,0.3739,Best Fit
3,1138,9,1513,168.11,59.15,1.3295,594,297,92,155.99,379.33,0.5,Best Fit
6,1239,12,2060,171.67,8.57,1.6626,247,184,161,22.66,206.5,0.7449,Best Fit
3,1883,8,1616,202.0,152.56,0.8582,690,397,31,86.74,627.67,0.5754,Best Fit
3,1418,8,1259,157.38,82.11,0.8879,522,300,74,36.71,472.67,0.5747,First Fit
8,1987,8,1795,224.38,6.63,0.9034,277,233,212,15.64,248.38,0.8412,First Fit
5,3404,9,1399,155.44,135.43,0.411,973,371,25,230.47,680.8,0.3813,Worst Fit
7,2709,8,1390,173.75,61.52,0.5131,637,254,76,185.9,387.0,0.3987,First Fit
4,1238,10,2845,284.5,9.19,2.2981,344,299,272,22.1,309.5,0.8692,Best Fit
6,4544,6,1118,186.33,136.64,0.246,982,366,30,149.53,757.33,0.3727,Worst Fit
8,3913,9,1804,200.44,65.5,0.461,642,300,87,115.35,489.12,0.4673,First Fit
6,1628,4,989,247.25,8.17,0.6075,309,256,234,24.4,271.33,0.8285,First Fit
6,3627,10,1943,194.3,138.77,0.5357,883,387,36,151.52,604.5,0.4383,Worst Fit
6,2997,7,1264,180.57,60.24,0.4218,619,235,50,106.22,499.5,0.3796,First Fit
3,860,9,2162,240.22,9.96,2.514,296,255,225,7.36,286.67,0.8615,Best Fit
3,2483,4,668,167.0,116.53,0.269,873,284,47,53.85,827.67,0.3253,Worst Fit
4,1597,9,1882,209.11,63.39,1.1785,514,286,92,77.75,399.25,0.5564,Best Fit
4,760,7,1101,157.29,9.22,1.4487,221,170,147,25.95,190.0,0.7692,Best Fit
7,5668,5,792,158.4,133.31,0.1397,962,363,30,120.6,809.71,0.3773,Worst Fit
4,1188,11,1680,152.73,71.01,1.4141,425,259,51,118.38,297.0,0.6094,Best Fit
5,1658,12,3368,280.67,6.39,2.0314,349,293,272,19.48,331.6,0.8395,Best Fit
8,5109,7,1144,163.43,110.15,0.2239,975,314,56,206.33,638.62,0.3221,Worst Fit
4,919,10,1661,166.1,53.22,1.8074,329,249,80,57.55,229.75,0.7568,Best Fit
5,1865,5,1696,339.2,8.23,0.9094,402,348,327,20.57,373.0,0.8657,Best Fit
3,2597,6,1086,181.0,137.89,0.4182,944,350,28,105.87,865.67,0.3708,Worst Fit
6,3332,4,860,215.0,82.32,0.2581,609,295,84,48.7,555.33,0.4844,Worst Fit
7,1664,12,2467,205.58,9.18,1.4826,269,220,192,28.26,237.71,0.8178,Best Fit
4,3170,4,623,155.75,122.49,0.1965,979,301,29,153.65,792.5,0.3075,Worst Fit
5,2547,9,1488,165.33,70.64,0.5842,648,288,54,131.33,509.4,0.4444,First Fit
4,1113,9,2170,241.11,7.43,1.9497,302,252,230,17.47,278.25,0.8344,Best Fit
8,6019,7,1078,154.0,135.31,0.1791,1000,340,32,183.11,752.38,0.34,Worst Fit
3,979,12,1844,153.67,79.68,1.8836,417,296,63,116.41,326.33,0.7098,Best Fit
8,2554,10,2749,274.9,10.76,1.0764,336,294,259,18.4,319.25,0.875,Best Fit
6,2874,8,1573,196.62,131.05,0.5473,576,361,57,60.49,479.0,0.6267,Worst Fit
4,1368,6,963,160.5,61.84,0.7039,553,243,94,125.52,342.0,0.4394,Best Fit
8,3275,11,4241,385.55,8.53,1.295,438,405,373,18.84,409.38,0.9247,Best Fit
6,4410,7,1118,159.71,129.18,0.2535,905,379,44,113.37,735.0,0.4188,Worst Fit
7,2554,4,725,181.25,99.59,0.2839,560,289,53,119.26,364.86,0.5161,Worst Fit
5,1215,7,1533,219.0,7.31,1.2617,269,229,204,21.33,243.0,0.8513,Best Fit
5,2946,7,1296,185.14,132.64,0.4399,877,388,68,154.85,589.2,0.4424,Worst Fit
7,2488,11,2167,197.0,80.97,0.871,537,295,76,162.2,355.43,0.5493,First Fit
7,2335,6,1858,309.67,5.79,0.7957,353,317,300,15.58,333.57,0.898,Best Fit
7,4296,10,1775,177.5,128.22,0.4132,721,392,32,57.56,613.71,0.5437,Worst Fit
5,1819,12,2355,196.25,60.54,1.2947,511,293,118,114.47,363.8,0.5734,First Fit
5,826,9,1157,128.56,7.41,1.4007,177,141,119,8.73,165.2,0.7966,Best Fit
7,4982,7,1044,149.14,134.11,0.2096,962,360,25,110.48,711.71,0.3742,Worst Fit
7,3222,9,1969,218.78,76.76,0.6111,607,298,101,166.87,460.29,0.4909,First Fit
7,1439,10,1852,185.2,12.58,1.287,246,200,165,25.97,205.57,0.813,Best Fit
5,3912,8,1532,191.5,149.17,0.3916,881,393,25,77.42,782.4,0.4461,Worst Fit
6,2307,9,1797,199.67,66.1,0.7789,627,268,55,131.46,384.5,0.4274,Best Fit
5,1030,9,1493,165.89,10.79,1.4495,229,177,146,20.13,206.0,0.7729,Best Fit
6,5042,10,1806,180.6,138.38,0.3582,981,373,30,149.04,840.33,0.3802,Worst Fit
8,2749,4,641,160.25,55.0,0.2332,486,219,70,110.07,343.62,0.4506,First Fit
8,1272,7,850,121.43,9.78,0.6682,194,139,112,24.06,159.0,0.7165,Best Fit
3,2274,8,1729,216.12,161.41,0.7603,998,400,45,170.57,758.0,0.4008,Best Fit
5,2238,12,2297,191.42,71.96,1.0264,562,288,74,119.82,447.6,0.5125,First Fit
7,1298,12,1755,146.25,7.93,1.3521,223,157,135,26.42,185.43,0.704,Best Fit
6,4334,12,2068,172.33,123.04,0.4772,841,353,33,124.97,722.33,0.4197,Worst Fit
5,1955,4,451,112.75,26.57,0.2307,645,147,75,199.16,391.0,0.2279,First Fit
6,1403,9,1844,204.89,10.06,1.3143,275,219,189,24.91,233.83,0.7964,Best Fit
7,4703,8,1629,203.62,152.09,0.3464,957,384,33,176.89,671.86,0.4013,Worst Fit
7,2363,12,2050,170.83,63.99,0.8675,535,294,71,123.95,337.57,0.5495,First Fit
6,2199,11,3577,325.18,8.23,1.6266,390,340,313,17.73,366.5,0.8718,Best Fit
8,5632,11,2086,189.64,155.14,0.3704,932,387,26,149.04,704.0,0.4152,Worst Fit
5,1491,12,2057,171.42,44.59,1.3796,423,243,98,81.76,298.2,0.5745,Best Fit
3,737,11,2526,229.64,11.19,3.4274,286,244,210,28.76,245.67,0.8531,Best Fit
3,2139,12,2248,187.33,139.08,1.051,930,384,25,190.61,713.0,0.4129,First Fit
4,1440,8,1317,164.62,71.83,0.9146,642,287,65,173.86,360.0,0.447,Best Fit
8,3549,7,2938,419.71,8.22,0.8278,488,437,411,24.68,443.62,0.8955,First Fit
8,6642,7,1171,167.29,152.38,0.1763,986,372,28,135.94,830.25,0.3773,Worst Fit
6,1788,8,1610,201.25,78.21,0.9004,442,294,83,92.26,298.0,0.6652,First Fit
4,1658,7,2616,373.71,8.96,1.5778,424,382,360,11.08,414.5,0.9009,Best Fit
6,3741,4,747,186.75,150.99,0.1997,935,358,35,219.06,623.5,0.3829,Worst Fit
5,2387,10,1839,183.9,58.46,0.7704,607,281,82,113.08,477.4,0.4629,First Fit
6,1312,8,1592,199.0,5.61,1.2134,251,206,188,21.48,218.67,0.8207,Best Fit
3,2249,10,1933,193.3,147.85,0.8595,869,355,28,93.74,749.67,0.4085,First Fit
8,2877,10,1599,159.9,64.44,0.5558,546,248,67,125.7,359.62,0.4542,First Fit
6,2531,10,3830,383.0,11.39,1.5132,454,398,370,20.11,421.83,0.8767,Best Fit
7,4634,9,1681,186.78,150.5,0.3628,979,396,35,198.48,662.0,0.4045,Worst Fit
6,2471,5,622,124.4,79.07,0.2517,629,271,57,157.59,411.83,0.4308,First Fit
8,2655,7,2050,292.86,9.11,0.7721,361,301,275,23.01,331.88,0.8338,Best Fit
7,5270,9,1406,156.22,119.0,0.2668,929,331,38,166.74,752.86,0.3563,Worst Fit
6,2366,9,1573,174.78,78.76,0.6648,648,300,68,218.57,394.33,0.463,First Fit
5,1303,5,1148,229.6,9.24,0.881,291,241,218,25.22,260.6,0.8282,Best Fit
5,3598,12,2129,177.42,133.09,0.5917,878,381,40,130.13,719.6,0.4339,First Fit
4,1021,4,872,218.0,26.22,0.8541,340,260,191,58.29,255.25,0.7647,Best Fit
7,2973,8,3154,394.25,12.95,1.0609,453,411,380,19.11,424.71,0.9073,Best Fit
6,4479,6,1285,214.17,156.08,0.2869,909,380,51,124.59,746.5,0.418,Worst Fit
7,3097,8,1339,167.38,71.3,0.4324,607,264,72,136.91,442.43,0.4349,First Fit
3,909,12,3222,268.5,10.2,3.5446,315,286,257,16.97,303.0,0.9079,Best Fit
5,3670,7,1203,171.86,152.06,0.3278,986,383,27,158.49,734.0,0.3884,Worst Fit
5,1955,5,767,153.4,51.17,0.3923,617,234,93,195.27,391.0,0.3793,First Fit
7,2659,11,3755,341.36,12.12,1.4122,413,361,326,24.13,379.86,0.8741,Best Fit
3,1761,10,1835,183.5,148.65,1.042,752,382,29,120.02,587.0,0.508,Best Fit
7,3326,5,794,158.8,49.45,0.2387,623,217,81,144.12,475.14,0.3483,First Fit
7,2260,9,2600,288.89,10.06,1.1504,361,302,274,24.69,322.86,0.8366,Best Fit
3,2046,6,1147,191.17,155.98,0.5606,970,380,26,207.08,682.0,0.3918,First Fit
6,2507,7,1202,171.71,59.16,0.4795,541,262,61,127.09,417.83,0.4843,First Fit
7,2467,8,2668,333.5,8.11,1.0815,395,342,318,20.85,352.43,0.8658,Best Fit
6,4451,7,1161,165.86,151.93,0.2608,955,383,28,154.49,741.83,0.401,Worst Fit
4,1266,6,960,160.0,75.84,0.7583,620,253,59,175.87,316.5,0.4081,First Fit
8,2980,12,4071,339.25,8.16,1.3661,411,348,324,27.11,372.5,0.8467,Best Fit
7,4220,6,1289,214.83,167.52,0.3055,896,397,25,182.28,602.86,0.4431,Worst Fit
8,3234,6,967,161.17,89.95,0.299,639,292,75,142.84,404.25,0.457,Worst Fit
7,2945,8,2993,374.12,5.95,1.0163,443,383,364,11.9,420.71,0.8646,Best Fit
5,3617,12,2250,187.5,135.74,0.6221,988,386,40,177.37,723.4,0.3907,First Fit
6,2609,12,2095,174.58,83.05,0.803,621,285,53,122.66,434.83,0.4589,Best Fit
8,2575,11,3102,282.0,10.19,1.2047,350,300,268,21.75,321.88,0.8571,Best Fit
6,4525,4,724,181.0,149.8,0.16,979,351,26,196.03,754.17,0.3585,Worst Fit
6,2450,4,884,221.0,48.35,0.3608,493,271,141,101.7,408.33,0.5497,First Fit
3,922,9,2520,280.0,9.06,2.7332,349,295,266,29.94,307.33,0.8453,Best Fit
8,5926,7,1196,170.86,141.5,0.2018,923,383,34,136.87,740.75,0.415,Worst Fit
4,1313,4,613,153.25,18.67,0.4669,548,176,129,153.34,328.25,0.3212,First Fit
6,2697,8,3361,420.12,5.16,1.2462,477,430,413,17.28,449.5,0.9015,Best Fit
5,3564,11,1849,168.09,135.38,0.5188,907,369,25,180.77,712.8,0.4068,Worst Fit
7,3005,9,1239,137.67,59.53,0.4123,565,251,52,78.29,429.29,0.4442,First Fit
7,2500,9,2960,328.89,9.69,1.184,384,346,318,21.2,357.14,0.901,Best Fit
5,3053,12,2126,177.17,125.16,0.6964,842,360,44,127.58,610.6,0.4276,Best Fit
7,3229,11,2017,183.36,67.85,0.6247,650,299,65,166.66,461.29,0.46,First Fit
8,1743,7,1283,183.29,10.79,0.7361,261,204,171,25.48,217.88,0.7816,Best Fit
4,2442,10,1990,199.0,143.33,0.8149,842,388,42,139.56,610.5,0.4608,Best Fit
7,2111,5,839,167.8,79.87,0.3974,425,285,51,68.94,301.57,0.6706,First Fit
5,2257,11,4685,425.91,10.43,2.0758,487,439,409,23.87,451.4,0.9014,Best Fit
3,2143,6,1094,182.33,137.9,0.5105,937,398,41,158.77,714.33,0.4248,Worst Fit
4,1223,11,2096,190.55,60.63,1.7138,370,277,70,72.23,305.75,0.7486,First Fit
8,3292,9,3454,383.78,7.81,1.0492,449,395,371,20.76,411.5,0.8797,Best Fit
4,2430,9,1554,172.67,157.3,0.6395,919,390,25,188.84,607.5,0.4244,First Fit
8,3236,7,1128,161.14,82.26,0.3486,536,295,64,100.54,404.5,0.5504,Worst Fit
3,922,9,2349,261.0,7.07,2.5477,328,270,248,14.82,307.33,0.8232,Best Fit
4,3124,6,1225,204.17,144.81,0.3921,956,371,55,105.28,781.0,0.3881,Worst Fit
6,2100,7,1078,154.0,60.62,0.5133,474,215,61,94.97,350.0,0.4536,First Fit
6,2127,11,3705,336.82,9.84,1.7419,395,355,322,18.76,354.5,0.8987,Best Fit
7,5101,6,1105,184.17,139.58,0.2166,827,373,38,122.61,728.71,0.451,Worst Fit
6,2201,7,1600,228.57,34.4,0.7269,602,286,185,128.23,366.83,0.4751,First Fit
5,2275,9,3689,409.89,9.59,1.6215,470,423,396,15.77,455.0,0.9,Best Fit
7,5310,12,2277,189.75,151.09,0.4288,970,393,25,200.66,758.57,0.4052,Worst Fit
6,2110,5,718,143.6,70.35,0.3403,511,250,70,104.03,351.67,0.4892,First Fit
4,1003,12,2756,229.67,9.91,2.7478,271,243,211,19.19,250.75,0.8967,Best Fit
5,3608,7,1144,163.43,124.94,0.3171,973,328,44,209.81,721.6,0.3371,Worst Fit
7,2853,12,2356,196.33,75.89,0.8258,613,297,57,140.75,407.57,0.4845,First Fit
7,2353,8,2389,298.62,10.52,1.0153,371,315,285,21.37,336.14,0.8491,Best Fit
6,4625,12,2407,200.58,153.36,0.5204,995,396,26,141.94,770.83,0.398,Worst Fit
5,2001,11,1634,148.55,74.43,0.8166,515,289,52,126.57,400.2,0.5612,First Fit
5,891,4,546,136.5,6.84,0.6128,207,148,130,24.04,178.2,0.715,First Fit
7,5347,8,1456,182.0,130.23,0.2723,999,378,27,154.49,763.86,0.3784,Worst Fit
7,2735,7,1383,197.57,55.57,0.5057,549,277,125,149.28,390.71,0.5046,First Fit
3,1175,9,3289,365.44,8.13,2.7991,406,377,352,18.19,391.67,0.9286,Best Fit
6,4820,5,687,137.4,116.02,0.1425,984,294,40,155.96,803.33,0.2988,Worst Fit
7,2291,5,1072,214.4,40.19,0.4679,516,282,175,115.67,327.29,0.5465,First Fit
7,1814,7,1453,207.57,5.88,0.801,277,219,200,12.24,259.14,0.7906,Best Fit
5,3195,10,1815,181.5,136.98,0.5681,983,375,30,201.55,639.0,0.3815,First Fit
7,2345,12,1741,145.08,66.09,0.7424,447,240,51,85.15,335.0,0.5369,First Fit
7,2483,8,2664,333.0,5.85,1.0729,374,342,324,19.72,354.71,0.9144,First Fit
6,4095,12,2280,190.0,136.12,0.5568,891,376,36,159.67,682.5,0.422,First Fit
6,2533,8,1304,163.0,71.7,0.5148,593,255,57,138.02,422.17,0.43,First Fit
3,1293,12,4617,384.75,11.14,3.5708,453,401,369,15.58,431.0,0.8852,Best Fit
4,2794,7,1159,165.57,112.33,0.4148,821,318,63,84.11,698.5,0.3873,Worst Fit
4,2073,9,1542,171.33,86.36,0.7438,604,297,63,80.09,518.25,0.4917,Best Fit
6,2419,8,2966,370.75,11.38,1.2261,438,385,352,28.77,403.17,0.879,Best Fit
5,2883,6,1103,183.83,134.68,0.3826,698,346,26,83.9,576.6,0.4957,Worst Fit
6,2241,9,1025,113.89,59.38,0.4574,583,246,57,165.43,373.5,0.422,First Fit
6,2687,10,4061,406.1,8.99,1.5114,473,422,393,13.08,447.83,0.8922,Best Fit
5,3652,6,1090,181.67,138.08,0.2985,915,390,32,99.32,730.4,0.4262,Worst Fit
4,1669,8,1826,228.25,43.55,1.0941,645,294,151,147.99,417.25,0.4558,First Fit
6,1662,10,2631,263.1,10.61,1.583,309,276,245,15.83,277.0,0.8932,Best Fit
6,4793,4,755,188.75,142.49,0.1575,902,348,28,115.09,798.83,0.3858,Worst Fit
5,1831,5,883,176.6,90.74,0.4823,592,299,90,150.91,366.2,0.5051,Worst Fit
5,1046,6,1187,197.83,6.39,1.1348,223,205,185,13.42,209.2,0.9193,Best Fit
7,4390,9,1455,161.67,137.11,0.3314,991,339,25,173.01,627.14,0.3421,Worst Fit
6,2192,8,1679,209.88,68.19,0.766,625,300,82,125.96,365.33,0.48,First Fit
4,705,7,927,132.43,12.33,1.3149,198,148,115,13.39,176.25,0.7475,Best Fit
6,4142,6,1005,167.5,130.55,0.2426,919,356,31,133.06,690.33,0.3874,Worst Fit
3,1094,10,2059,205.9,69.72,1.8821,468,289,84,80.71,364.67,0.6175,Best Fit
6,1458,11,2480,225.45,11.2,1.701,277,240,207,23.12,243.0,0.8664,First Fit
7,4949,8,1510,188.75,146.69,0.3051,973,394,29,177.67,707.0,0.4049,Worst Fit
4,1331,5,857,171.4,78.45,0.6439,620,272,71,189.38,332.75,0.4387,First Fit
8,3597,4,1678,419.5,9.6,0.4665,473,427,403,24.36,449.62,0.9027,First Fit
5,2740,4,752,188.0,121.63,0.2745,641,326,63,54.11,548.0,0.5086,Worst Fit
8,3290,6,1044,174.0,69.42,0.3173,613,261,83,104.15,411.25,0.4258,First Fit
5,1278,4,982,245.5,13.76,0.7684,281,258,224,16.93,255.6,0.9181,First Fit
6,4155,12,2321,193.42,145.71,0.5586,867,396,28,105.05,692.5,0.4567,First Fit
8,3406,4,702,175.5,87.12,0.2061,626,264,70,153.01,425.75,0.4217,Worst Fit
5,2112,9,3447,383.0,8.1,1.6321,450,394,370,18.32,422.4,0.8756,Best Fit
7,4619,4,866,216.5,155.41,0.1875,934,393,53,168.84,659.86,0.4208,Worst Fit
7,2822,8,1432,179.0,67.23,0.5074,631,296,85,161.96,403.14,0.4691,First Fit
4,1893,5,2105,421.0,12.21,1.112,490,439,404,14.1,473.25,0.8959,Best Fit
8,5100,4,845,211.25,152.77,0.1657,949,367,56,181.72,637.5,0.3867,Worst Fit
3,1022,11,1994,181.27,75.09,1.9511,419,284,73,56.82,340.67,0.6778,Best Fit
7,1309,11,1705,155.0,9.91,1.3025,224,169,137,22.55,187.0,0.7545,Best Fit
5,2944,12,2395,199.58,140.08,0.8135,731,392,45,103.92,588.8,0.5363,First Fit
5,2185,10,2015,201.5,72.87,0.9222,624,299,59,118.94,437.0,0.4792,Best Fit
4,893,10,1869,186.9,8.68,2.0929,257,200,171,30.83,223.25,0.7782,Best Fit
4,2304,9,1384,153.78,131.53,0.6007,632,328,28,72.43,576.0,0.519,First Fit
8,3711,9,1653,183.67,57.96,0.4454,629,274,115,100.2,463.88,0.4356,First Fit
6,2755,9,3781,420.11,7.67,1.3724,489,430,406,20.58,459.17,0.8793,Best Fit
3,1841,9,1395,155.0,125.31,0.7577,700,357,32,80.62,613.67,0.51,Best Fit
4,1856,4,905,226.25,44.35,0.4876,571,266,157,102.41,464.0,0.4658,First Fit
8,3490,5,2026,405.2,8.75,0.5805,451,420,393,12.36,436.25,0.9313,First Fit
4,3048,6,1155,192.5,148.87,0.3789,891,364,25,115.14,762.0,0.4085,Worst Fit
4,2221,5,1082,216.4,60.09,0.4872,645,283,119,70.99,555.25,0.4388,First Fit
7,1353,10,1773,177.3,9.72,1.3104,230,190,157,15.9,193.29,0.8261,Best Fit
8,6583,5,831,166.2,136.23,0.1262,979,337,51,180.47,822.88,0.3442,Worst Fit
8,3025,12,1896,158.0,78.82,0.6268,621,258,63,134.92,378.12,0.4155,First Fit
3,902,10,2520,252.0,6.02,2.7938,318,260,245,16.21,300.67,0.8176,Best Fit
4,3437,12,2428,202.33,149.0,0.7064,992,373,35,96.56,859.25,0.376,Best Fit
5,1961,9,1656,184.0,53.73,0.8445,624,254,85,164.45,392.2,0.4071,Best Fit
7,1581,11,2156,196.0,9.17,1.3637,269,211,184,24.91,225.86,0.7844,Best Fit
4,2325,4,741,185.25,128.77,0.3187,865,329,52,179.02,581.25,0.3803,Worst Fit
4,1564,8,1486,185.75,72.38,0.9501,542,274,77,138.54,391.0,0.5055,Best Fit
3,1374,9,3826,425.11,10.51,2.7846,484,442,409,18.55,458.0,0.9132,Best Fit
4,3384,9,1518,168.67,148.3,0.4486,911,369,25,77.01,846.0,0.405,Worst Fit
4,1758,11,1999,181.73,60.83,1.1371,621,259,68,171.86,439.5,0.4171,First Fit
7,2903,5,1897,379.4,7.96,0.6535,446,387,367,22.42,414.71,0.8677,Best Fit
8,5097,12,2424,202.0,155.42,0.4756,783,398,28,113.37,637.12,0.5083,Worst Fit
3,970,8,1301,162.62,78.35,1.3412,646,274,51,228.21,323.33,0.4241,Best Fit
4,992,10,2224,222.4,8.42,2.2419,272,232,206,21.21,248.0,0.8529,First Fit
3,1957,12,2228,185.67,141.93,1.1385,834,390,31,158.4,652.33,0.4676,Best Fit
3,1238,5,907,181.4,77.48,0.7326,572,300,99,162.84,412.67,0.5245,Best Fit
3,654,4,795,198.75,5.67,1.2156,230,207,191,8.52,218.0,0.9,Best Fit
5,2994,12,2167,180.58,129.82,0.7238,779,353,40,139.95,598.8,0.4531,Best Fit
6,3075,4,963,240.75,42.4,0.3132,638,288,198,118.04,512.5,0.4514,First Fit
4,1571,11,3943,358.45,12.75,2.5099,418,375,340,16.95,392.75,0.8971,Best Fit
3,2032,9,1557,173.0,142.69,0.7662,889,395,27,175.18,677.33,0.4443,Best Fit
4,1681,4,736,184.0,62.45,0.4378,632,283,114,158.14,420.25,0.4478,First Fit
5,730,12,1533,127.75,8.71,2.1,188,138,113,22.3,146.0,0.734,Best Fit
4,2680,4,786,196.5,149.47,0.2933,804,362,45,110.64,670.0,0.4502,Worst Fit
4,1878,9,1248,138.67,66.45,0.6645,633,238,54,174.44,469.5,0.376,Best Fit
6,1575,9,2147,238.56,10.16,1.3632,299,252,225,25.97,262.5,0.8428,Best Fit
8,5435,8,1556,194.5,127.17,0.2863,918,390,64,187.39,679.38,0.4248,Worst Fit
3,1313,9,1425,158.33,47.58,1.0853,591,237,103,151.16,437.67,0.401,First Fit
3,699,8,1719,214.88,8.27,2.4592,248,227,205,10.68,233.0,0.9153,Best Fit
7,4782,10,1890,189.0,138.51,0.3952,934,372,40,171.08,683.14,0.3983,Worst Fit
4,1059,12,2022,168.5,64.13,1.9093,370,284,60,66.65,264.75,0.7676,Best Fit
6,2603,10,3945,394.5,11.4,1.5156,461,411,383,20.47,433.83,0.8915,Best Fit
5,2933,6,1279,213.17,169.68,0.4361,849,396,29,142.7,586.6,0.4664,Worst Fit
5,2007,11,1858,168.91,74.48,0.9258,568,293,84,154.41,401.4,0.5158,Best Fit
4,1395,11,3574,324.91,9.77,2.562,366,340,310,10.71,348.75,0.929,Best Fit
6,4511,5,774,154.8,130.96,0.1716,977,344,33,216.16,751.83,0.3521,Worst Fit
6,2571,9,1700,188.89,74.18,0.6612,646,295,52,150.46,428.5,0.4567,First Fit
7,2925,5,1981,396.2,10.32,0.6773,451,405,377,22.05,417.86,0.898,Best Fit
6,3623,5,744,148.8,141.86,0.2054,926,376,28,175.46,603.83,0.406,Worst Fit
5,2285,10,1654,165.4,67.73,0.7239,576,297,72,138.95,457.0,0.5156,Best Fit
3,1245,8,2910,363.75,9.44,2.3373,429,377,353,16.39,415.0,0.8788,Best Fit
8,5626,12,2360,196.67,138.3,0.4195,973,367,26,178.88,703.25,0.3772,Worst Fit
7,2881,12,2028,169.0,57.56,0.7039,625,276,97,126.26,411.57,0.4416,Best Fit
7,1696,7,1588,226.86,9.72,0.9363,283,240,212,22.24,242.29,0.8481,Best Fit
7,4918,12,2308,192.33,145.76,0.4693,855,400,33,128.66,702.57,0.4678,Worst Fit
3,798,8,1494,186.75,64.77,1.8722,422,293,54,110.99,266.0,0.6943,Best Fit
4,1543,5,1822,364.4,7.94,1.1808,412,377,355,22.65,385.75,0.915,Best Fit
5,3752,7,1218,174.0,136.79,0.3246,949,347,50,158.15,750.4,0.3656,Worst Fit
5,2032,4,629,157.25,84.19,0.3095,602,245,62,131.24,406.4,0.407,Worst Fit
7,1112,8,1112,139.0,8.41,1.0,189,151,127,19.31,158.86,0.7989,First Fit
6,4422,8,1678,209.75,152.5,0.3795,980,400,45,206.62,737.0,0.4082,Worst Fit
4,1611,4,1010,252.5,42.19,0.6269,544,299,192,107.97,402.75,0.5496,First Fit
7,1877,6,1406,234.33,8.5,0.7491,304,245,221,19.61,268.14,0.8059,Best Fit
7,4219,4,829,207.25,138.46,0.1965,994,370,66,178.56,602.71,0.3722,Worst Fit
8,3195,10,1428,142.8,60.74,0.4469,617,251,64,147.63,399.38,0.4068,First Fit
6,1800,7,1871,267.29,11.5,1.0394,330,283,253,21.08,300.0,0.8576,Best Fit
6,4151,4,700,175.0,136.59,0.1686,942,354,27,180.57,691.83,0.3758,Worst Fit
8,3276,9,1768,196.44,49.16,0.5397,634,246,78,180.51,409.5,0.388,First Fit
7,1928,6,1544,257.33,11.91,0.8008,309,277,242,16.94,275.43,0.8964,Best Fit
8,5232,10,1956,195.6,149.44,0.3739,926,382,29,160.03,654.0,0.4125,Worst Fit
7,2439,4,546,136.5,64.33,0.2239,510,233,67,112.85,348.43,0.4569,First Fit
6,1504,7,1625,232.14,9.19,1.0805,290,246,214,27.37,250.67,0.8483,Best Fit
4,2490,7,1247,178.14,152.42,0.5008,895,399,28,169.21,622.5,0.4458,Worst Fit
4,1837,11,2150,195.45,72.16,1.1704,518,272,72,40.6,459.25,0.5251,Best Fit
6,1339,11,2173,197.55,10.82,1.6229,253,212,181,26.74,223.17,0.8379,Best Fit
7,5253,10,1700,170.0,125.75,0.3236,953,323,26,131.25,750.43,0.3389,Worst Fit
3,1124,10,1444,144.4,39.62,1.2847,628,197,64,179.13,374.67,0.3137,Best Fit
5,1824,5,1634,326.8,8.75,0.8958,384,336,312,18.04,364.8,0.875,First Fit
7,4872,5,807,161.4,154.02,0.1656,949,389,26,183.69,696.0,0.4099,Worst Fit
3,1485,10,2012,201.2,65.36,1.3549,639,286,103,162.43,495.0,0.4476,Best Fit
3,756,7,1516,216.57,4.95,2.0053,262,225,208,7.12,252.0,0.8588,Best Fit
5,3440,9,1504,167.11,146.87,0.4372,881,392,27,138.96,688.0,0.4449,Worst Fit
5,2271,5,770,154.0,81.93,0.3391,588,281,50,96.37,454.2,0.4779,Worst Fit
3,1116,6,2081,346.83,9.72,1.8647,413,362,337,28.99,372.0,0.8765,Best Fit
8,4543,8,1518,189.75,149.12,0.3341,999,381,30,179.2,567.88,0.3814,Worst Fit
6,1677,11,2123,193.0,72.85,1.266,389,290,79,69.83,279.5,0.7455,First Fit
7,1269,4,616,154.0,9.97,0.4854,206,167,142,18.41,181.29,0.8107,First Fit
7,4525,9,1573,174.78,146.92,0.3476,820,391,36,124.95,646.43,0.4768,Worst Fit
8,3190,4,601,150.25,62.12,0.1884,592,210,59,134.11,398.75,0.3547,First Fit
3,992,11,3057,277.91,9.98,3.0817,348,293,265,12.92,330.67,0.842,Best Fit
4,3127,6,1103,183.83,138.82,0.3527,865,360,42,77.74,781.75,0.4162,Worst Fit
3,1343,5,1011,202.2,53.18,0.7528,647,289,154,141.89,447.67,0.4467,Best Fit
5,1592,10,2867,286.7,10.88,1.8009,346,310,278,17.17,318.4,0.896,Best Fit
6,4525,11,1605,145.91,109.9,0.3547,963,282,35,174.49,754.17,0.2928,Worst Fit
8,3584,7,1616,230.86,40.51,0.4509,565,291,157,98.74,448.0,0.515,First Fit
3,612,7,1368,195.43,10.76,2.2353,223,212,180,13.93,204.0,0.9507,Best Fit
6,3010,5,764,152.8,129.14,0.2538,624,319,36,81.91,501.67,0.5112,Worst Fit
8,2834,6,1095,182.5,48.72,0.3864,625,233,110,136.81,354.25,0.3728,First Fit
5,1421,5,1372,274.4,11.29,0.9655,312,289,260,17.23,284.2,0.9263,First Fit
4,2751,5,863,172.6,140.45,0.3137,957,352,55,160.31,687.75,0.3678,Worst Fit
5,1747,5,745,149.0,65.89,0.4264,611,247,71,160.03,349.4,0.4043,First Fit
7,1393,7,1166,166.57,10.89,0.837,238,185,154,31.03,199.0,0.7773,Best Fit
6,3437,7,1393,199.0,155.57,0.4053,771,391,43,113.13,572.83,0.5071,Worst Fit
4,1708,5,1058,211.6,87.65,0.6194,616,299,55,142.69,427.0,0.4854,First Fit
3,991,6,1764,294.0,13.84,1.78,341,315,283,8.22,330.33,0.9238,Best Fit
8,5586,7,1241,177.29,143.66,0.2222,948,367,46,174.7,698.25,0.3871,Worst Fit
5,2229,10,1368,136.8,51.31,0.6137,550,216,67,111.53,445.8,0.3927,First Fit
8,2609,10,2967,296.7,10.37,1.1372,363,309,277,21.3,326.12,0.8512,Best Fit
7,4656,11,1698,154.36,124.31,0.3647,786,373,28,108.7,665.14,0.4746,Worst Fit
4,1329,12,2310,192.5,75.72,1.7381,553,296,87,142.41,332.25,0.5353,Best Fit
5,1093,12,2531,210.92,11.13,2.3156,230,226,193,6.62,218.6,0.9826,Best Fit
4,3281,6,1069,178.17,125.99,0.3258,983,332,45,141.02,820.25,0.3377,Worst Fit
4,1855,9,1632,181.33,82.84,0.8798,619,300,76,124.56,463.75,0.4847,Best Fit
8,1411,9,1294,143.78,9.45,0.9171,207,157,129,22.58,176.38,0.7585,First Fit
6,4178,12,2138,178.17,144.13,0.5117,964,392,26,179.02,696.33,0.4066,Worst Fit
5,2098,12,2138,178.17,64.12,1.0191,591,254,50,135.52,419.6,0.4298,Best Fit
7,1546,6,1143,190.5,14.06,0.7393,248,205,172,22.82,220.86,0.8266,First Fit
6,4511,11,1859,169.0,127.84,0.4121,973,337,33,168.6,751.83,0.3464,Worst Fit
4,1533,4,591,147.75,64.33,0.3855,604,249,73,129.49,383.25,0.4123,First Fit
3,979,6,1747,291.17,11.33,1.7845,355,307,275,22.88,326.33,0.8648,Best Fit
5,3458,6,1219,203.17,147.34,0.3525,871,393,46,131.37,691.6,0.4512,Worst Fit
3,788,6,924,154.0,82.19,1.1726,427,297,67,117.64,262.67,0.6956,First Fit
7,2659,5,1719,343.8,13.79,0.6465,402,358,323,24.78,379.86,0.8905,First Fit
8,5519,8,1453,181.62,151.78,0.2633,877,390,26,157.21,689.88,0.4447,Worst Fit
3,1217,12,1577,131.42,58.74,1.2958,510,219,57,117.81,405.67,0.4294,Worst Fit
3,1307,4,1598,399.5,9.23,1.2226,472,414,389,28.64,435.67,0.8771,Best Fit
7,4793,7,1262,180.29,160.24,0.2633,996,399,26,192.74,684.71,0.4006,Worst Fit
7,2548,6,865,144.17,88.51,0.3395,537,277,52,122.82,364.0,0.5158,Worst Fit
8,3487,9,3710,412.22,8.01,1.064,467,423,400,14.49,435.88,0.9058,Best Fit
5,3352,12,2225,185.42,136.6,0.6638,905,395,27,163.16,670.4,0.4365,Best Fit
7,2689,9,1302,144.67,50.71,0.4842,640,221,62,163.92,384.14,0.3453,First Fit
4,1467,6,1957,326.17,11.1,1.334,397,346,313,29.28,366.75,0.8715,Best Fit
6,3950,8,1513,189.12,126.91,0.383,942,384,61,189.3,658.33,0.4076,Worst Fit
3,1368,10,1788,178.8,87.1,1.307,485,293,66,33.54,456.0,0.6041,First Fit
6,1618,5,1107,221.4,8.73,0.6842,292,237,211,22.64,269.67,0.8116,Best Fit
4,2737,8,1547,193.38,149.54,0.5652,958,393,32,190.36,684.25,0.4102,First Fit
5,2614,10,1614,161.4,90.55,0.6174,627,293,50,80.55,522.8,0.4673,First Fit
8,2441,12,3347,278.92,11.09,1.3712,346,295,265,28.28,305.12,0.8526,Best Fit
7,5275,10,1854,185.4,133.42,0.3515,1000,336,32,181.04,753.57,0.336,Worst Fit
4,1647,4,721,180.25,72.27,0.4378,539,299,106,131.2,411.75,0.5547,First Fit
5,1843,12,4110,342.5,11.09,2.2301,388,359,326,13.4,368.6,0.9253,Best Fit
5,3100,6,1208,201.33,146.06,0.3897,900,361,43,188.17,620.0,0.4011,Worst Fit
3,1158,8,1948,243.5,53.17,1.6822,592,298,173,147.32,386.0,0.5034,Best Fit
5,1213,9,1771,196.78,8.71,1.46,257,215,186,21.1,242.6,0.8366,Best Fit
4,2870,12,2192,182.67,141.09,0.7638,968,376,25,192.8,717.5,0.3884,Best Fit
3,1352,10,1783,178.3,66.42,1.3188,592,277,84,171.7,450.67,0.4679,First Fit
7,2834,5,1829,365.8,6.05,0.6454,434,375,356,20.96,404.86,0.8641,First Fit
6,4158,7,1333,190.43,153.01,0.3206,988,389,30,218.86,693.0,0.3937,Worst Fit
7,2947,9,1557,173.0,71.01,0.5283,641,282,65,163.18,421.0,0.4399,First Fit
7,3093,5,2050,410.0,6.93,0.6628,474,421,400,16.35,441.86,0.8882,Best Fit
3,2217,7,1194,170.57,138.42,0.5386,944,383,34,200.98,739.0,0.4057,Worst Fit
5,2029,10,2059,205.9,69.93,1.0148,541,299,89,119.79,405.8,0.5527,First Fit
4,1646,6,2151,358.5,8.85,1.3068,429,372,343,13.76,411.5,0.8671,Best Fit
3,2395,9,1354,150.44,118.89,0.5653,916,324,31,131.36,798.33,0.3537,First Fit
8,2776,5,770,154.0,56.86,0.2774,540,229,78,108.9,347.0,0.4241,First Fit
8,1849,12,2369,197.42,11.34,1.2812,261,215,181,23.87,231.12,0.8238,Best Fit
6,5038,8,1436,179.5,143.38,0.285,978,386,29,179.48,839.67,0.3947,Worst Fit
8,3317,10,2213,221.3,53.57,0.6672,633,285,128,139.12,414.62,0.4502,Best Fit
7,2874,8,2933,366.62,9.85,1.0205,436,383,355,25.47,410.57,0.8784,Best Fit
5,3376,8,1626,203.25,150.25,0.4816,999,380,40,191.12,675.2,0.3804,Worst Fit
4,1434,11,2400,218.18,68.0,1.6736,508,297,105,91.59,358.5,0.5846,Best Fit
6,1279,4,819,204.75,3.77,0.6403,259,211,201,23.03,213.17,0.8147,First Fit
5,3091,6,1183,197.17,145.92,0.3827,976,391,41,197.89,618.2,0.4006,Worst Fit
5,1690,4,525,131.25,78.49,0.3107,510,245,51,114.19,338.0,0.4804,First Fit
3,631,9,1325,147.22,11.71,2.0998,222,167,134,8.26,210.33,0.7523,Best Fit
5,3237,5,813,162.6,139.91,0.2512,826,337,26,113.7,647.4,0.408,Worst Fit
4,2432,11,2044,185.82,74.1,0.8405,646,289,64,53.31,608.0,0.4474,First Fit
7,1667,9,1865,207.22,9.02,1.1188,268,221,190,16.93,238.14,0.8246,Best Fit
6,3685,4,729,182.25,137.39,0.1978,810,374,37,105.64,614.17,0.4617,Worst Fit
3,1331,7,1024,146.29,67.79,0.7693,546,284,53,72.69,443.67,0.5201,Best Fit
8,1768,11,2049,186.27,9.5,1.1589,241,200,173,18.18,221.0,0.8299,Best Fit
3,1773,12,2240,186.67,143.54,1.2634,819,399,27,161.82,591.0,0.4872,Best Fit
8,3318,11,2179,198.09,67.9,0.6567,629,288,94,114.89,414.75,0.4579,Best Fit
6,1020,6,860,143.33,12.42,0.8431,213,159,126,27.95,170.0,0.7465,Best Fit
8,5467,11,1986,180.55,155.14,0.3633,874,382,30,163.76,683.38,0.4371,Worst Fit
5,1668,7,1679,239.86,58.83,1.0066,534,292,114,112.0,333.6,0.5468,First Fit
8,2351,12,3209,267.42,11.05,1.365,328,286,252,19.05,293.88,0.872,Best Fit
4,2507,8,1402,175.25,124.41,0.5592,884,355,29,176.93,626.75,0.4016,First Fit
8,2964,12,1983,165.25,63.28,0.669,487,263,69,90.76,370.5,0.54,Best Fit
6,1599,5,1182,236.4,9.62,0.7392,304,249,226,26.94,266.5,0.8191,Best Fit
6,4786,4,707,176.75,121.63,0.1477,980,315,45,122.7,797.67,0.3214,Worst Fit
8,3525,12,2192,182.67,80.23,0.6218,650,281,54,128.64,440.62,0.4323,First Fit
5,1232,10,2213,221.3,12.47,1.7963,277,237,203,24.15,246.4,0.8556,Best Fit
6,3874,9,1539,171.0,143.93,0.3973,977,398,30,206.07,645.67,0.4074,Worst Fit
7,2713,9,1586,176.22,63.71,0.5846,558,287,98,155.98,387.57,0.5143,First Fit
5,2172,4,1586,396.5,11.15,0.7302,464,414,383,24.05,434.4,0.8922,Best Fit
5,3316,12,2187,182.25,130.19,0.6595,842,399,40,161.69,663.2,0.4739,Best Fit
5,2209,10,1749,174.9,74.28,0.7918,609,288,54,185.04,441.8,0.4729,First Fit
3,1309,11,4324,393.09,12.0,3.3033,456,409,375,13.96,436.33,0.8969,Best Fit
8,5554,6,1097,182.83,128.1,0.1975,993,373,50,197.86,694.25,0.3756,Worst Fit
4,1608,12,2604,217.0,61.03,1.6194,509,295,107,99.34,402.0,0.5796,First Fit
8,1726,12,2151,179.25,7.28,1.2462,242,193,168,19.58,215.75,0.7975,Best Fit
7,5285,10,1963,196.3,139.05,0.3714,904,389,50,143.54,755.0,0.4303,Worst Fit
3,1162,8,1466,183.25,72.5,1.2616,636,285,62,193.87,387.33,0.4481,Best Fit
6,1776,12,3095,257.92,9.01,1.7427,313,273,241,14.42,296.0,0.8722,Best Fit
7,4693,10,1924,192.4,144.68,0.41,921,381,31,169.65,670.43,0.4137,Worst Fit
5,2105,10,1633,163.3,80.86,0.7758,633,297,81,143.66,421.0,0.4692,First Fit
5,2101,4,1504,376.0,10.7,0.7158,446,392,364,25.08,420.2,0.8789,Best Fit
3,2343,12,2220,185.0,134.29,0.9475,832,398,37,54.17,781.0,0.4784,Best Fit
8,3107,5,837,167.4,56.38,0.2694,579,248,93,129.92,388.38,0.4283,First Fit
5,1293,10,2213,221.3,5.12,1.7115,282,227,209,20.79,258.6,0.805,Best Fit
3,1870,9,1610,178.89,144.68,0.861,808,372,30,134.6,623.33,0.4604,First Fit
6,2546,4,698,174.5,45.33,0.2742,638,232,123,150.65,424.33,0.3636,First Fit
5,981,8,1266,158.25,7.55,1.2905,236,169,149,22.91,196.2,0.7161,Best Fit
4,2891,12,2237,186.42,140.79,0.7738,978,381,28,182.17,722.75,0.3896,Best Fit
8,3904,7,1129,161.29,71.54,0.2892,614,253,69,146.83,488.0,0.4121,First Fit
6,2699,9,3728,414.22,9.68,1.3813,481,428,397,26.02,449.83,0.8898,Best Fit
8,4624,7,1243,177.57,155.51,0.2688,692,398,30,86.99,578.0,0.5751,Worst Fit
5,2251,9,1557,173.0,71.79,0.6917,632,284,95,156.97,450.2,0.4494,Best Fit
7,2014,7,1815,259.29,12.44,0.9012,303,272,239,13.31,287.71,0.8977,Best Fit
5,3413,4,824,206.0,169.57,0.2414,936,400,29,209.25,682.6,0.4274,Worst Fit
4,1083,6,1278,213.0,77.02,1.1801,572,293,95,174.63,270.75,0.5122,Best Fit
5,862,8,1219,152.38,12.23,1.4142,208,168,134,21.85,172.4,0.8077,Best Fit
4,3153,9,1390,154.44,133.02,0.4408,897,340,29,90.95,788.25,0.379,Worst Fit
5,1477,8,1253,156.62,76.45,0.8483,412,278,63,86.97,295.4,0.6748,First Fit
6,2535,12,4784,398.67,8.98,1.8872,457,410,379,20.77,422.5,0.8972,Best Fit
4,3134,10,1856,185.6,137.42,0.5922,859,373,27,52.37,783.5,0.4342,First Fit
4,1561,4,701,175.25,53.9,0.4491,491,254,114,112.18,390.25,0.5173,First Fit
6,2607,12,4734,394.5,9.91,1.8159,462,412,381,18.05,434.5,0.8918,Best Fit
3,2606,5,739,147.8,131.92,0.2836,977,324,25,104.19,868.67,0.3316,Worst Fit
3,888,4,420,105.0,53.64,0.473,576,192,51,198.0,296.0,0.3333,First Fit
8,1350,9,1240,137.78,11.78,0.9185,208,154,123,28.37,168.75,0.7404,First Fit
5,3287,8,1469,183.62,140.88,0.4469,840,382,43,125.69,657.4,0.4548,Worst Fit
4,1575,4,523,130.75,76.28,0.3321,596,257,53,123.16,393.75,0.4312,First Fit
8,1569,11,1669,151.73,9.8,1.0637,224,167,137,25.08,196.12,0.7455,Best Fit
6,4046,10,1850,185.0,137.22,0.4572,928,377,29,170.56,674.33,0.4062,Worst Fit
4,1820,5,859,171.8,45.98,0.472,578,241,116,127.9,455.0,0.417,First Fit
8,3267,10,3875,387.5,9.8,1.1861,448,400,369,23.41,408.38,0.8929,Best Fit
7,4597,7,1422,203.14,153.85,0.3093,876,399,67,158.64,656.71,0.4555,Worst Fit
8,2663,4,814,203.5,70.62,0.3057,562,271,85,139.8,332.88,0.4822,First Fit
6,1382,7,1339,191.29,8.61,0.9689,246,204,179,15.47,230.33,0.8293,Best Fit
5,3563,9,1479,164.33,133.07,0.4151,983,398,32,145.47,712.6,0.4049,Worst Fit
3,1350,9,965,107.22,55.33,0.7148,608,223,53,115.95,450.0,0.3668,Best Fit
5,2288,5,2116,423.2,9.99,0.9248,493,441,410,29.12,457.6,0.8945,Best Fit
7,5374,11,1770,160.91,129.63,0.3294,988,319,30,170.54,767.71,0.3229,Worst Fit
7,2986,11,1628,148.0,64.16,0.5452,644,266,55,159.87,426.57,0.413,First Fit
5,1257,5,1044,208.8,10.65,0.8305,269,221,196,17.56,251.4,0.8216,Best Fit
4,2310,12,2340,195.0,152.12,1.013,779,387,27,131.92,577.5,0.4968,First Fit
4,828,5,651,130.2,52.41,0.7862,270,204,70,42.22,207.0,0.7556,First Fit
3,860,8,2190,273.75,12.94,2.5465,318,290,257,22.4,286.67,0.9119,Best Fit
5,3761,12,2269,189.08,134.13,0.6033,958,389,37,178.27,752.2,0.4061,First Fit
3,1344,9,1496,166.22,77.78,1.1131,613,279,57,161.35,448.0,0.4551,First Fit
6,1651,5,1268,253.6,8.82,0.768,322,262,239,30.33,275.17,0.8137,Best Fit
8,6149,11,2100,190.91,160.67,0.3415,945,398,26,125.64,768.62,0.4212,Worst Fit
8,3081,5,966,193.2,53.67,0.3135,619,268,118,134.46,385.12,0.433,First Fit
5,1202,9,1930,214.44,9.8,1.6057,290,227,201,26.78,240.4,0.7828,Best Fit
5,3812,9,1646,182.89,133.82,0.4318,956,379,57,154.58,762.4,0.3964,Worst Fit
8,2768,6,1124,187.33,68.12,0.4061,561,297,75,159.32,346.0,0.5294,First Fit
6,2297,8,2683,335.38,10.57,1.168,410,355,322,18.51,382.83,0.8659,Best Fit
7,5159,6,1142,190.33,134.37,0.2214,913,342,51,175.06,737.0,0.3746,Worst Fit
4,1730,8,1468,183.5,55.42,0.8486,473,264,92,43.05,432.5,0.5581,First Fit
6,1805,4,1102,275.5,10.45,0.6105,324,289,263,21.35,300.83,0.892,First Fit
4,2388,4,683,170.75,131.54,0.286,742,329,30,104.22,597.0,0.4434,Worst Fit
5,1421,11,2095,190.45,71.61,1.4743,580,296,67,150.44,284.2,0.5103,First Fit
3,1237,6,2439,406.5,2.63,1.9717,428,411,402,11.95,412.33,0.9603,Best Fit
6,4062,10,1884,188.4,139.62,0.4638,926,372,33,159.05,677.0,0.4017,Worst Fit
4,2014,10,1952,195.2,61.84,0.9692,599,280,111,103.01,503.5,0.4674,First Fit
6,1662,8,1834,229.25,11.99,1.1035,299,253,220,25.07,277.0,0.8462,Best Fit
4,3348,12,2160,180.0,135.13,0.6452,995,392,31,113.58,837.0,0.394,First Fit
4,2268,11,1722,156.55,78.63,0.7593,636,289,62,76.69,567.0,0.4544,Best Fit
6,2289,11,3825,347.73,7.45,1.671,409,358,333,17.44,381.5,0.8753,Best Fit
6,3940,12,2388,199.0,150.01,0.6061,926,390,39,169.66,656.67,0.4212,First Fit
6,2260,5,699,139.8,49.59,0.3093,574,228,90,165.05,376.67,0.3972,First Fit
6,1427,12,2371,197.58,9.08,1.6615,268,214,185,16.1,237.83,0.7985,Best Fit
5,3287,6,1118,186.33,150.32,0.3401,884,356,33,138.14,657.4,0.4027,Worst Fit
3,1450,4,822,205.5,91.8,0.5669,588,295,64,92.03,483.33,0.5017,First Fit
6,1330,11,1997,181.55,10.97,1.5015,251,201,167,23.2,221.67,0.8008,Best Fit
8,5225,12,2038,169.83,126.22,0.39,986,337,25,198.33,653.12,0.3418,Worst Fit
3,1145,9,1913,212.56,80.74,1.6707,543,299,62,145.19,381.67,0.5506,Best Fit
6,1811,7,1769,252.71,10.36,0.9768,316,267,238,15.1,301.83,0.8449,Best Fit
6,4591,12,2081,173.42,123.79,0.4533,869,332,25,80.19,765.17,0.382,Worst Fit
3,778,9,1540,171.11,73.1,1.9794,375,298,51,82.02,259.33,0.7947,Best Fit
5,1335,9,2142,238.0,12.38,1.6045,284,253,222,14.64,267.0,0.8908,Best Fit
7,4384,8,1402,175.25,126.54,0.3198,812,351,28,117.06,626.29,0.4323,Worst Fit
6,2328,7,1348,192.57,37.86,0.579,613,261,153,143.09,388.0,0.4258,First Fit
6,2164,7,2338,334.0,11.22,1.0804,402,351,320,26.01,360.67,0.8731,Best Fit
8,4794,6,1116,186.0,141.12,0.2328,881,371,34,137.85,599.25,0.4211,Worst Fit
5,1947,8,1538,192.25,78.47,0.7899,510,298,95,120.19,389.4,0.5843,First Fit
4,1348,4,1161,290.25,3.83,0.8613,366,295,286,23.0,337.0,0.806,Best Fit
5,3390,8,1339,167.38,129.52,0.395,903,306,26,173.04,678.0,0.3389,Worst Fit
5,2066,12,2049,170.75,59.99,0.9918,592,268,84,148.92,413.2,0.4527,Worst Fit
5,1617,4,1066,266.5,9.55,0.6592,342,281,255,22.16,323.4,0.8216,Best Fit
8,5384,4,778,194.5,147.69,0.1445,971,369,28,171.45,673.0,0.38,Worst Fit
3,1181,7,1060,151.43,74.68,0.8975,473,248,60,103.14,393.67,0.5243,First Fit
6,2498,7,2615,373.57,12.76,1.0468,442,391,359,15.79,416.33,0.8846,Best Fit
4,2966,8,1397,174.62,132.47,0.471,937,334,25,131.51,741.5,0.3565,Worst Fit
7,2157,11,1871,170.09,64.84,0.8674,475,244,70,82.7,308.14,0.5137,Best Fit
7,2227,8,2233,279.12,9.28,1.0027,352,290,264,24.22,318.14,0.8239,Best Fit
4,2953,5,778,155.6,113.42,0.2635,996,319,59,229.55,738.25,0.3203,Worst Fit
8,3182,5,722,144.4,44.72,0.2269,596,203,73,128.39,397.75,0.3406,First Fit
5,1006,4,686,171.5,7.76,0.6819,235,183,163,20.75,201.2,0.7787,First Fit
4,3159,11,1940,176.36,140.14,0.6141,949,375,34,126.67,789.75,0.3952,First Fit
4,1465,8,1264,158.0,64.68,0.8628,438,276,69,45.24,366.25,0.6301,First Fit
7,1990,5,1279,255.8,8.33,0.6427,301,269,245,16.84,284.29,0.8937,First Fit
8,5585,6,1138,189.67,132.17,0.2038,931,354,48,184.97,698.12,0.3802,Worst Fit
8,3204,10,1697,169.7,86.09,0.5297,641,297,64,137.32,400.5,0.4633,Worst Fit
3,665,10,1748,174.8,7.08,2.6286,242,191,166,14.66,221.67,0.7893,Best Fit
5,3800,5,811,162.2,141.18,0.2134,954,365,33,152.54,760.0,0.3826,Worst Fit
4,1492,7,1328,189.71,64.7,0.8901,536,287,108,135.25,373.0,0.5354,Best Fit
5,1723,4,1269,317.25,10.03,0.7365,387,330,306,30.1,344.6,0.8527,First Fit
5,3421,6,1271,211.83,162.48,0.3715,947,390,42,146.34,684.2,0.4118,Worst Fit
6,2907,8,980,122.5,37.6,0.3371,650,193,70,139.78,484.5,0.2969,First Fit
6,1265,5,900,180.0,7.72,0.7115,224,188,166,13.32,210.83,0.8393,Best Fit
5,3663,4,686,171.5,132.2,0.1873,987,341,37,169.04,732.6,0.3455,Worst Fit
5,1719,11,2089,189.91,77.43,1.2152,573,296,65,182.39,343.8,0.5166,First Fit
3,831,10,2317,231.7,10.27,2.7882,299,246,215,15.58,277.0,0.8227,Best Fit
8,5909,6,974,162.33,117.62,0.1648,968,296,39,157.19,738.62,0.3058,Worst Fit
7,3189,12,2491,207.58,77.23,0.7811,641,296,50,203.5,455.57,0.4618,First Fit
3,1315,10,4067,406.7,9.49,3.0928,448,425,396,9.74,438.33,0.9487,Best Fit
5,3732,12,2341,195.08,150.03,0.6273,953,379,25,178.73,746.4,0.3977,First Fit
5,2144,10,1583,158.3,57.27,0.7383,607,284,93,170.55,428.8,0.4679,Best Fit
5,986,6,910,151.67,7.89,0.9229,233,162,143,29.89,197.2,0.6953,Best Fit
4,2393,8,1340,167.5,114.35,0.56,635,328,38,29.76,598.25,0.5165,First Fit
4,1959,9,1727,191.89,62.9,0.8816,543,275,99,30.77,489.75,0.5064,Best Fit
3,591,9,1389,154.33,9.88,2.3503,207,169,142,11.43,197.0,0.8164,Best Fit
6,4502,7,1166,166.57,138.41,0.259,916,352,29,126.27,750.33,0.3843,Worst Fit
4,1700,8,1502,187.75,73.71,0.8835,620,294,94,167.4,425.0,0.4742,Best Fit
8,2901,10,3379,337.9,8.71,1.1648,399,349,323,26.18,362.62,0.8747,Best Fit
6,4194,10,1817,181.7,146.53,0.4332,882,391,28,166.37,699.0,0.4433,Worst Fit
3,1347,4,954,238.5,31.6,0.7082,540,279,191,92.57,449.0,0.5167,Best Fit
4,1318,9,2849,316.56,11.33,2.1616,345,332,301,9.76,329.5,0.9623,Best Fit
8,5710,10,1655,165.5,112.26,0.2898,905,322,30,145.25,713.75,0.3558,Worst Fit
8,2664,12,2321,193.42,77.53,0.8712,591,294,57,150.89,333.0,0.4975,Best Fit
5,1296,4,961,240.25,6.98,0.7415,287,247,231,16.23,259.2,0.8606,Best Fit
7,4514,5,795,159.0,127.54,0.1761,920,319,36,191.23,644.86,0.3467,Worst Fit
3,976,6,852,142.0,56.7,0.873,470,230,55,118.81,325.33,0.4894,First Fit
5,1199,8,1893,236.62,10.95,1.5788,257,249,214,10.01,239.8,0.9689,First Fit
6,4471,8,1643,205.38,157.38,0.3675,974,385,25,227.08,745.17,0.3953,Worst Fit
8,2944,6,674,112.33,47.69,0.2289,538,166,51,108.35,368.0,0.3086,First Fit
8,2784,12,3887,323.92,7.85,1.3962,390,336,309,26.57,348.0,0.8615,Best Fit
7,4662,10,1941,194.1,133.36,0.4163,890,360,57,119.73,666.0,0.4045,Worst Fit
7,3307,7,1356,193.71,78.88,0.41,628,290,65,137.96,472.43,0.4618,First Fit
8,3722,7,2884,412.0,10.46,0.7749,478,426,394,14.55,465.25,0.8912,Best Fit
7,3911,4,780,195.0,132.43,0.1994,837,342,61,129.08,558.71,0.4086,Worst Fit
4,2106,5,719,143.8,55.39,0.3414,635,225,82,92.14,526.5,0.3543,First Fit
5,2093,12,4595,382.92,9.11,2.1954,447,400,370,15.25,418.6,0.8949,Best Fit
7,4688,10,1884,188.4,141.59,0.4019,946,390,28,170.89,669.71,0.4123,Worst Fit
7,2354,4,882,220.5,59.11,0.3747,425,293,132,81.76,336.29,0.6894,First Fit
8,2131,6,1435,239.17,13.78,0.6734,302,258,223,19.01,266.38,0.8543,First Fit
7,4173,8,1476,184.5,139.07,0.3537,920,393,37,140.47,596.14,0.4272,Worst Fit
3,1309,9,1517,168.56,65.29,1.1589,590,280,67,135.18,436.33,0.4746,Best Fit
8,1500,12,1965,163.75,11.72,1.31,216,179,145,23.63,187.5,0.8287,Best Fit
8,5443,9,1654,183.78,151.73,0.3039,895,384,39,171.51,680.38,0.4291,Worst Fit
8,3701,7,1357,193.86,68.68,0.3667,535,266,52,56.03,462.62,0.4972,First Fit
5,2173,11,4441,403.73,9.9,2.0437,465,416,383,26.07,434.6,0.8946,Best Fit
7,5735,12,2238,186.5,148.27,0.3902,984,387,30,193.53,819.29,0.3933,Worst Fit
4,1689,12,2251,187.58,63.72,1.3327,599,293,110,126.46,422.25,0.4891,First Fit
6,1467,5,981,196.2,11.29,0.6687,261,214,182,11.16,244.5,0.8199,Best Fit
4,2770,8,1492,186.5,141.35,0.5386,849,390,38,139.16,692.5,0.4594,Worst Fit
6,2343,4,440,110.0,31.28,0.1878,546,151,74,109.25,390.5,0.2766,First Fit
5,2159,10,4054,405.4,8.81,1.8777,446,415,394,11.87,431.8,0.9305,Best Fit
7,5447,7,1057,151.0,127.18,0.1941,951,330,30,147.23,778.14,0.347,Worst Fit
5,2345,6,995,165.83,37.92,0.4243,616,210,97,107.87,469.0,0.3409,First Fit
7,1535,5,991,198.2,11.41,0.6456,247,213,183,14.99,219.29,0.8623,First Fit
5,3322,10,1893,189.3,139.87,0.5698,952,375,29,176.26,664.4,0.3939,First Fit
7,3002,7,1282,183.14,97.15,0.427,623,289,52,158.2,428.86,0.4639,Worst Fit
8,1268,8,1035,129.38,9.34,0.8162,192,143,118,24.37,158.5,0.7448,First Fit
4,2593,9,1512,168.0,145.14,0.5831,960,387,30,189.88,648.25,0.4031,First Fit
4,1440,7,1095,156.43,86.16,0.7604,509,282,52,134.01,360.0,0.554,Best Fit
3,1414,10,4286,428.6,11.58,3.0311,494,443,409,17.63,471.33,0.8968,Best Fit
3,2034,12,2092,174.33,138.87,1.0285,798,395,28,124.15,678.0,0.495,Best Fit
8,2928,9,1858,206.44,53.91,0.6346,590,277,132,134.37,366.0,0.4695,First Fit
7,2575,9,2973,330.33,11.78,1.1546,395,349,317,16.14,367.86,0.8835,Best Fit
4,2734,7,1151,164.43,130.96,0.421,968,354,36,242.39,683.5,0.3657,Worst Fit
6,2247,11,1867,169.73,57.25,0.8309,619,268,70,127.51,374.5,0.433,First Fit
3,518,7,1067,152.43,8.16,2.0598,182,165,140,7.76,172.67,0.9066,Best Fit
8,5732,9,1537,170.78,138.5,0.2681,992,381,39,178.43,716.5,0.3841,Worst Fit
3,851,11,2208,200.73,66.74,2.5946,302,286,86,16.01,283.67,0.947,Best Fit
6,1402,7,1382,197.43,10.83,0.9857,268,215,181,25.8,233.67,0.8022,Best Fit
6,4508,6,1081,180.17,130.43,0.2398,984,347,32,192.72,751.33,0.3526,Worst Fit
4,1576,9,1529,169.89,70.11,0.9702,612,285,74,131.88,394.0,0.4657,Best Fit
3,1266,11,4573,415.73,10.38,3.6122,427,433,399,4.55,422.0,1.0141,Best Fit
8,5517,12,2179,181.58,128.85,0.395,906,363,28,177.29,689.62,0.4007,Worst Fit
4,2284,6,1003,167.17,83.15,0.4391,650,299,58,77.87,571.0,0.46,Worst Fit
5,2270,8,3313,414.12,6.79,1.4595,483,423,401,26.38,454.0,0.8758,Best Fit
3,2534,10,1912,191.2,133.55,0.7545,963,377,47,119.51,844.67,0.3915,Best Fit
5,1850,9,1608,178.67,83.01,0.8692,474,284,56,106.47,370.0,0.5992,Best Fit
7,1451,12,2208,184.0,11.11,1.5217,249,200,168,25.68,207.29,0.8032,Best Fit
8,5597,6,1054,175.67,132.55,0.1883,999,336,33,235.2,699.62,0.3363,Worst Fit
7,2966,5,772,154.4,61.25,0.2603,624,229,83,153.5,423.71,0.367,First Fit
5,917,9,1384,153.78,8.11,1.5093,218,167,138,21.96,183.4,0.7661,Best Fit
8,5893,5,831,166.2,136.25,0.141,937,366,45,138.47,736.62,0.3906,Worst Fit
4,1583,6,1186,197.67,49.26,0.7492,580,294,150,150.83,395.75,0.5069,First Fit
7,2662,8,2802,350.25,11.8,1.0526,420,371,336,27.75,380.29,0.8833,Best Fit
6,3964,4,789,197.25,154.75,0.199,743,366,33,71.92,660.67,0.4926,Worst Fit
8,3544,4,650,162.5,75.61,0.1834,639,260,53,117.56,443.0,0.4069,First Fit
3,612,11,1617,147.0,10.11,2.6422,221,165,133,22.64,204.0,0.7466,Best Fit
7,4543,9,1564,173.78,135.72,0.3443,883,358,34,150.54,649.0,0.4054,Worst Fit
3,1188,6,1014,169.0,83.6,0.8535,531,294,52,129.68,396.0,0.5537,Best Fit
3,579,6,931,155.17,11.38,1.6079,205,170,141,9.8,193.0,0.8293,Best Fit
3,2393,4,655,163.75,134.62,0.2737,961,334,25,200.01,797.67,0.3476,Worst Fit
8,3353,10,1612,161.2,74.21,0.4808,608,261,72,125.18,419.12,0.4293,First Fit
5,1533,10,2755,275.5,11.18,1.7971,317,294,262,12.08,306.6,0.9274,Best Fit
6,4346,11,1747,158.82,115.7,0.402,965,307,27,222.92,724.33,0.3181,Worst Fit
7,2539,7,1409,201.29,68.48,0.5549,608,290,72,160.13,362.71,0.477,First Fit
7,2937,4,1456,364.0,3.81,0.4957,439,369,359,21.29,419.57,0.8405,First Fit
5,4086,4,739,184.75,146.67,0.1809,977,390,29,138.93,817.2,0.3992,Worst Fit
8,3191,10,1859,185.9,73.81,0.5826,606,284,73,122.82,398.88,0.4686,First Fit
7,2647,11,3793,344.82,10.08,1.4329,412,361,327,20.69,378.14,0.8762,Best Fit
8,5682,10,1841,184.1,137.09,0.324,993,360,33,188.99,710.25,0.3625,Worst Fit
7,2791,9,1703,189.22,53.54,0.6102,628,269,99,146.48,398.71,0.4283,First Fit
7,1874,8,1837,229.62,11.11,0.9803,294,247,214,27.86,267.71,0.8401,First Fit
4,2817,9,1615,179.44,140.46,0.5733,932,393,34,168.63,704.25,0.4217,First Fit
6,2203,4,658,164.5,66.33,0.2987,599,258,78,184.13,367.17,0.4307,First Fit
7,1248,9,1281,142.33,10.83,1.0264,211,161,129,26.4,178.29,0.763,Best Fit
4,3167,4,673,168.25,120.97,0.2125,955,296,31,109.56,791.75,0.3099,Worst Fit
8,3592,9,1612,179.11,59.53,0.4488,615,276,70,147.89,449.0,0.4488,First Fit
8,2335,9,2361,262.33,11.43,1.0111,321,274,246,21.4,291.88,0.8536,Best Fit
6,5073,6,1158,193.0,151.38,0.2283,988,390,26,134.19,845.5,0.3947,Worst Fit
8,3520,4,452,113.0,20.92,0.1284,601,139,85,99.79,440.0,0.2313,First Fit
5,1390,12,2959,246.58,12.06,2.1288,319,264,229,20.96,278.0,0.8276,Best Fit
6,4332,7,1156,165.14,132.82,0.2669,960,364,41,168.46,722.0,0.3792,Worst Fit
5,2382,8,1120,140.0,65.66,0.4702,631,261,58,143.81,476.4,0.4136,First Fit
4,1241,11,2738,248.91,10.12,2.2063,327,269,237,12.23,310.25,0.8226,Best Fit
3,2401,4,760,190.0,143.58,0.3165,989,367,29,139.51,800.33,0.3711,Worst Fit
6,1715,11,2114,192.18,63.03,1.2327,386,258,63,76.26,285.83,0.6684,Best Fit
8,1476,4,536,134.0,9.25,0.3631,203,144,119,18.61,184.5,0.7094,First Fit
3,2481,5,747,149.4,113.36,0.3011,927,300,42,123.49,827.0,0.3236,Worst Fit
6,3083,11,1832,166.55,64.0,0.5942,615,274,59,155.03,513.83,0.4455,First Fit
4,781,5,780,156.0,8.02,0.9987,229,168,143,24.98,195.25,0.7336,Best Fit
6,3784,9,1618,179.78,152.76,0.4276,962,361,25,200.16,630.67,0.3753,Worst Fit
5,2751,7,1354,193.43,61.69,0.4922,633,262,78,85.67,550.2,0.4139,First Fit
5,1188,7,1392,198.86,5.41,1.1717,262,206,189,18.42,237.6,0.7863,Best Fit
7,5313,5,701,140.2,112.61,0.1319,996,293,42,171.71,759.0,0.2942,Worst Fit
6,2428,8,1423,177.88,69.27,0.5861,494,296,107,80.07,404.67,0.5992,First Fit
7,2182,11,2955,268.64,8.76,1.3543,329,279,246,16.83,311.71,0.848,Best Fit
5,3905,11,1933,175.73,148.26,0.495,988,381,31,147.85,781.0,0.3856,Worst Fit
5,1628,8,1701,212.62,52.87,1.0448,619,289,121,172.13,325.6,0.4669,Best Fit
3,572,7,1059,151.29,8.73,1.8514,220,163,139,21.14,190.67,0.7409,Best Fit
6,4384,6,1168,194.67,153.18,0.2664,952,395,27,178.75,730.67,0.4149,Worst Fit
7,2707,5,969,193.8,48.46,0.358,520,255,128,72.13,386.71,0.4904,First Fit
4,1429,8,2531,316.38,9.27,1.7712,391,331,301,29.89,357.25,0.8465,Best Fit
6,4140,9,1730,192.22,139.74,0.4179,969,378,58,229.3,690.0,0.3901,Worst Fit
8,3057,4,539,134.75,71.89,0.1763,608,224,50,160.41,382.12,0.3684,First Fit
4,1332,12,3788,315.67,9.45,2.8438,370,333,302,21.71,333.0,0.9,Best Fit
7,4224,9,1590,176.67,156.51,0.3764,782,383,25,125.15,603.43,0.4898,Worst Fit
5,1598,8,1170,146.25,38.56,0.7322,480,188,81,114.63,319.6,0.3917,First Fit
6,1285,5,997,199.4,9.52,0.7759,260,208,185,24.36,214.17,0.8,Best Fit
3,1686,6,947,157.83,117.36,0.5617,626,310,31,82.17,562.0,0.4952,First Fit
3,968,12,1927,160.58,69.77,1.9907,435,277,71,81.18,322.67,0.6368,Best Fit
8,1818,8,1589,198.62,9.73,0.874,261,216,186,22.34,227.25,0.8276,First Fit
7,4951,6,1056,176.0,128.88,0.2133,925,324,38,138.9,707.29,0.3503,Worst Fit
5,1959,4,884,221.0,56.57,0.4513,643,285,141,181.3,391.8,0.4432,First Fit
3,1121,9,3298,366.44,9.89,2.942,402,379,348,20.14,373.67,0.9428,Best Fit
8,5299,5,709,141.8,123.38,0.1338,953,326,29,157.9,662.38,0.3421,Worst Fit
7,2867,7,1330,190.0,88.35,0.4639,567,300,50,145.56,409.57,0.5291,Worst Fit
3,1045,5,1556,311.2,6.85,1.489,383,323,303,25.0,348.33,0.8433,Best Fit
8,5895,6,1053,175.5,110.92,0.1786,996,313,57,210.75,736.88,0.3143,Worst Fit
8,2629,4,598,149.5,82.13,0.2275,593,270,66,129.62,328.62,0.4553,Worst Fit
8,2906,9,3060,340.0,8.89,1.053,397,357,326,15.42,363.25,0.8992,Best Fit
5,3728,7,1157,165.29,146.13,0.3104,930,389,26,159.07,745.6,0.4183,Worst Fit
4,1659,12,2080,173.33,81.87,1.2538,566,300,50,140.66,414.75,0.53,Best Fit
7,1308,4,613,153.25,6.83,0.4687,207,160,142,20.28,186.86,0.7729,First Fit
4,3130,5,818,163.6,138.7,0.2613,985,367,46,191.85,782.5,0.3726,Worst Fit
3,1013,9,1677,186.33,57.28,1.6555,529,289,80,135.65,337.67,0.5463,Best Fit
6,2031,9,2853,317.0,11.75,1.4047,369,339,304,17.58,338.5,0.9187,Best Fit
7,5205,4,740,185.0,129.03,0.1422,954,340,42,154.31,743.57,0.3564,Worst Fit
6,1865,7,1144,163.43,69.0,0.6134,556,269,50,139.47,310.83,0.4838,First Fit
8,1149,9,1087,120.78,10.54,0.946,183,144,112,22.84,143.62,0.7869,Best Fit
6,3835,4,794,198.5,159.3,0.207,876,371,37,155.36,639.17,0.4235,Worst Fit
3,1154,5,935,187.0,63.28,0.8102,577,254,77,143.1,384.67,0.4402,Best Fit
6,2065,9,2809,312.11,11.98,1.3603,370,329,295,20.13,344.17,0.8892,Best Fit
6,3642,9,1579,175.44,139.31,0.4336,713,367,28,103.54,607.0,0.5147,Worst Fit
5,2093,12,1954,162.83,77.76,0.9336,526,292,72,71.73,418.6,0.5551,Best Fit
3,1069,7,2341,334.43,11.76,2.1899,385,353,319,21.56,356.33,0.9169,Best Fit
8,4585,4,766,191.5,143.79,0.1671,858,349,33,147.92,573.12,0.4068,Worst Fit
8,3703,4,896,224.0,61.05,0.242,650,299,153,162.21,462.88,0.46,First Fit
8,1882,6,1250,208.33,10.58,0.6642,268,221,193,24.65,235.25,0.8246,Best Fit
4,2967,5,705,141.0,108.31,0.2376,928,284,31,149.69,741.75,0.306,Worst Fit
3,1514,9,1815,201.67,58.24,1.1988,629,294,119,102.48,504.67,0.4674,Best Fit
8,3567,11,4496,408.73,11.25,1.2604,475,427,395,24.51,445.88,0.8989,Best Fit
4,2571,6,1199,199.83,148.74,0.4664,957,372,36,215.34,642.75,0.3887,Worst Fit
5,1232,12,1875,156.25,67.5,1.5219,310,277,63,43.72,246.4,0.8935,Worst Fit
4,903,5,976,195.2,10.46,1.0808,250,209,184,15.12,225.75,0.836,Best Fit
5,3246,6,1189,198.17,148.02,0.3663,902,355,37,151.79,649.2,0.3936,Worst Fit
6,2405,10,1782,178.2,72.37,0.741,609,281,78,164.62,400.83,0.4614,First Fit
5,2300,6,2524,420.67,9.76,1.0974,495,429,406,27.99,460.0,0.8667,Best Fit
6,3996,4,603,150.75,108.3,0.1509,974,262,39,179.7,666.0,0.269,Worst Fit
3,1625,10,1848,184.8,62.49,1.1372,552,282,96,7.41,541.67,0.5109,Best Fit
8,2468,6,1696,282.67,9.69,0.6872,348,297,269,24.24,308.5,0.8534,Best Fit
5,3565,11,1928,175.27,145.12,0.5408,895,393,27,199.96,713.0,0.4391,Worst Fit
6,2375,12,2287,190.58,69.52,0.9629,581,294,73,121.9,395.83,0.506,First Fit
4,1572,12,4166,347.17,11.17,2.6501,419,364,331,21.48,393.0,0.8687,Best Fit
7,5631,10,1877,187.7,142.77,0.3333,973,389,33,139.36,804.43,0.3998,Worst Fit
6,2335,6,1145,190.83,63.18,0.4904,534,285,96,112.61,389.17,0.5337,First Fit
5,2156,11,4372,397.45,12.87,2.0278,450,418,384,17.29,431.2,0.9289,Best Fit
7,4916,11,1990,180.91,154.23,0.4048,991,392,29,215.84,702.29,0.3956,Worst Fit
4,1788,12,1518,126.5,65.57,0.849,578,266,60,98.93,447.0,0.4602,First Fit
7,1386,9,1534,170.44,12.86,1.1068,234,186,152,24.33,198.0,0.7949,Best Fit
6,3765,6,1343,223.83,169.87,0.3567,747,398,50,69.68,627.5,0.5328,Worst Fit
4,1697,9,1994,221.56,50.35,1.175,498,292,104,76.38,424.25,0.5863,Best Fit
4,1630,5,1820,364.0,13.67,1.1166,436,381,349,31.1,407.5,0.8739,Best Fit
7,5169,12,2249,187.42,139.75,0.4351,914,399,37,145.61,738.43,0.4365,Worst Fit
7,2482,6,844,140.67,83.75,0.34,594,285,51,156.59,354.57,0.4798,Worst Fit
7,2021,8,1945,243.12,8.71,0.9624,317,260,232,14.96,288.71,0.8202,Best Fit
7,4747,8,1490,186.25,133.9,0.3139,983,373,37,173.47,678.14,0.3795,Worst Fit
7,3309,10,1622,162.2,69.89,0.4902,630,299,55,144.65,472.71,0.4746,First Fit
4,842,6,1167,194.5,10.53,1.386,220,206,180,7.4,210.5,0.9364,Best Fit
4,2608,4,771,192.75,131.73,0.2956,967,336,51,199.04,652.0,0.3475,Worst Fit
4,2215,7,1149,164.14,77.62,0.5187,645,284,59,60.88,553.75,0.4403,First Fit
5,1158,8,1704,213.0,9.37,1.4715,284,229,201,26.37,231.6,0.8063,Best Fit
7,5233,12,2161,180.08,134.69,0.413,997,383,26,227.01,747.57,0.3842,Worst Fit
5,2023,10,1667,166.7,56.68,0.824,568,254,67,136.45,404.6,0.4472,Best Fit
5,1804,10,3462,346.2,10.28,1.9191,393,361,333,22.76,360.8,0.9186,Best Fit
6,4300,11,1727,157.0,127.68,0.4016,966,350,34,211.15,716.67,0.3623,Worst Fit
8,2646,12,1857,154.75,77.3,0.7018,646,293,64,179.9,330.75,0.4536,First Fit
5,1617,4,1181,295.25,2.05,0.7304,333,297,292,13.89,323.4,0.8919,Best Fit
8,5045,4,767,191.75,141.71,0.152,937,351,30,198.22,630.62,0.3746,Worst Fit
6,2666,5,943,188.6,40.04,0.3537,635,230,118,145.98,444.33,0.3622,First Fit
3,971,6,1738,289.67,7.63,1.7899,355,300,278,23.91,323.67,0.8451,Best Fit
5,3237,4,635,158.75,101.51,0.1962,864,268,51,138.6,647.4,0.3102,Worst Fit
8,3888,5,1076,215.2,81.09,0.2767,630,292,101,134.02,486.0,0.4635,Worst Fit
8,1851,10,1981,198.1,11.73,1.0702,262,214,183,25.04,231.38,0.8168,Best Fit
8,6489,9,1530,170.0,126.88,0.2358,997,346,41,197.26,811.12,0.347,Worst Fit
4,2232,7,1144,163.43,73.44,0.5125,634,265,69,83.38,558.0,0.418,First Fit
5,1574,6,1682,280.33,10.08,1.0686,328,295,266,14.16,314.8,0.8994,Best Fit
7,5222,11,1835,166.82,135.71,0.3514,966,350,25,156.85,746.0,0.3623,Worst Fit
6,2844,9,1427,158.56,63.35,0.5018,628,296,60,134.3,474.0,0.4713,First Fit
4,742,9,1269,141.0,6.62,1.7102,211,153,132,28.81,185.5,0.7251,Best Fit
4,2676,4,811,202.75,152.24,0.3031,861,381,32,180.28,669.0,0.4425,Worst Fit
8,2929,11,2170,197.27,61.31,0.7409,523,290,109,110.29,366.12,0.5545,First Fit
7,2881,10,3756,375.6,10.86,1.3037,442,389,358,23.38,411.57,0.8801,Best Fit
6,3753,7,1310,187.14,139.73,0.3491,748,391,61,93.83,625.5,0.5227,Worst Fit
7,3295,7,748,106.86,48.09,0.227,649,215,61,138.66,470.71,0.3313,First Fit
5,1364,7,1686,240.86,6.38,1.2361,299,255,235,16.27,272.8,0.8528,Best Fit
7,4590,10,1770,177.0,137.77,0.3856,814,332,35,156.23,655.71,0.4079,Worst Fit
7,2478,9,1234,137.11,63.37,0.498,518,277,60,136.79,354.0,0.5347,First Fit
4,1248,8,2376,297.0,8.4,1.9038,318,314,289,9.27,312.0,0.9874,Best Fit
6,4395,10,1723,172.3,135.42,0.392,827,354,34,69.31,732.5,0.4281,Worst Fit
5,2305,4,754,188.5,43.87,0.3271,598,240,124,98.81,461.0,0.4013,First Fit
3,879,6,1543,257.17,10.22,1.7554,300,271,244,7.26,293.0,0.9033,Best Fit
8,5439,8,1536,192.0,151.27,0.2824,947,396,29,204.01,679.88,0.4182,Worst Fit
3,924,7,1192,170.29,78.39,1.29,393,290,93,88.46,308.0,0.7379,Best Fit
5,1666,5,1353,270.6,3.98,0.8121,346,276,264,10.93,333.2,0.7977,Best Fit
6,4086,7,1100,157.14,119.45,0.2692,904,338,47,162.1,681.0,0.3739,Worst Fit
5,1769,10,1618,161.8,65.32,0.9146,646,246,70,156.12,353.8,0.3808,Best Fit
4,1583,7,2527,361.0,8.19,1.5963,421,371,346,24.45,395.75,0.8812,Best Fit
4,2171,11,1934,175.82,141.96,0.8908,601,389,32,48.83,542.75,0.6473,Best Fit
6,2324,8,1315,164.38,59.25,0.5658,545,251,86,104.64,387.33,0.4606,First Fit
8,2685,9,2809,312.11,10.2,1.0462,378,325,295,23.71,335.62,0.8598,Best Fit
4,2616,9,1687,187.44,158.01,0.6449,879,396,31,168.4,654.0,0.4505,First Fit
6,1734,7,1205,172.14,69.89,0.6949,499,281,70,138.44,289.0,0.5631,Best Fit
5,778,11,1408,128.0,9.5,1.8098,167,144,113,12.06,155.6,0.8623,Best Fit
4,3260,6,1048,174.67,126.41,0.3215,967,327,27,131.42,815.0,0.3382,Worst Fit
7,2894,6,1316,219.33,96.12,0.4547,604,299,76,121.75,413.43,0.495,Worst Fit
5,1763,10,3101,310.1,10.36,1.7589,378,326,295,21.51,352.6,0.8624,Best Fit
4,2537,8,1603,200.38,153.73,0.6318,859,398,30,215.36,634.25,0.4633,First Fit
8,3191,5,975,195.0,33.45,0.3055,648,242,142,148.1,398.88,0.3735,First Fit
5,2194,6,2503,417.17,10.45,1.1408,459,434,401,18.14,438.8,0.9455,Best Fit
5,3789,7,1121,160.14,120.61,0.2959,917,339,36,95.95,757.8,0.3697,Worst Fit
3,1512,12,2362,196.83,76.04,1.5622,583,299,66,62.2,504.0,0.5129,Best Fit
7,1254,11,1686,153.27,9.79,1.3445,213,171,138,24.54,179.14,0.8028,Best Fit
5,3576,6,1259,209.83,164.81,0.3521,895,394,38,138.2,715.2,0.4402,Worst Fit
3,1054,8,1251,156.38,82.61,1.1869,406,287,67,51.67,351.33,0.7069,Best Fit
3,1102,9,2914,323.78,7.76,2.6443,391,334,311,30.0,367.33,0.8542,Best Fit
4,3035,4,745,186.25,134.89,0.2455,908,352,46,143.66,758.75,0.3877,Worst Fit
3,1223,11,1736,157.82,76.57,1.4195,458,287,65,36.43,407.67,0.6266,First Fit
8,2639,10,2764,276.4,7.42,1.0474,351,289,266,20.92,329.88,0.8234,Best Fit
5,4339,5,696,139.2,109.1,0.1604,967,278,38,131.92,867.8,0.2875,Worst Fit
7,3469,11,1497,136.09,69.76,0.4315,628,274,55,128.86,495.57,0.4363,First Fit
3,1129,10,3412,341.2,10.31,3.0221,385,353,319,9.57,376.33,0.9169,Best Fit
5,3574,7,1118,159.71,134.66,0.3128,880,322,36,150.22,714.8,0.3659,Worst Fit
3,1187,8,1201,150.12,53.82,1.0118,630,218,67,185.63,395.67,0.346,First Fit
6,880,4,538,134.5,12.26,0.6114,173,146,114,16.74,146.67,0.8439,Best Fit
3,2137,4,807,201.75,135.8,0.3776,909,368,61,197.64,712.33,0.4048,Worst Fit
6,2133,11,1948,177.09,77.52,0.9133,565,299,51,155.05,355.5,0.5292,First Fit
4,845,11,1970,179.09,11.16,2.3314,239,197,162,17.56,211.25,0.8243,Best Fit
3,1921,10,1653,165.3,116.68,0.8605,887,294,27,176.88,640.33,0.3315,Best Fit
7,3109,4,571,142.75,60.33,0.1837,642,227,77,186.25,444.14,0.3536,First Fit
7,1127,6,819,136.5,9.05,0.7267,198,150,124,24.49,161.0,0.7576,First Fit
6,3883,11,2000,181.82,148.06,0.5151,981,368,31,181.68,647.17,0.3751,Worst Fit
8,3319,4,779,194.75,86.88,0.2347,624,280,56,133.0,414.88,0.4487,Worst Fit
8,1565,6,995,165.83,10.4,0.6358,229,173,145,23.04,195.62,0.7555,First Fit
8,5883,11,1858,168.91,124.8,0.3158,905,339,27,140.52,735.38,0.3746,Worst Fit
6,2430,7,1368,195.43,52.78,0.563,523,273,103,120.55,405.0,0.522,First Fit
4,873,6,1192,198.67,8.22,1.3654,249,211,187,18.13,218.25,0.8474,Best Fit
5,3358,4,821,205.25,160.31,0.2445,871,398,36,172.28,671.6,0.4569,Worst Fit
6,1997,4,579,144.75,18.39,0.2899,614,169,125,137.03,332.83,0.2752,First Fit
3,1062,9,2931,325.67,11.6,2.7599,361,341,308,5.72,354.0,0.9446,Best Fit
8,5688,11,2039,185.36,145.15,0.3585,985,387,40,194.44,711.0,0.3929,Worst Fit
3,1108,5,997,199.4,82.42,0.8998,550,300,61,152.5,369.33,0.5455,Best Fit
7,1614,5,1069,213.8,10.87,0.6623,277,225,196,25.12,230.57,0.8123,Best Fit
6,4200,9,1597,177.44,154.5,0.3802,962,379,25,165.38,700.0,0.394,Worst Fit
6,2932,11,1605,145.91,79.73,0.5474,628,289,55,139.53,488.67,0.4602,First Fit
3,1203,11,4131,375.55,8.04,3.4339,446,387,360,31.82,401.0,0.8677,Best Fit
6,3654,4,719,179.75,130.16,0.1968,913,331,36,175.86,609.0,0.3625,Worst Fit
7,2729,8,1855,231.88,69.39,0.6797,575,294,104,158.65,389.86,0.5113,Best Fit
8,1565,8,1346,168.25,12.05,0.8601,238,183,149,28.19,195.62,0.7689,Best Fit
5,2778,5,753,150.6,114.14,0.2711,773,308,33,135.16,555.6,0.3984,Worst Fit
5,1443,11,2097,190.64,75.71,1.4532,388,286,68,73.86,288.6,0.7371,Best Fit
8,3639,4,1664,416.0,9.43,0.4573,483,429,403,20.72,454.88,0.8882,First Fit
8,5657,4,769,192.25,142.48,0.1359,988,386,43,223.88,707.12,0.3907,Worst Fit
7,2242,4,673,168.25,49.04,0.3002,461,216,99,93.67,320.29,0.4685,First Fit
3,648,9,1600,177.78,10.49,2.4691,246,195,164,21.35,216.0,0.7927,Best Fit
4,2665,8,1685,210.62,147.43,0.6323,891,397,48,168.24,666.25,0.4456,First Fit
5,2215,9,1454,161.56,57.71,0.6564,579,221,58,127.55,443.0,0.3817,Best Fit
5,1257,4,795,198.75,8.79,0.6325,257,208,189,3.61,251.4,0.8093,First Fit
5,2870,12,2246,187.17,136.85,0.7826,803,398,41,136.87,574.0,0.4956,First Fit
4,1397,12,1972,164.33,81.55,1.4116,501,296,67,138.53,349.25,0.5908,Best Fit
7,1497,7,1160,165.71,12.58,0.7749,235,181,147,14.5,213.86,0.7702,Best Fit
7,4761,7,1264,180.57,149.57,0.2655,838,385,36,174.3,680.14,0.4594,Worst Fit
8,3317,6,924,154.0,70.39,0.2786,585,294,66,143.93,414.62,0.5026,First Fit
8,3433,11,4370,397.27,8.91,1.2729,460,410,383,25.81,429.12,0.8913,Best Fit
7,5043,6,1251,208.5,155.5,0.2481,918,380,36,177.0,720.43,0.4139,Worst Fit
8,3208,9,1826,202.89,64.45,0.5692,646,298,122,142.23,401.0,0.4613,First Fit
3,444,8,1072,134.0,11.84,2.4144,173,146,112,19.3,148.0,0.8439,Best Fit
5,3321,4,870,217.5,171.79,0.262,861,391,32,133.33,664.2,0.4541,Worst Fit
4,1370,6,1143,190.5,60.19,0.8343,579,294,107,152.96,342.5,0.5078,First Fit
7,1872,11,2676,243.27,7.78,1.4295,309,258,227,23.06,267.43,0.835,First Fit
6,4053,9,1350,150.0,107.54,0.3331,982,290,40,175.31,675.5,0.2953,Worst Fit
3,1326,4,930,232.5,23.65,0.7014,556,261,196,117.08,442.0,0.4694,Best Fit
5,1104,6,1105,184.17,9.62,1.0009,236,200,176,14.78,220.8,0.8475,Best Fit
7,4605,9,1377,153.0,121.91,0.299,947,330,31,150.27,657.86,0.3485,Worst Fit
4,1557,5,676,135.2,58.84,0.4342,563,200,59,149.81,389.25,0.3552,First Fit
3,1176,4,1505,376.25,8.17,1.2798,411,385,363,16.87,392.0,0.9367,Best Fit
7,4257,9,1623,180.33,142.25,0.3813,818,368,44,103.05,608.14,0.4499,Worst Fit
4,1850,10,2164,216.4,61.65,1.1697,613,293,79,139.46,462.5,0.478,Best Fit
3,710,10,2028,202.8,10.22,2.8563,270,221,189,25.22,236.67,0.8185,Best Fit
6,3638,7,1164,166.29,133.88,0.32,965,347,38,184.27,606.33,0.3596,Worst Fit
6,2739,10,2337,233.7,51.17,0.8532,620,273,130,143.22,456.5,0.4403,First Fit
5,1745,5,1554,310.8,9.2,0.8905,383,328,302,24.33,349.0,0.8564,First Fit
6,4385,7,1248,178.29,157.09,0.2846,845,384,27,93.95,730.83,0.4544,Worst Fit
4,1684,6,1042,173.67,54.76,0.6188,554,251,72,135.86,421.0,0.4531,First Fit
6,1060,9,1296,144.0,7.86,1.2226,214,160,132,25.44,176.67,0.7477,First Fit
5,3310,12,2495,207.92,162.12,0.7538,863,399,29,157.18,662.0,0.4623,Best Fit
6,1884,10,1784,178.4,87.99,0.9469,483,300,51,122.29,314.0,0.6211,Best Fit
8,2060,4,896,224.0,8.6,0.435,304,238,216,23.48,257.5,0.7829,First Fit
3,1971,11,1925,175.0,144.54,0.9767,778,362,29,140.51,657.0,0.4653,First Fit
4,1579,9,1590,176.67,74.45,1.007,462,299,77,50.72,394.75,0.6472,Best Fit
7,2780,7,2456,350.86,11.06,0.8835,423,370,341,24.1,397.14,0.8747,Best Fit
5,3414,9,1568,174.22,133.95,0.4593,956,362,39,202.26,682.8,0.3787,Worst Fit
7,3148,12,1942,161.83,87.45,0.6169,628,288,60,144.64,449.71,0.4586,First Fit
7,1120,11,1503,136.64,6.92,1.342,198,149,126,19.18,160.0,0.7525,First Fit
6,3592,4,749,187.25,128.22,0.2085,905,341,56,150.66,598.67,0.3768,Worst Fit
3,792,5,684,136.8,44.58,0.8636,312,199,78,34.19,264.0,0.6378,Best Fit
5,1125,12,2366,197.17,9.74,2.1031,250,214,183,19.09,225.0,0.856,Best Fit
4,2450,6,1173,195.5,141.99,0.4788,734,354,38,124.78,612.5,0.4823,Worst Fit
3,1170,4,773,193.25,91.14,0.6607,641,298,83,200.6,390.0,0.4649,First Fit
6,1063,10,1371,137.1,11.24,1.2897,212,157,124,25.43,177.17,0.7406,Best Fit
7,5361,5,888,177.6,147.39,0.1656,985,397,49,143.83,765.86,0.403,Worst Fit
3,1343,5,825,165.0,70.28,0.6143,520,286,75,84.58,447.67,0.55,First Fit
4,1107,4,967,241.75,5.07,0.8735,300,249,237,22.19,276.75,0.83,Best Fit
5,3453,9,1634,181.56,140.02,0.4732,831,399,52,114.78,690.6,0.4801,Worst Fit
6,2663,4,799,199.75,51.16,0.3,619,281,155,105.83,443.83,0.454,First Fit
5,1483,10,2672,267.2,6.51,1.8018,340,281,261,22.09,296.6,0.8265,Best Fit
7,4616,7,1205,172.14,141.13,0.261,894,362,42,160.9,659.43,0.4049,Worst Fit
5,2060,11,1912,173.82,85.76,0.9282,547,292,54,97.48,412.0,0.5338,First Fit
6,2229,10,3281,328.1,9.68,1.472,403,346,314,32.1,371.5,0.8586,Best Fit
5,4227,9,1701,189.0,159.94,0.4024,977,394,31,202.36,845.4,0.4033,Worst Fit
6,2245,11,1329,120.82,58.6,0.592,610,240,52,117.31,374.17,0.3934,First Fit
5,2043,12,4507,375.58,8.1,2.2061,429,386,361,16.45,408.6,0.8998,Best Fit
5,3997,7,1024,146.29,126.25,0.2562,958,320,29,149.44,799.4,0.334,Worst Fit
4,2150,11,1988,180.73,92.21,0.9247,626,298,52,53.9,537.5,0.476,First Fit
4,1072,10,2326,232.6,9.67,2.1698,286,247,219,20.94,268.0,0.8636,Best Fit
8,5785,10,1937,193.7,137.86,0.3348,998,394,33,212.09,723.12,0.3948,Worst Fit
8,3172,11,1881,171.0,75.12,0.593,623,295,67,151.33,396.5,0.4735,First Fit
7,1571,5,874,174.8,10.32,0.5563,248,188,161,15.72,224.43,0.7581,First Fit
6,4131,11,1866,169.64,139.87,0.4517,868,367,26,163.19,688.5,0.4228,Worst Fit
5,1716,5,982,196.4,68.73,0.5723,493,250,72,101.55,343.2,0.5071,First Fit
6,1369,6,1225,204.17,8.78,0.8948,253,218,191,17.51,228.17,0.8617,First Fit
6,3969,12,2328,194.0,143.03,0.5865,929,385,37,171.48,661.5,0.4144,First Fit
6,2268,9,1412,156.89,48.87,0.6226,632,236,82,131.15,378.0,0.3734,First Fit
3,1117,7,2268,324.0,12.47,2.0304,401,344,313,23.27,372.33,0.8579,Best Fit
5,3380,7,1216,173.71,153.76,0.3598,978,387,30,174.06,676.0,0.3957,Worst Fit
3,911,6,1067,177.83,64.21,1.1712,352,261,94,68.35,303.67,0.7415,Best Fit
5,1670,6,1837,306.17,8.07,1.1,367,315,293,18.5,334.0,0.8583,Best Fit
6,4502,11,1905,173.18,128.57,0.4231,904,335,25,114.68,750.33,0.3706,Worst Fit
6,2030,9,1685,187.22,87.79,0.83,598,299,81,135.36,338.33,0.5,Best Fit
7,1154,12,1634,136.17,10.1,1.4159,206,152,118,33.89,164.86,0.7379,Best Fit
4,2984,8,1524,190.5,137.68,0.5107,970,376,44,133.56,746.0,0.3876,Worst Fit
4,1673,6,946,157.67,67.0,0.5655,546,255,88,152.88,418.25,0.467,First Fit
7,1392,6,1076,179.33,5.79,0.773,222,184,167,17.22,198.86,0.8288,Best Fit
4,2739,6,1158,193.0,133.68,0.4228,895,342,49,174.3,684.75,0.3821,Worst Fit
7,2361,12,1743,145.25,64.58,0.7382,512,271,68,135.32,337.29,0.5293,First Fit
5,1462,4,1054,263.5,10.92,0.7209,319,282,255,19.39,292.4,0.884,Best Fit
7,4841,12,2347,195.58,150.34,0.4848,935,388,34,138.96,691.57,0.415,Worst Fit
5,2605,11,1928,175.27,70.72,0.7401,611,278,89,95.91,521.0,0.455,Best Fit
3,1244,5,1918,383.6,8.87,1.5418,427,399,376,10.21,414.67,0.9344,Best Fit
4,2749,9,1692,188.0,145.83,0.6155,911,395,49,149.53,687.25,0.4336,First Fit
4,1618,9,1489,165.44,57.38,0.9203,644,275,52,175.93,404.5,0.427,Best Fit
6,1487,11,2209,200.82,8.34,1.4855,272,218,191,25.65,247.83,0.8015,Best Fit
7,4944,12,2476,206.33,146.93,0.5008,964,400,47,174.03,706.29,0.4149,Worst Fit
4,1666,9,1645,182.78,65.2,0.9874,493,291,81,87.98,416.5,0.5903,First Fit
5,1146,5,950,190.0,7.51,0.829,259,200,179,30.35,229.2,0.7722,First Fit
4,3039,11,1748,158.91,131.01,0.5752,985,334,27,139.18,759.75,0.3391,First Fit
8,3060,11,1675,152.27,58.2,0.5474,614,274,59,137.8,382.5,0.4463,First Fit
4,1756,12,4678,389.83,10.19,2.664,461,405,375,20.58,439.0,0.8785,Best Fit
6,3718,8,1427,178.38,137.03,0.3838,859,343,27,148.02,619.67,0.3993,Worst Fit
4,1416,11,2078,188.91,71.96,1.4675,515,293,72,101.06,354.0,0.5689,Best Fit
4,1331,11,3256,296.0,9.37,2.4463,356,307,280,24.81,332.75,0.8624,Best Fit
6,4126,4,793,198.25,142.89,0.1922,989,368,46,164.2,687.67,0.3721,Worst Fit
8,3889,11,1969,179.0,72.39,0.5063,630,291,67,131.28,486.12,0.4619,First Fit
5,2187,12,4964,413.67,7.65,2.2698,461,425,401,21.82,437.4,0.9219,Best Fit
6,4289,9,1427,158.56,126.0,0.3327,839,310,39,74.84,714.83,0.3695,Worst Fit
3,1055,9,1319,146.56,73.01,1.2502,574,276,66,157.72,351.67,0.4808,Best Fit
3,724,12,2610,217.5,9.78,3.605,260,241,207,15.97,241.33,0.9269,Best Fit
8,5998,4,767,191.75,142.94,0.1279,949,380,35,172.62,749.75,0.4004,Worst Fit
5,2569,6,935,155.83,54.89,0.364,625,256,89,113.23,513.8,0.4096,First Fit
8,2564,9,2512,279.11,10.96,0.9797,343,295,262,19.16,320.5,0.8601,Best Fit
8,5711,11,1993,181.18,141.02,0.349,918,397,43,152.57,713.88,0.4325,Worst Fit
6,2881,4,663,165.75,55.25,0.2301,634,241,85,131.49,480.17,0.3801,First Fit
8,3574,6,2465,410.83,8.43,0.6897,475,427,400,24.01,446.75,0.8989,Best Fit
3,2269,10,1935,193.5,146.92,0.8528,935,391,33,235.22,756.33,0.4182,Best Fit
7,2782,12,2206,183.83,68.26,0.793,647,265,55,141.5,397.43,0.4096,First Fit
7,2834,9,3331,370.11,10.29,1.1754,434,383,349,22.62,404.86,0.8825,First Fit
5,3232,4,706,176.5,130.27,0.2184,842,348,33,125.15,646.4,0.4133,Worst Fit
7,2276,9,1567,174.11,74.84,0.6885,481,276,80,108.71,325.14,0.5738,First Fit
8,2132,5,1120,224.0,5.76,0.5253,300,234,218,20.48,266.5,0.78,First Fit
6,3974,6,1293,215.5,155.22,0.3254,917,392,61,187.17,662.33,0.4275,Worst Fit
6,2806,11,1909,173.55,73.13,0.6803,646,282,51,140.93,467.67,0.4365,Best Fit
5,1822,6,2054,342.33,7.65,1.1273,413,351,333,27.5,364.4,0.8499,Best Fit
4,2720,11,1806,164.18,123.94,0.664,997,326,25,234.16,680.0,0.327,Best Fit
8,3931,9,1783,198.11,53.49,0.4536,609,269,97,86.18,491.38,0.4417,First Fit
5,883,12,1632,136.0,6.79,1.8482,202,149,125,18.87,176.6,0.7376,Best Fit
8,5547,7,1287,183.86,155.65,0.232,938,392,38,142.56,693.38,0.4179,Worst Fit
8,2776,7,1195,170.71,64.33,0.4305,576,284,84,153.77,347.0,0.4931,First Fit
8,2592,9,2443,271.44,7.53,0.9425,346,286,262,22.68,324.0,0.8266,Best Fit
3,2097,9,1657,184.11,140.35,0.7902,835,366,47,137.29,699.0,0.4383,Best Fit
8,3707,9,1771,196.78,76.1,0.4777,582,289,76,87.74,463.38,0.4966,First Fit
8,2762,7,2023,289.0,9.1,0.7324,366,310,281,18.1,345.25,0.847,Best Fit
8,6274,4,804,201.0,140.92,0.1281,904,375,53,123.39,784.25,0.4148,Worst Fit
4,1792,4,743,185.75,38.62,0.4146,644,225,140,162.91,448.0,0.3494,First Fit
6,1714,11,2923,265.73,9.38,1.7054,308,280,252,14.97,285.67,0.9091,Best Fit
8,5312,8,1448,181.0,133.4,0.2726,994,355,33,199.66,664.0,0.3571,Worst Fit
3,1078,12,1925,160.42,86.33,1.7857,494,298,53,129.23,359.33,0.6032,First Fit
3,1009,7,2200,314.29,6.13,2.1804,351,322,302,16.05,336.33,0.9174,Best Fit
4,2423,6,1229,204.83,158.54,0.5072,757,400,37,138.8,605.75,0.5284,Worst Fit
6,3148,7,1244,177.71,57.16,0.3952,617,235,53,64.04,524.67,0.3809,First Fit
8,2831,7,2231,318.71,10.96,0.7881,389,334,304,24.18,353.88,0.8586,First Fit
8,6147,10,1993,199.3,155.19,0.3242,912,380,28,157.7,768.38,0.4167,Worst Fit
4,1408,10,2424,242.4,56.66,1.7216,642,298,106,180.5,352.0,0.4642,Best Fit
7,2210,9,2611,290.11,5.93,1.1814,351,301,281,20.6,315.71,0.8575,Best Fit
6,3805,12,2092,174.33,128.64,0.5498,847,342,29,177.53,634.17,0.4038,Worst Fit
8,2315,8,1621,202.62,90.77,0.7002,465,290,70,123.94,289.38,0.6237,First Fit
7,2076,7,1993,284.71,10.11,0.96,322,295,267,15.08,296.57,0.9161,Best Fit
6,4532,12,2282,190.17,132.43,0.5035,988,391,47,194.67,755.33,0.3957,Worst Fit
4,1765,10,1820,182.0,69.56,1.0312,568,270,56,157.91,441.25,0.4754,Best Fit
6,1050,5,806,161.2,10.09,0.7676,196,176,149,15.82,175.0,0.898,First Fit
3,1869,4,910,227.5,155.97,0.4869,873,400,71,181.25,623.0,0.4582,Worst Fit
8,3911,4,683,170.75,73.19,0.1746,650,280,82,160.1,488.88,0.4308,First Fit
4,878,9,1651,183.44,11.61,1.8804,248,200,165,28.27,219.5,0.8065,Best Fit
8,5491,12,2245,187.08,139.24,0.4089,997,393,25,191.51,686.38,0.3942,Worst Fit
7,2724,12,2406,200.5,74.38,0.8833,623,300,57,165.24,389.14,0.4815,Best Fit
6,1925,9,2696,299.56,7.82,1.4005,346,312,289,17.2,320.83,0.9017,Best Fit
8,5564,6,1188,198.0,150.96,0.2135,895,386,42,163.01,695.5,0.4313,Worst Fit
5,1854,11,1996,181.45,66.05,1.0766,620,287,76,170.12,370.8,0.4629,Best Fit
6,2462,10,3667,366.7,9.59,1.4894,438,386,356,22.08,410.33,0.8813,Best Fit
8,6152,9,1518,168.67,136.89,0.2467,1000,352,29,145.9,769.0,0.352,Worst Fit
8,2468,9,1655,183.89,80.18,0.6706,510,270,73,123.46,308.5,0.5294,First Fit
7,1703,4,867,216.75,12.75,0.5091,271,237,202,20.73,243.29,0.8745,First Fit
7,4592,8,1579,197.38,143.36,0.3439,917,386,32,136.62,656.0,0.4209,Worst Fit
3,1271,8,1625,203.12,34.08,1.2785,618,248,152,189.32,423.67,0.4013,Best Fit
6,2351,12,4346,362.17,13.41,1.8486,423,378,346,22.56,391.83,0.8936,Best Fit
5,3431,12,2019,168.25,127.54,0.5885,865,351,28,128.32,686.2,0.4058,First Fit
5,2127,4,894,223.5,55.77,0.4203,626,283,135,167.53,425.4,0.4521,First Fit
3,572,9,1403,155.89,4.65,2.4528,218,160,144,19.6,190.67,0.7339,Best Fit
6,4504,10,1633,163.3,118.77,0.3626,928,327,33,147.87,750.67,0.3524,Worst Fit
6,2409,10,1596,159.6,52.23,0.6625,605,286,102,172.05,401.5,0.4727,Best Fit
5,1340,4,970,242.5,10.92,0.7239,295,255,225,14.62,268.0,0.8644,Best Fit
3,1982,12,2248,187.33,137.63,1.1342,996,390,40,241.64,660.67,0.3916,Best Fit
7,2559,6,1106,184.33,67.18,0.4322,578,261,55,111.44,365.57,0.4516,First Fit
7,1829,9,2090,232.22,7.87,1.1427,301,246,222,20.48,261.29,0.8173,Best Fit
6,4222,8,1475,184.38,132.07,0.3494,763,364,34,70.33,703.67,0.4771,Worst Fit
3,1639,6,1166,194.33,68.51,0.7114,645,251,56,73.17,546.33,0.3891,Best Fit
5,1020,4,761,190.25,13.55,0.7461,252,200,167,25.01,204.0,0.7937,First Fit
7,4846,6,1115,185.83,125.24,0.2301,789,321,50,120.25,692.29,0.4068,Worst Fit
5,2517,12,1912,159.33,61.94,0.7596,623,298,58,112.53,503.4,0.4783,Best Fit
5,2108,11,4337,394.27,8.86,2.0574,438,406,378,16.46,421.6,0.9269,Best Fit
3,1694,12,2018,168.17,131.11,1.1913,782,350,26,158.6,564.67,0.4476,Best Fit
7,2607,9,1603,178.11,74.14,0.6149,555,260,56,114.33,372.43,0.4685,First Fit
3,1332,8,3136,392.0,6.56,2.3544,456,401,378,15.58,444.0,0.8794,Best Fit
8,4944,7,1139,162.71,150.38,0.2304,963,383,25,144.28,618.0,0.3977,Worst Fit
5,1823,11,1787,162.45,66.74,0.9803,564,277,54,110.67,364.6,0.4911,First Fit
6,1724,4,974,243.5,4.15,0.565,317,249,239,31.06,287.33,0.7855,First Fit
4,2705,6,1068,178.0,145.55,0.3948,956,399,30,190.81,676.25,0.4174,Worst Fit
6,2258,10,1736,173.6,81.05,0.7688,602,294,73,140.88,376.33,0.4884,Best Fit
5,881,11,1449,131.73,11.23,1.6447,198,147,115,15.09,176.2,0.7424,Best Fit
3,1781,9,1597,177.44,140.5,0.8967,646,363,26,47.51,593.67,0.5619,Best Fit
7,3096,7,1299,185.57,60.05,0.4196,572,261,91,99.82,442.29,0.4563,First Fit
3,1076,9,2968,329.78,10.75,2.7584,384,350,316,24.8,358.67,0.9115,Best Fit
7,4776,8,1592,199.0,160.61,0.3333,928,390,26,164.02,682.29,0.4203,Worst Fit
5,1261,9,1725,191.67,76.29,1.368,317,296,78,53.95,252.2,0.9338,Best Fit
3,521,12,1791,149.25,11.04,3.4376,195,168,136,16.44,173.67,0.8615,Best Fit
4,2180,11,1935,175.91,138.12,0.8876,632,368,37,53.38,545.0,0.5823,Best Fit
7,2787,12,2215,184.58,68.22,0.7948,623,296,68,148.62,398.14,0.4751,First Fit
6,1993,8,2436,304.5,10.42,1.2223,365,319,287,23.03,332.17,0.874,First Fit
7,5997,9,1661,184.56,157.37,0.277,950,399,34,94.14,856.71,0.42,Worst Fit
4,1738,11,1821,165.55,66.95,1.0478,616,287,59,140.5,434.5,0.4659,Best Fit
5,2281,11,4547,413.36,10.3,1.9934,476,431,399,22.49,456.2,0.9055,Best Fit
3,2398,5,875,175.0,165.21,0.3649,906,379,28,124.95,799.33,0.4183,Worst Fit
5,1823,6,531,88.5,24.33,0.2913,580,137,62,132.67,364.6,0.2362,First Fit
5,1135,5,957,191.4,7.47,0.8432,250,201,180,13.89,227.0,0.804,Best Fit
3,1835,6,973,162.17,120.66,0.5302,695,309,30,60.02,611.67,0.4446,Worst Fit
5,2313,7,1692,241.71,57.55,0.7315,577,298,121,123.44,462.6,0.5165,Best Fit
5,987,5,826,165.2,4.87,0.8369,225,172,158,22.6,197.4,0.7644,Best Fit
5,3360,10,1995,199.5,141.25,0.5938,885,362,49,159.17,672.0,0.409,First Fit
4,1244,4,852,213.0,69.27,0.6849,582,286,127,165.76,311.0,0.4914,Best Fit
6,1161,12,1953,162.75,9.68,1.6822,213,179,147,18.26,193.5,0.8404,Best Fit
4,3043,4,809,202.25,159.84,0.2659,896,368,38,169.2,760.75,0.4107,Worst Fit
7,2480,7,1251,178.71,64.53,0.5044,520,298,112,142.62,354.29,0.5731,First Fit
4,961,6,1262,210.33,10.84,1.3132,285,226,196,28.67,240.25,0.793,Best Fit
7,4974,12,2325,193.75,151.57,0.4674,870,393,26,145.89,710.57,0.4517,Worst Fit
5,1893,4,570,142.5,31.69,0.3011,625,175,94,138.26,378.6,0.28,First Fit
7,2747,12,4297,358.08,7.29,1.5643,424,372,346,18.52,392.43,0.8774,Best Fit
3,1885,11,2109,191.73,154.03,1.1188,683,391,26,75.2,628.33,0.5725,Best Fit
3,916,4,618,154.5,86.16,0.6747,429,293,56,87.61,305.33,0.683,Best Fit
4,1688,9,3517,390.78,9.09,2.0835,453,406,377,24.83,422.0,0.8962,Best Fit
5,3116,5,783,156.6,147.09,0.2513,848,379,31,163.84,623.2,0.4469,Worst Fit
3,1607,11,2471,224.64,45.84,1.5376,620,269,131,74.9,535.67,0.4339,Best Fit
4,889,12,2283,190.25,11.41,2.5681,267,209,177,27.97,222.25,0.7828,Best Fit
8,5607,11,1924,174.91,146.12,0.3431,984,382,32,167.68,700.88,0.3882,Worst Fit
7,3180,8,1630,203.75,67.06,0.5126,599,274,84,93.12,454.29,0.4574,First Fit
3,1136,5,1630,326.0,11.66,1.4349,399,343,315,24.64,378.67,0.8596,Best Fit
4,2341,11,1949,177.18,144.64,0.8326,863,372,27,166.23,585.25,0.4311,Best Fit
6,2563,5,1080,216.0,67.42,0.4214,533,274,89,96.74,427.17,0.5141,First Fit
6,1168,4,591,147.75,9.52,0.506,221,163,137,28.98,194.67,0.7376,First Fit
7,5074,4,877,219.25,156.46,0.1728,985,387,62,121.13,724.86,0.3929,Worst Fit
8,3379,9,1414,157.11,73.1,0.4185,626,289,60,140.38,422.38,0.4617,First Fit
6,1401,5,993,198.6,9.54,0.7088,267,210,185,23.87,233.5,0.7865,Best Fit
4,3275,5,794,158.8,127.16,0.2424,969,328,29,132.17,818.75,0.3385,Worst Fit
7,2939,4,572,143.0,58.11,0.1946,616,210,50,114.2,419.86,0.3409,First Fit
5,1989,4,1470,367.5,2.06,0.7391,421,370,365,21.63,397.8,0.8789,Best Fit
7,4873,11,1923,174.82,143.83,0.3946,928,382,26,145.29,696.14,0.4116,Worst Fit
6,1855,10,1689,168.9,71.73,0.9105,528,287,61,149.85,309.17,0.5436,Best Fit
7,1365,5,783,156.6,6.15,0.5736,220,167,150,19.38,195.0,0.7591,First Fit
8,6051,8,1455,181.88,127.53,0.2405,974,360,47,167.06,756.38,0.3696,Worst Fit
7,2896,6,682,113.67,54.61,0.2355,615,223,55,125.63,413.71,0.3626,First Fit
4,1218,6,1570,261.67,13.14,1.289,320,280,249,17.81,304.5,0.875,Best Fit
3,1727,5,790,158.0,128.67,0.4574,622,367,52,39.26,575.67,0.59,Worst Fit
5,1557,8,1261,157.62,71.59,0.8099,450,260,58,121.25,311.4,0.5778,First Fit
8,3511,7,2959,422.71,6.52,0.8428,487,431,413,23.32,438.88,0.885,First Fit
8,5460,8,1485,185.62,132.68,0.272,951,367,41,196.81,682.5,0.3859,Worst Fit
5,2376,12,1748,145.67,64.78,0.7357,588,259,51,79.8,475.2,0.4405,Best Fit
7,3208,7,2943,420.43,11.3,0.9174,487,433,401,21.02,458.29,0.8891,Best Fit
6,4950,8,1503,187.88,146.24,0.3036,997,397,38,149.33,825.0,0.3982,Worst Fit
6,2951,9,1372,152.44,77.17,0.4649,599,289,60,86.35,491.83,0.4825,First Fit
3,952,9,2479,275.44,8.87,2.604,343,288,264,22.6,317.33,0.8397,Best Fit
6,3651,11,1800,163.64,129.1,0.493,923,391,41,195.11,608.5,0.4236,Worst Fit
6,2809,8,1291,161.38,50.92,0.4596,636,247,82,132.01,468.17,0.3884,First Fit
4,912,4,807,201.75,8.04,0.8849,264,211,190,33.55,228.0,0.7992,Best Fit
8,5101,5,846,169.2,132.94,0.1658,866,376,56,123.06,637.62,0.4342,Worst Fit
6,1540,5,756,151.2,45.79,0.4909,521,233,103,126.1,256.67,0.4472,First Fit
7,1591,9,1701,189.0,10.59,1.0691,252,203,174,14.88,227.29,0.8056,Best Fit
7,4688,4,784,196.0,131.88,0.1672,954,346,55,196.18,669.71,0.3627,Worst Fit
4,1652,5,967,193.4,23.16,0.5854,531,237,173,99.37,413.0,0.4463,First Fit
6,991,7,918,131.14,11.03,0.9263,197,148,119,20.28,165.17,0.7513,First Fit
6,3940,5,806,161.2,154.86,0.2046,980,383,31,182.17,656.67,0.3908,Worst Fit
7,3294,10,1906,190.6,78.66,0.5786,596,292,61,99.27,470.57,0.4899,First Fit
5,1531,12,3315,276.25,7.93,2.1653,338,288,263,24.89,306.2,0.8521,Best Fit
7,4780,10,1790,179.0,134.62,0.3745,911,335,25,131.88,682.86,0.3677,Worst Fit
7,2256,7,1048,149.71,60.63,0.4645,495,205,51,133.45,322.29,0.4141,First Fit
3,503,5,661,132.2,8.7,1.3141,197,144,121,22.6,167.67,0.731,Best Fit
8,5411,6,1056,176.0,132.36,0.1952,993,338,34,150.11,676.38,0.3404,Worst Fit
4,1648,8,1264,158.0,60.81,0.767,608,258,63,164.38,412.0,0.4243,Best Fit
6,2234,9,2973,330.33,9.61,1.3308,402,343,315,19.44,372.33,0.8532,Best Fit
7,4461,6,1069,178.17,143.62,0.2396,986,382,27,164.57,637.29,0.3874,Worst Fit
4,1835,6,973,162.17,54.55,0.5302,567,274,113,86.57,458.75,0.4832,First Fit
4,970,9,1817,201.89,10.21,1.8732,264,214,187,21.36,242.5,0.8106,Best Fit
6,4086,10,1684,168.4,122.62,0.4121,756,336,32,53.43,681.0,0.4444,Worst Fit
3,1269,5,959,191.8,4.31,0.7557,475,198,186,41.67,423.0,0.4168,Best Fit
5,1802,6,2037,339.5,5.94,1.1304,382,346,327,17.58,360.4,0.9058,Best Fit
5,4409,5,711,142.2,120.95,0.1613,999,310,25,147.97,881.8,0.3103,Worst Fit
6,2453,12,2455,204.58,79.93,1.0008,643,297,62,124.03,408.83,0.4619,First Fit
7,1981,4,1066,266.5,11.35,0.5381,324,282,250,18.16,283.0,0.8704,Best Fit
7,5360,7,1168,166.86,142.62,0.2179,899,360,30,141.9,765.71,0.4004,Worst Fit
8,2486,5,780,156.0,40.71,0.3138,631,207,89,138.21,310.75,0.3281,First Fit
8,1958,11,2289,208.09,12.71,1.1691,278,225,191,25.42,244.75,0.8094,Best Fit
8,4779,8,1396,174.5,128.5,0.2921,916,347,36,130.89,597.38,0.3788,Worst Fit
6,2097,5,801,160.2,71.26,0.382,531,280,76,118.27,349.5,0.5273,First Fit
3,1253,6,2367,394.5,9.18,1.8891,441,408,384,21.04,417.67,0.9252,Best Fit
3,1991,7,1156,165.14,133.51,0.5806,850,337,36,153.1,663.67,0.3965,First Fit
4,1445,8,1352,169.0,75.31,0.9356,466,271,72,70.5,361.25,0.5815,First Fit
4,1611,12,4399,366.58,10.1,2.7306,411,379,351,8.32,402.75,0.9221,Best Fit
6,4495,11,2030,184.55,151.65,0.4516,916,391,31,122.38,749.17,0.4269,Worst Fit
8,2795,11,2212,201.09,62.85,0.7914,634,286,95,140.61,349.38,0.4511,First Fit
4,906,12,2585,215.42,10.61,2.8532,236,227,198,5.85,226.5,0.9619,Best Fit
7,4866,8,1383,172.88,126.82,0.2842,966,316,31,174.42,695.14,0.3271,Worst Fit
4,1554,9,1255,139.44,53.77,0.8076,530,215,56,121.62,388.5,0.4057,Best Fit
8,3499,12,4881,406.75,8.6,1.395,480,424,396,23.25,437.38,0.8833,Best Fit
4,2974,8,1604,200.5,150.89,0.5393,999,392,42,209.7,743.5,0.3924,Worst Fit
4,1875,4,802,200.5,67.28,0.4277,647,279,95,129.83,468.75,0.4312,First Fit
6,2007,11,3434,312.18,12.55,1.711,362,331,296,18.55,334.5,0.9144,Best Fit
8,5492,5,925,185.0,150.96,0.1684,912,380,55,148.62,686.5,0.4167,Worst Fit
6,2251,8,1434,179.25,90.0,0.6371,570,297,58,153.4,375.17,0.5211,First Fit
8,1336,11,1423,129.36,10.14,1.0651,189,145,114,21.24,167.0,0.7672,Best Fit
5,3521,5,827,165.4,129.94,0.2349,945,327,41,159.23,704.2,0.346,Worst Fit
6,2181,8,1598,199.75,58.55,0.7327,526,277,96,75.41,363.5,0.5266,Best Fit
6,2370,10,3700,370.0,12.37,1.5612,435,389,355,23.67,395.0,0.8943,Best Fit
6,4757,12,2129,177.42,126.85,0.4476,994,366,28,158.74,792.83,0.3682,Worst Fit
8,3767,11,2020,183.64,62.93,0.5362,646,270,65,162.69,470.88,0.418,First Fit
3,1092,5,1594,318.8,9.97,1.4597,386,333,303,16.31,364.0,0.8627,Best Fit
8,5865,12,2384,198.67,147.06,0.4065,973,388,35,199.06,733.12,0.3988,Worst Fit
3,1670,4,554,138.5,57.44,0.3317,611,231,81,40.71,556.67,0.3781,First Fit
7,3186,7,2952,421.71,7.96,0.9266,491,437,410,20.28,455.14,0.89,First Fit
8,5773,9,1436,159.56,139.34,0.2487,959,373,25,147.99,721.62,0.3889,Worst Fit
3,1349,6,954,159.0,87.6,0.7072,634,291,65,139.98,449.67,0.459,Best Fit
8,1462,5,690,138.0,13.01,0.472,213,156,123,19.94,182.75,0.7324,First Fit
4,3024,8,1574,196.75,153.57,0.5205,895,377,33,136.9,756.0,0.4212,Worst Fit
5,1937,12,2401,200.08,64.14,1.2395,555,293,94,147.07,387.4,0.5279,First Fit
7,1285,9,1429,158.78,9.58,1.1121,213,175,145,19.92,183.57,0.8216,Best Fit
5,3953,7,1216,173.71,138.03,0.3076,964,381,39,152.0,790.6,0.3952,Worst Fit
3,641,7,1425,203.57,53.41,2.2231,294,255,92,56.82,213.67,0.8673,Best Fit
3,835,7,1607,229.57,11.36,1.9246,300,248,218,20.95,278.33,0.8267,Best Fit
8,5518,8,1486,185.75,131.18,0.2693,952,368,48,153.95,689.75,0.3866,Worst Fit
3,1534,6,947,157.83,61.39,0.6173,602,238,68,64.3,511.33,0.3953,First Fit
5,1224,9,1966,218.44,12.28,1.6062,284,239,205,26.3,244.8,0.8415,Best Fit
6,5110,7,1109,158.43,136.99,0.217,973,392,25,106.19,851.67,0.4029,Worst Fit
8,2751,12,2333,194.42,69.47,0.8481,447,297,73,99.49,343.88,0.6644,Best Fit
3,877,8,2280,285.0,14.39,2.5998,304,304,269,8.73,292.33,1.0,Best Fit
3,1968,8,1580,197.5,149.41,0.8028,992,379,27,237.66,656.0,0.3821,Best Fit
6,2734,5,776,155.2,57.61,0.2838,637,230,70,105.62,455.67,0.3611,First Fit
8,2979,8,2755,344.38,9.63,0.9248,406,356,324,21.45,372.38,0.8768,First Fit
4,2359,6,1134,189.0,143.78,0.4807,759,350,37,103.7,589.75,0.4611,Worst Fit
4,1133,11,1882,171.09,72.61,1.6611,404,279,66,79.41,283.25,0.6906,First Fit
7,2055,12,3139,261.58,11.06,1.5275,321,277,244,17.49,293.57,0.8629,Best Fit
8,5900,10,1895,189.5,139.21,0.3212,999,362,36,198.29,737.5,0.3624,Worst Fit
4,923,5,721,144.2,65.42,0.7811,269,251,71,25.91,230.75,0.9331,Best Fit
8,2166,4,889,222.25,9.78,0.4104,295,236,209,20.83,270.75,0.8,First Fit
8,4868,4,728,182.0,131.14,0.1495,916,342,34,147.81,608.5,0.3734,Worst Fit
3,1284,7,1584,226.29,58.71,1.2336,553,297,121,120.05,428.0,0.5371,Best Fit
3,945,9,2475,275.0,7.57,2.619,324,289,263,8.83,315.0,0.892,Best Fit
4,2739,5,897,179.4,146.15,0.3275,887,364,44,133.94,684.75,0.4104,Worst Fit
6,1590,12,1818,151.5,54.77,1.1434,450,243,78,111.25,265.0,0.54,Best Fit
8,3108,8,2909,363.62,10.43,0.936,431,376,346,22.05,388.5,0.8724,First Fit
3,1487,11,1776,161.45,137.36,1.1944,566,337,25,53.61,495.67,0.5954,Best Fit
3,1430,9,1012,112.44,45.53,0.7077,626,197,62,193.78,476.67,0.3147,Best Fit
8,1772,9,1785,198.33,8.96,1.0073,277,220,187,24.72,221.5,0.7942,Best Fit
4,2755,9,1562,173.56,151.16,0.567,973,361,26,178.44,688.75,0.371,First Fit
4,1484,9,1404,156.0,60.37,0.9461,458,277,58,83.93,371.0,0.6048,Best Fit
4,956,9,1929,214.33,8.87,2.0178,281,228,202,26.39,239.0,0.8114,Best Fit
8,5047,7,1216,173.71,143.7,0.2409,871,358,31,117.46,630.88,0.411,Worst Fit
5,2218,9,2117,235.22,49.94,0.9545,601,299,125,142.84,443.6,0.4975,Best Fit
7,1580,5,1007,201.4,11.48,0.6373,259,215,187,21.26,225.71,0.8301,First Fit
7,4457,5,877,175.4,149.92,0.1968,970,364,39,174.02,636.71,0.3753,Worst Fit
7,3201,11,2029,184.45,77.79,0.6339,605,292,80,139.69,457.29,0.4826,First Fit
8,3204,5,1820,364.0,6.57,0.568,422,369,351,23.85,400.5,0.8744,First Fit
8,5820,11,1912,173.82,143.26,0.3285,908,387,25,133.56,727.5,0.4262,Worst Fit
4,1177,5,656,131.2,29.17,0.5573,450,177,96,89.97,294.25,0.3933,First Fit
8,1318,8,1130,141.25,10.67,0.8574,195,160,129,14.93,164.75,0.8205,First Fit
6,4859,6,910,151.67,107.58,0.1873,957,268,27,134.72,809.83,0.28,Worst Fit
4,1621,5,902,180.4,80.86,0.5564,449,295,77,65.5,405.25,0.657,First Fit
4,694,9,1401,155.67,9.78,2.0187,210,171,141,26.67,173.5,0.8143,Best Fit
5,2922,7,1079,154.14,137.6,0.3693,903,367,28,165.61,584.4,0.4064,Worst Fit
7,3370,7,1064,152.0,69.05,0.3157,646,227,62,125.42,481.43,0.3514,First Fit
3,1030,6,1813,302.17,13.37,1.7602,363,322,288,14.61,343.33,0.8871,Best Fit
5,3842,6,1169,194.83,143.16,0.3043,969,379,34,137.89,768.4,0.3911,Worst Fit
8,2951,8,1197,149.62,38.96,0.4056,583,191,57,150.17,368.88,0.3276,First Fit
5,1878,9,3176,352.89,8.9,1.6912,417,359,332,34.07,375.6,0.8609,First Fit
4,2104,9,1469,163.22,136.12,0.6982,726,362,29,122.5,526.0,0.4986,Best Fit
3,1106,7,1300,185.71,71.91,1.1754,561,286,99,142.35,368.67,0.5098,Best Fit
5,971,10,1519,151.9,7.67,1.5644,218,165,138,25.73,194.2,0.7569,Best Fit
6,3485,9,1598,177.56,136.33,0.4585,726,379,46,89.24,580.83,0.522,Worst Fit
3,1235,11,1919,174.45,68.7,1.5538,613,298,87,162.91,411.67,0.4861,Best Fit
3,700,4,837,209.25,8.58,1.1957,254,223,202,16.01,233.33,0.878,Best Fit
7,4813,12,2174,181.17,139.45,0.4517,935,379,32,180.69,687.57,0.4053,Worst Fit
6,2082,9,1889,209.89,84.81,0.9073,464,299,64,106.38,347.0,0.6444,First Fit
5,897,5,781,156.2,6.79,0.8707,219,165,145,21.18,179.4,0.7534,First Fit
4,3082,10,1828,182.8,139.84,0.5931,961,387,26,134.34,770.5,0.4027,First Fit
6,2606,8,1399,174.88,59.71,0.5368,634,268,104,143.67,434.33,0.4227,First Fit
6,2792,4,1681,420.25,6.98,0.6021,494,427,409,29.7,465.33,0.8644,First Fit
3,2396,4,746,186.5,130.43,0.3114,963,364,57,158.21,798.67,0.378,Worst Fit
7,2882,10,1966,196.6,61.7,0.6822,632,287,86,176.47,411.71,0.4541,Best Fit
4,817,10,1790,179.0,9.35,2.1909,241,192,166,24.54,204.25,0.7967,Best Fit
7,4228,12,2155,179.58,145.43,0.5097,891,390,29,165.18,604.0,0.4377,Worst Fit
3,1415,11,2150,195.45,82.93,1.5194,587,299,55,91.57,471.67,0.5094,Worst Fit
8,2354,7,1800,257.14,9.37,0.7647,330,271,243,19.26,294.25,0.8212,Best Fit
4,2764,9,1490,165.56,118.92,0.5391,892,325,43,168.88,691.0,0.3643,Worst Fit
7,2447,8,1508,188.5,68.08,0.6163,640,277,75,125.86,349.57,0.4328,First Fit
4,1207,7,1996,285.14,9.86,1.6537,337,292,262,21.58,301.75,0.8665,Best Fit
3,2409,9,1613,179.22,142.91,0.6696,953,379,41,106.27,803.0,0.3977,Best Fit
6,2562,7,1282,183.14,69.57,0.5004,620,278,79,170.21,427.0,0.4484,First Fit
5,1579,11,3158,287.09,12.28,2.0,360,306,271,24.75,315.8,0.85,Best Fit
3,2093,12,2189,182.42,146.87,1.0459,800,392,25,129.48,697.67,0.49,Best Fit
3,1287,4,453,113.25,41.15,0.352,557,163,53,111.62,429.0,0.2926,First Fit
3,1307,5,1922,384.4,7.06,1.4705,444,396,375,6.94,435.67,0.8919,Best Fit
4,2950,4,671,167.75,134.17,0.2275,905,335,31,119.24,737.5,0.3702,Worst Fit
4,1318,9,1709,189.89,59.6,1.2967,513,267,84,120.48,329.5,0.5205,Best Fit
3,760,11,2326,211.45,9.67,3.0605,284,226,195,22.65,253.33,0.7958,Best Fit
4,3424,4,636,159.0,132.49,0.1857,999,307,26,116.2,856.0,0.3073,Worst Fit
5,2263,8,1425,178.12,70.85,0.6297,537,269,55,67.52,452.6,0.5009,First Fit
8,2456,7,1961,280.14,10.32,0.7985,337,290,261,17.56,307.0,0.8605,Best Fit
6,3550,10,1808,180.8,140.99,0.5093,888,358,25,164.31,591.67,0.4032,Worst Fit
5,1503,11,1656,150.55,87.04,1.1018,454,292,55,93.55,300.6,0.6432,First Fit
4,1716,6,2549,424.83,8.31,1.4854,445,432,409,10.89,429.0,0.9708,Best Fit
4,2554,7,1109,158.43,139.61,0.4342,873,370,30,177.21,638.5,0.4238,Worst Fit
3,1156,11,2134,194.0,60.44,1.846,622,296,100,173.7,385.33,0.4759,Best Fit
8,2284,11,2816,256.0,9.7,1.2329,319,268,234,25.56,285.5,0.8401,First Fit
7,3967,6,1137,189.5,127.66,0.2866,778,353,48,132.22,566.71,0.4537,Worst Fit
8,2730,5,959,191.8,84.63,0.3513,461,288,72,73.54,341.25,0.6247,Worst Fit
3,485,10,1321,132.1,8.37,2.7237,165,144,116,2.87,161.67,0.8727,Best Fit
5,3251,5,862,172.4,160.05,0.2651,885,388,29,137.77,650.2,0.4384,Worst Fit
4,1633,12,2305,192.08,65.02,1.4115,599,292,86,162.77,408.25,0.4875,Best Fit
6,1272,10,1712,171.2,11.45,1.3459,238,184,150,28.69,212.0,0.7731,Best Fit
6,3937,6,1129,188.17,132.34,0.2868,872,343,39,126.12,656.17,0.3933,Worst Fit
3,1159,7,1239,177.0,82.2,1.069,586,284,52,169.78,386.33,0.4846,Best Fit
6,1540,9,2029,225.44,10.88,1.3175,283,239,206,15.42,256.67,0.8445,Best Fit
3,2471,12,2316,193.0,139.75,0.9373,990,378,43,142.95,823.67,0.3818,First Fit
5,1607,10,1590,159.0,80.18,0.9894,483,276,52,94.38,321.4,0.5714,First Fit
7,3199,5,2032,406.4,7.42,0.6352,487,421,401,27.38,457.0,0.8645,First Fit
6,4208,6,1129,188.17,155.46,0.2683,973,389,29,181.68,701.33,0.3998,Worst Fit
3,1376,11,1701,154.64,58.35,1.2362,487,238,62,24.14,458.67,0.4887,First Fit
8,3459,12,4710,392.5,9.15,1.3617,456,410,381,18.19,432.38,0.8991,Best Fit
7,4922,7,1279,182.71,157.22,0.2599,907,396,36,175.92,703.14,0.4366,Worst Fit
6,1947,12,1800,150.0,70.02,0.9245,514,244,58,130.57,324.5,0.4747,First Fit
4,1065,12,2908,242.33,8.27,2.7305,289,253,226,19.52,266.25,0.8754,Best Fit
3,2036,5,798,159.6,114.09,0.3919,847,310,63,120.44,678.67,0.366,Worst Fit
7,3357,7,1163,166.14,75.86,0.3464,649,273,66,134.84,479.57,0.4206,First Fit
4,795,12,1895,157.92,6.76,2.3836,225,167,148,29.85,198.75,0.7422,Best Fit
4,2839,7,1194,170.57,126.95,0.4206,919,342,42,132.3,709.75,0.3721,Worst Fit
8,3460,10,1553,155.3,80.1,0.4488,631,285,52,130.97,432.5,0.4517,Worst Fit
5,1904,5,1748,349.6,7.58,0.9181,418,360,339,22.76,380.8,0.8612,Best Fit
8,4857,12,2162,180.17,145.26,0.4451,937,393,25,206.23,607.12,0.4194,Worst Fit
3,1127,7,1269,181.29,90.47,1.126,598,299,69,161.73,375.67,0.5,First Fit
8,2966,9,2985,331.67,10.46,1.0064,405,350,319,21.15,370.75,0.8642,Best Fit
8,6053,10,1810,181.0,136.64,0.299,944,386,29,127.01,756.62,0.4089,Worst Fit
6,2282,10,1569,156.9,65.62,0.6876,637,274,61,155.11,380.33,0.4301,Best Fit
5,1665,7,2231,318.71,8.6,1.3399,371,333,303,19.57,333.0,0.8976,First Fit
6,4911,5,903,180.6,155.0,0.1839,995,372,37,226.03,818.5,0.3739,Worst Fit
8,2731,5,877,175.4,59.95,0.3211,511,253,102,97.87,341.38,0.4951,First Fit
3,1000,9,2772,308.0,8.37,2.772,373,322,293,29.33,333.33,0.8633,Best Fit
7,5577,5,826,165.2,139.36,0.1481,960,390,38,90.13,796.71,0.4062,Worst Fit
7,2738,12,1973,164.42,74.04,0.7206,578,260,54,136.65,391.14,0.4498,First Fit
6,1040,10,1385,138.5,9.73,1.3317,194,149,116,17.97,173.33,0.768,Best Fit
3,2058,4,889,222.25,166.03,0.432,986,400,50,226.72,686.0,0.4057,Worst Fit
5,1734,8,1452,181.5,72.66,0.8374,616,293,56,144.41,346.8,0.4756,Best Fit
8,1461,11,1633,148.45,8.55,1.1177,214,163,134,22.46,182.62,0.7617,Best Fit
3,1636,9,1502,166.89,141.28,0.9181,633,346,25,67.76,545.33,0.5466,Best Fit
3,1186,5,1148,229.6,66.21,0.968,555,297,132,138.15,395.33,0.5351,First Fit
8,2590,8,2369,296.12,11.47,0.9147,337,313,278,15.16,323.75,0.9288,Best Fit
6,4063,5,795,159.0,131.29,0.1957,986,328,34,175.68,677.17,0.3327,Worst Fit
4,1321,5,1034,206.8,92.75,0.7827,539,298,64,169.82,330.25,0.5529,Best Fit
7,2984,5,2002,400.4,13.34,0.6709,471,416,385,22.44,426.29,0.8832,Best Fit
7,4405,5,911,182.2,158.41,0.2068,782,383,42,113.31,629.29,0.4898,Worst Fit
6,2388,11,1647,149.73,48.43,0.6897,569,213,55,148.99,398.0,0.3743,Best Fit
5,2140,6,2316,386.0,8.19,1.0822,462,402,378,26.05,428.0,0.8701,Best Fit
8,5381,11,1891,171.91,136.95,0.3514,981,397,34,162.53,672.62,0.4047,Worst Fit
8,3717,8,1371,171.38,77.08,0.3688,606,279,62,112.64,464.62,0.4604,First Fit
5,1009,9,1447,160.78,8.93,1.4341,234,176,149,25.15,201.8,0.7521,Best Fit
4,2886,4,755,188.75,137.55,0.2616,852,365,49,118.82,721.5,0.4284,Worst Fit
6,2680,8,1327,165.88,66.28,0.4951,617,237,53,125.9,446.67,0.3841,First Fit
3,605,10,1447,144.7,10.24,2.3917,214,158,127,9.18,201.67,0.7383,Best Fit
3,2141,7,1309,187.0,160.08,0.6114,753,397,26,35.49,713.67,0.5272,First Fit
3,1470,5,718,143.6,73.87,0.4884,583,271,54,68.28,490.0,0.4648,First Fit
8,1565,10,1511,151.1,9.49,0.9655,221,167,135,21.97,195.62,0.7557,Best Fit
3,2212,10,1814,181.4,132.57,0.8201,891,341,25,111.66,737.33,0.3827,First Fit
4,1032,8,1684,210.5,61.12,1.6318,389,293,121,83.68,258.0,0.7532,Best Fit
4,1780,11,4518,410.73,11.51,2.5382,482,428,394,27.99,445.0,0.888,Best Fit
5,4163,5,810,162.0,142.26,0.1946,973,377,29,125.95,832.6,0.3875,Worst Fit
6,2071,7,1445,206.43,74.36,0.6977,577,291,91,154.23,345.17,0.5043,First Fit
3,910,10,2889,288.9,11.13,3.1747,308,305,274,5.25,303.33,0.9903,Best Fit
3,1988,5,852,170.4,150.22,0.4286,834,398,39,152.78,662.67,0.4772,Worst Fit
4,1337,5,808,161.6,67.1,0.6043,512,249,59,129.4,334.25,0.4863,First Fit
3,1125,10,3335,333.5,9.01,2.9644,404,349,321,22.55,375.0,0.8639,Best Fit
7,5185,10,2046,204.6,149.53,0.3946,953,398,43,211.46,740.71,0.4176,Worst Fit
7,3083,9,1927,214.11,70.01,0.625,640,289,66,181.02,440.43,0.4516,First Fit
7,1983,5,1340,268.0,8.74,0.6757,332,281,256,24.7,283.29,0.8464,First Fit
7,4794,11,1785,162.27,128.71,0.3723,851,356,25,104.81,684.86,0.4183,Worst Fit
5,1967,4,792,198.0,21.64,0.4026,511,228,175,97.55,393.4,0.4462,First Fit
8,1988,4,839,209.75,5.97,0.422,275,219,204,16.43,248.5,0.7964,First Fit
8,5384,9,1553,172.56,148.38,0.2884,977,388,26,150.59,673.0,0.3971,Worst Fit
6,2622,10,1770,177.0,94.48,0.6751,623,295,52,151.05,437.0,0.4735,Best Fit
6,2135,6,1847,307.83,9.53,0.8651,379,323,293,17.57,355.83,0.8522,Best Fit
7,4946,6,1185,197.5,151.96,0.2396,984,374,26,180.04,706.57,0.3801,Worst Fit
8,3503,7,1524,217.71,68.78,0.4351,598,297,112,111.85,437.88,0.4967,First Fit
8,2592,7,1881,268.71,6.69,0.7257,342,275,255,17.93,324.0,0.8041,Best Fit
3,1538,6,1089,181.5,110.79,0.7081,660,334,72,107.21,512.67,0.5061,Best Fit
5,1597,9,1639,182.11,64.67,1.0263,469,278,74,129.99,319.4,0.5928,Best Fit
5,1455,9,2387,265.22,7.47,1.6405,324,282,255,25.42,291.0,0.8704,Best Fit
3,1810,11,2000,181.82,161.65,1.105,760,395,26,146.28,603.33,0.5197,First Fit
5,2378,9,1268,140.89,56.51,0.5332,613,220,69,87.39,475.6,0.3589,First Fit
7,2703,5,1779,355.8,10.8,0.6582,409,374,341,20.28,386.14,0.9144,Best Fit
7,4268,7,1156,165.14,139.32,0.2709,811,362,41,107.75,609.71,0.4464,Worst Fit
4,1643,4,480,120.0,79.48,0.2921,650,254,59,171.95,410.75,0.3908,First Fit
7,2732,9,3082,342.44,7.63,1.1281,406,354,330,14.43,390.29,0.8719,Best Fit
7,5020,11,2056,186.91,151.59,0.4096,991,394,41,214.17,717.14,0.3976,Worst Fit
5,1715,4,863,215.75,49.92,0.5032,513,279,141,129.62,343.0,0.5439,First Fit
6,2371,9,3209,356.56,11.44,1.3534,430,376,341,25.37,395.17,0.8744,Best Fit
8,5523,11,1782,162.0,128.26,0.3227,908,393,25,180.9,690.38,0.4328,Worst Fit
8,3041,7,1126,160.86,87.57,0.3703,544,281,64,121.66,380.12,0.5165,Worst Fit
3,463,12,1810,150.83,8.76,3.9093,165,166,134,8.22,154.33,1.0061,Best Fit
5,3640,5,979,195.8,158.73,0.269,966,398,59,173.82,728.0,0.412,Worst Fit
4,1922,8,1664,208.0,65.4,0.8658,635,288,88,99.22,480.5,0.4535,Best Fit
4,1201,8,2105,263.12,9.7,1.7527,337,281,251,23.85,300.25,0.8338,Best Fit
6,3786,12,2374,197.83,162.06,0.627,863,400,28,152.26,631.0,0.4635,First Fit
8,2910,7,1076,153.71,76.06,0.3698,486,276,83,82.1,363.75,0.5679,First Fit
5,2108,9,3588,398.67,9.85,1.7021,439,415,385,19.66,421.6,0.9453,Best Fit
5,3568,5,745,149.0,126.21,0.2088,933,304,28,162.92,713.6,0.3258,Worst Fit
4,2310,4,721,180.25,80.43,0.3121,629,299,76,42.72,577.5,0.4754,Worst Fit
3,686,11,2081,189.18,11.69,3.0335,252,206,173,29.53,228.67,0.8175,Best Fit
3,2271,8,1592,199.0,134.31,0.701,921,359,58,135.15,757.0,0.3898,Best Fit
3,749,4,758,189.5,68.38,1.012,372,294,110,88.97,249.67,0.7903,Best Fit
6,1136,8,1289,161.12,11.6,1.1347,220,176,145,17.59,189.33,0.8,Best Fit
3,2315,9,1630,181.11,145.54,0.7041,986,389,35,152.23,771.67,0.3945,Best Fit
5,2367,10,1631,163.1,87.37,0.6891,624,294,55,175.91,473.4,0.4712,Best Fit
6,2355,12,4444,370.33,6.16,1.887,429,380,361,26.66,392.5,0.8858,First Fit
5,3025,8,1482,185.25,150.31,0.4899,956,381,25,185.06,605.0,0.3985,Worst Fit
4,1720,9,1455,161.67,41.74,0.8459,526,230,79,102.6,430.0,0.4373,First Fit
4,876,11,1928,175.27,13.09,2.2009,246,194,160,28.68,219.0,0.7886,Best Fit
3,1821,10,1752,175.2,132.18,0.9621,898,326,29,207.58,607.0,0.363,Best Fit
8,3723,5,731,146.2,64.12,0.1963,617,238,71,108.87,465.38,0.3857,First Fit
8,1587,5,803,160.6,9.29,0.506,226,176,150,21.63,198.38,0.7788,First Fit
5,3344,12,2454,204.5,155.48,0.7339,856,388,26,130.77,668.8,0.4533,Best Fit
3,1698,5,840,168.0,67.59,0.4947,606,277,93,49.67,566.0,0.4571,First Fit
3,1281,12,4923,410.25,7.14,3.8431,446,424,401,17.38,427.0,0.9507,Best Fit
3,1776,9,1634,181.56,143.67,0.92,762,382,43,121.67,592.0,0.5013,First Fit
3,1098,9,1645,182.78,60.48,1.4982,481,292,97,122.07,366.0,0.6071,Best Fit
7,1228,6,899,149.83,9.7,0.7321,203,164,132,21.0,175.43,0.8079,First Fit
6,4206,7,1271,181.57,149.01,0.3022,910,387,39,135.15,701.0,0.4253,Worst Fit
8,3186,4,518,129.5,39.55,0.1626,626,196,92,169.12,398.25,0.3131,First Fit
8,2263,8,2042,255.25,10.32,0.9023,310,269,236,19.53,282.88,0.8677,First Fit
4,2432,6,1110,185.0,138.03,0.4564,795,362,37,126.9,608.0,0.4553,Worst Fit
7,2644,5,1142,228.4,79.36,0.4319,526,290,75,143.03,377.71,0.5513,First Fit
7,2237,4,1147,286.75,11.39,0.5127,361,298,273,24.82,319.57,0.8255,First Fit
7,4057,6,1014,169.0,126.01,0.2499,749,303,35,102.21,579.57,0.4045,Worst Fit
7,2358,5,905,181.0,49.19,0.3838,531,240,107,128.69,336.86,0.452,First Fit
8,3701,11,4679,425.36,9.55,1.2643,488,444,413,22.28,462.62,0.9098,Best Fit
3,2098,5,903,180.6,152.14,0.4304,806,374,31,109.96,699.33,0.464,Worst Fit
5,1769,10,1043,104.3,54.09,0.5896,524,208,52,131.47,353.8,0.3969,First Fit
4,911,4,867,216.75,4.97,0.9517,246,222,209,15.3,227.75,0.9024,Best Fit
3,1553,7,1106,158.0,122.19,0.7122,531,329,28,13.02,517.67,0.6196,Best Fit
4,1862,6,1222,203.67,59.54,0.6563,592,257,103,119.61,465.5,0.4341,Best Fit
3,986,5,1483,296.6,8.43,1.5041,339,310,286,11.9,328.67,0.9145,Best Fit
5,3799,9,1372,152.44,131.94,0.3611,958,357,28,171.25,759.8,0.3727,Worst Fit
6,2404,12,1732,144.33,61.01,0.7205,627,239,55,147.34,400.67,0.3812,Best Fit
4,1703,8,2982,372.75,10.02,1.751,439,387,356,17.53,425.75,0.8815,Best Fit
7,4640,4,767,191.75,147.9,0.1653,865,365,30,169.48,662.86,0.422,Worst Fit
6,2429,10,1927,192.7,64.41,0.7933,642,279,99,140.65,404.83,0.4346,Best Fit
7,1248,8,1172,146.5,9.03,0.9391,207,162,134,23.79,178.29,0.7826,Best Fit
5,3286,7,1285,183.57,162.71,0.3911,758,394,27,74.2,657.2,0.5198,Worst Fit
3,1040,7,1182,168.86,67.61,1.1365,482,268,71,135.22,346.67,0.556,First Fit
8,2076,7,1658,236.86,10.84,0.7987,297,246,220,24.2,259.5,0.8283,First Fit
5,4046,10,1867,186.7,147.51,0.4614,973,395,35,144.15,809.2,0.406,Worst Fit
3,1483,10,2163,216.3,68.37,1.4585,603,299,86,113.92,494.33,0.4959,Best Fit
4,920,6,1274,212.33,8.12,1.3848,243,218,196,11.68,230.0,0.8971,Best Fit
4,2095,12,2020,168.33,126.08,0.9642,810,362,26,166.37,523.75,0.4469,Best Fit
5,2415,12,1879,156.58,75.05,0.7781,630,287,66,167.76,483.0,0.4556,First Fit
7,1200,8,1108,138.5,8.93,0.9233,189,155,127,15.26,171.43,0.8201,Best Fit
3,1914,5,814,162.8,134.28,0.4253,743,368,47,91.03,638.0,0.4953,Worst Fit
6,2353,7,1016,145.14,54.05,0.4318,582,251,60,163.7,392.17,0.4313,First Fit
5,1600,6,1739,289.83,12.21,1.0869,358,307,273,22.06,320.0,0.8575,Best Fit
3,1953,8,1469,183.62,140.11,0.7522,872,386,37,165.17,651.0,0.4427,Best Fit
8,2830,10,2131,213.1,48.3,0.753,512,263,96,128.68,353.75,0.5137,Best Fit
8,2846,8,2505,313.12,9.02,0.8802,384,331,303,18.23,355.75,0.862,Best Fit
5,3395,5,752,150.4,133.39,0.2215,922,334,26,128.71,679.0,0.3623,Worst Fit
6,2105,4,596,149.0,95.6,0.2831,630,293,60,152.97,350.83,0.4651,Worst Fit
8,2001,10,2196,219.6,10.2,1.0975,272,236,209,14.1,250.12,0.8676,Best Fit
3,2271,9,1600,177.78,148.92,0.7045,917,393,34,133.16,757.0,0.4286,Best Fit
8,2988,9,1176,130.67,63.03,0.3936,567,234,66,137.3,373.5,0.4127,First Fit
6,1805,5,1255,251.0,5.59,0.6953,322,260,244,11.28,300.83,0.8075,Best Fit
7,4963,11,1853,168.45,134.24,0.3734,981,357,29,211.65,709.0,0.3639,Worst Fit
6,2749,6,1204,200.67,66.61,0.438,644,289,112,122.48,458.17,0.4488,First Fit
6,1782,9,2434,270.44,9.98,1.3659,337,286,259,21.14,297.0,0.8487,Best Fit
4,2491,4,686,171.5,109.92,0.2754,850,294,58,142.61,622.75,0.3459,Worst Fit
4,1326,5,874,174.8,59.14,0.6591,408,272,96,86.32,331.5,0.6667,Best Fit
6,1744,10,2535,253.5,9.02,1.4536,321,266,238,26.31,290.67,0.8287,Best Fit
7,5399,7,1155,165.0,145.94,0.2139,975,366,30,175.58,771.29,0.3754,Worst Fit
8,3325,10,1596,159.6,74.92,0.48,642,283,62,151.61,415.62,0.4408,First Fit
4,1237,5,1342,268.4,10.71,1.0849,328,286,256,16.72,309.25,0.872,Best Fit
3,1589,10,1663,166.3,114.06,1.0466,672,308,38,107.57,529.67,0.4583,First Fit
3,769,9,1393,154.78,86.14,1.8114,425,294,56,119.34,256.33,0.6918,Best Fit
3,1035,4,1160,290.0,8.51,1.1208,359,302,281,19.1,345.0,0.8412,Best Fit
7,5296,6,1241,206.83,142.82,0.2343,891,361,50,138.03,756.57,0.4052,Worst Fit
5,1769,7,1348,192.57,79.55,0.762,562,285,59,146.8,353.8,0.5071,Best Fit
8,2749,8,2425,303.12,10.53,0.8821,373,318,288,20.87,343.62,0.8525,First Fit
8,4781,7,1109,158.43,119.97,0.232,748,306,27,140.51,597.62,0.4091,Worst Fit
3,1570,10,1438,143.8,68.83,0.9159,605,262,51,94.43,523.33,0.4331,First Fit
8,2076,6,1319,219.83,10.84,0.6354,284,233,201,23.46,259.5,0.8204,First Fit
8,5807,5,755,151.0,117.57,0.13,964,325,44,177.8,725.88,0.3371,Worst Fit
7,2633,12,2463,205.25,59.9,0.9354,599,293,84,140.02,376.14,0.4891,Best Fit
8,2838,10,3243,324.3,11.66,1.1427,384,337,305,19.9,354.75,0.8776,Best Fit
8,6242,7,1005,143.57,120.86,0.161,995,305,28,194.77,780.25,0.3065,Worst Fit
4,1259,11,1965,178.64,67.54,1.5608,548,259,77,142.28,314.75,0.4726,Worst Fit
7,2689,6,2161,360.17,9.79,0.8036,430,375,350,29.83,384.14,0.8721,First Fit
3,1534,8,1590,198.75,141.39,1.0365,658,398,34,103.71,511.33,0.6049,First Fit
3,1188,10,1756,175.6,77.03,1.4781,526,282,66,133.16,396.0,0.5361,Best Fit
8,1337,12,1837,153.08,8.53,1.374,188,164,137,15.14,167.12,0.8723,Best Fit
5,3361,5,847,169.4,151.53,0.252,878,398,34,136.69,672.2,0.4533,Worst Fit
5,2005,7,1350,192.86,51.31,0.6733,590,273,125,113.79,401.0,0.4627,Best Fit
7,2458,7,2299,328.43,12.87,0.9353,371,347,314,15.62,351.14,0.9353,First Fit
7,4972,6,983,163.83,110.96,0.1977,938,309,32,105.74,710.29,0.3294,Worst Fit
5,2020,11,2015,183.18,91.74,0.9975,586,295,57,150.86,404.0,0.5034,First Fit
4,1704,7,2916,416.57,6.99,1.7113,451,426,407,16.87,426.0,0.9446,Best Fit
6,4090,4,668,167.0,111.11,0.1633,851,294,56,110.55,681.67,0.3455,Worst Fit
5,2017,4,768,192.0,76.89,0.3808,634,263,76,146.69,403.4,0.4148,First Fit
7,1748,9,1850,205.56,8.51,1.0584,276,218,190,19.37,249.71,0.7899,Best Fit
8,6080,6,1076,179.33,152.9,0.177,951,373,26,175.95,760.0,0.3922,Worst Fit
5,1970,4,543,135.75,23.73,0.2756,644,166,105,175.65,394.0,0.2578,First Fit
7,2988,8,3080,385.0,8.86,1.0308,454,403,373,22.4,426.86,0.8877,Best Fit
6,3890,11,1914,174.0,124.0,0.492,807,383,43,101.58,648.33,0.4746,Worst Fit
5,2366,9,1804,200.44,50.46,0.7625,589,284,114,115.31,473.2,0.4822,Best Fit
3,1296,5,1934,386.8,12.37,1.4923,448,408,374,14.97,432.0,0.9107,Best Fit
7,3740,9,1508,167.56,145.63,0.4032,762,363,27,106.09,534.29,0.4764,Worst Fit
7,2512,9,1594,177.11,72.53,0.6346,639,293,76,161.83,358.86,0.4585,First Fit
5,1219,6,1207,201.17,9.48,0.9902,263,214,187,16.69,243.8,0.8137,Best Fit
5,3072,12,2365,197.08,153.01,0.7699,834,398,38,143.24,614.4,0.4772,Best Fit
4,1411,4,546,136.5,59.26,0.387,511,211,68,131.52,352.75,0.4129,First Fit
4,892,4,820,205.0,11.98,0.9193,244,222,191,16.4,223.0,0.9098,First Fit
5,2905,10,1846,184.6,135.57,0.6355,739,380,44,126.38,581.0,0.5142,First Fit
8,3208,6,980,163.33,47.3,0.3055,577,242,95,144.98,401.0,0.4194,First Fit
4,964,8,1664,208.0,7.84,1.7261,276,219,196,21.92,241.0,0.7935,Best Fit
6,3962,8,1438,179.75,128.7,0.3629,950,353,36,170.67,660.33,0.3716,Worst Fit
5,2247,12,2041,170.08,64.6,0.9083,575,280,58,84.23,449.4,0.487,First Fit
7,1639,9,1828,203.11,11.03,1.1153,271,218,183,23.41,234.14,0.8044,Best Fit
4,2211,6,1019,169.83,135.29,0.4609,724,338,32,117.51,552.75,0.4669,Worst Fit
7,2669,4,707,176.75,83.56,0.2649,590,263,78,141.93,381.29,0.4458,Worst Fit
8,2652,10,3090,309.0,9.99,1.1652,371,324,289,23.82,331.5,0.8733,Best Fit
7,4938,10,1998,199.8,150.82,0.4046,976,396,39,156.6,705.43,0.4057,Worst Fit
3,1325,8,1032,129.0,51.2,0.7789,555,201,61,94.79,441.67,0.3622,Best Fit
8,1713,8,1407,175.88,9.89,0.8214,251,190,163,26.94,214.12,0.757,Best Fit
7,4695,5,811,162.2,125.2,0.1727,966,331,56,151.63,670.71,0.3427,Worst Fit
7,1886,5,969,193.8,76.4,0.5138,459,278,90,90.87,269.43,0.6057,First Fit
5,1976,7,2391,341.57,10.89,1.21,410,356,325,21.78,395.2,0.8683,Best Fit
5,3479,11,1957,177.91,148.27,0.5625,925,385,34,128.73,695.8,0.4162,First Fit
5,1654,10,1883,188.3,71.86,1.1385,589,269,86,166.3,330.8,0.4567,Best Fit
8,1713,6,1128,188.0,6.32,0.6585,258,200,179,28.24,214.12,0.7752,Best Fit
3,1877,10,1834,183.4,138.4,0.9771,896,387,26,194.73,625.67,0.4319,Best Fit
3,1104,6,936,156.0,57.92,0.8478,492,247,78,142.77,368.0,0.502,Best Fit
3,934,8,2128,266.0,8.31,2.2784,328,281,254,18.84,311.33,0.8567,Best Fit
8,5911,6,1228,204.67,148.99,0.2077,997,368,54,174.98,738.88,0.3691,Worst Fit
7,3057,4,498,124.5,5.41,0.1629,618,132,118,108.15,436.71,0.2136,First Fit
3,987,10,2830,283.0,8.14,2.8673,345,299,271,19.2,329.0,0.8667,Best Fit
6,4234,9,1639,182.11,140.14,0.3871,985,393,45,229.01,705.67,0.399,Worst Fit
8,3572,4,607,151.75,76.59,0.1699,618,266,60,134.27,446.5,0.4304,First Fit
3,495,6,790,131.67,9.69,1.596,200,149,117,27.43,165.0,0.745,Best Fit
6,4224,9,1561,173.44,152.74,0.3696,806,398,29,74.27,704.0,0.4938,Worst Fit
5,2190,10,1512,151.2,62.11,0.6904,628,272,65,145.32,438.0,0.4331,Best Fit
3,508,6,901,150.17,10.59,1.7736,175,163,135,4.03,169.33,0.9314,Best Fit
7,4110,11,1975,179.55,153.0,0.4805,792,380,31,123.57,587.14,0.4798,Worst Fit
6,2214,7,1477,211.0,48.14,0.6671,635,294,151,176.23,369.0,0.463,Best Fit
5,1154,9,1690,187.78,10.13,1.4645,255,199,170,25.69,230.8,0.7804,Best Fit
6,4405,5,774,154.8,135.42,0.1757,986,362,28,204.9,734.17,0.3671,Worst Fit
6,2828,12,1950,162.5,86.89,0.6895,594,278,50,85.38,471.33,0.468,Best Fit
7,2452,4,1348,337.0,10.61,0.5498,366,346,319,12.01,350.29,0.9454,First Fit
5,3032,8,1448,181.0,139.4,0.4776,987,342,27,205.5,606.4,0.3465,Worst Fit
7,2779,10,2027,202.7,61.75,0.7294,607,298,94,160.65,397.0,0.4909,First Fit
4,1823,5,2020,404.0,8.56,1.1081,481,421,398,22.47,455.75,0.8753,Best Fit
3,1911,9,1509,167.67,139.45,0.7896,770,381,33,147.71,637.0,0.4948,First Fit
8,2524,4,886,221.5,50.94,0.351,604,281,146,139.31,315.5,0.4652,First Fit
7,1758,4,876,219.0,9.72,0.4983,288,231,208,26.17,251.14,0.8021,First Fit
6,3373,12,2542,211.83,160.07,0.7536,856,395,25,148.78,562.17,0.4614,First Fit
3,1321,4,601,150.25,69.0,0.455,532,257,80,110.43,440.33,0.4831,First Fit
6,1671,9,2192,243.56,11.7,1.3118,312,257,224,23.74,278.5,0.8237,Best Fit
3,1787,9,1595,177.22,142.18,0.8926,769,396,33,124.0,595.67,0.515,First Fit
3,1404,8,1307,163.38,85.59,0.9309,624,300,50,147.54,468.0,0.4808,First Fit
3,889,11,2910,264.55,12.5,3.2733,327,281,249,26.66,296.33,0.8593,Best Fit
7,5235,5,774,154.8,135.37,0.1479,906,343,37,107.93,747.86,0.3786,Worst Fit
7,2250,6,736,122.67,75.6,0.3271,626,267,54,167.2,321.43,0.4265,First Fit
6,1773,12,3119,259.92,8.88,1.7592,329,274,246,26.85,295.5,0.8328,Best Fit
6,3928,11,1783,162.09,133.29,0.4539,829,343,25,124.41,654.67,0.4138,Worst Fit
3,1618,7,1088,155.43,50.45,0.6724,591,205,53,71.66,539.33,0.3469,Best Fit
7,2146,10,2683,268.3,11.05,1.2502,336,281,250,18.09,306.57,0.8363,Best Fit
8,5149,5,744,148.8,128.48,0.1445,838,345,27,171.17,643.62,0.4117,Worst Fit
6,2734,4,478,119.5,40.28,0.1748,645,150,51,176.14,455.67,0.2326,First Fit
6,2597,7,2784,397.71,11.4,1.072,469,415,382,24.62,432.83,0.8849,Best Fit
8,5771,4,838,209.5,143.51,0.1452,943,375,60,138.22,721.38,0.3977,Worst Fit
3,1127,11,1853,168.45,92.3,1.6442,572,297,53,158.83,375.67,0.5192,First Fit
3,593,5,835,167.0,11.06,1.4081,218,184,154,17.17,197.67,0.844,Best Fit
5,2558,11,1994,181.27,143.89,0.7795,754,375,27,123.98,511.6,0.4973,Best Fit
5,2503,10,1440,144.0,68.77,0.5753,624,266,55,101.92,500.6,0.4263,First Fit
8,1783,7,1329,189.86,8.68,0.7454,254,201,176,18.57,222.88,0.7913,Best Fit
7,4350,6,1147,191.17,129.45,0.2637,856,341,50,158.44,621.43,0.3984,Worst Fit
3,1027,12,1800,150.0,72.96,1.7527,476,277,59,101.86,342.33,0.5819,Worst Fit
4,941,8,1607,200.88,8.89,1.7078,271,215,188,22.61,235.25,0.7934,Best Fit
7,5099,10,1610,161.0,117.03,0.3157,949,305,29,167.33,728.43,0.3214,Worst Fit
5,2130,6,1025,170.83,59.36,0.4812,644,246,69,129.22,426.0,0.382,First Fit
7,2354,9,2894,321.56,8.64,1.2294,350,331,307,9.65,336.29,0.9457,Best Fit
8,5035,9,1669,185.44,141.33,0.3315,960,377,37,203.6,629.38,0.3927,Worst Fit
8,3491,6,1091,181.83,48.18,0.3125,601,258,98,132.29,436.38,0.4293,First Fit
6,2584,8,3130,391.25,11.81,1.2113,459,406,373,19.96,430.67,0.8845,Best Fit
7,4948,9,1509,167.67,132.84,0.305,924,362,32,142.58,706.86,0.3918,Worst Fit
5,2144,7,1313,187.57,90.96,0.6124,637,295,50,151.76,428.8,0.4631,First Fit
3,1143,11,3949,359.0,8.39,3.4549,414,375,348,25.47,381.0,0.9058,Best Fit
4,2764,6,1177,196.17,152.0,0.4258,947,394,46,149.76,691.0,0.4161,Worst Fit
3,1415,5,1079,215.8,62.19,0.7625,639,284,138,124.9,471.67,0.4444,Best Fit
3,1087,12,4004,333.67,9.59,3.6835,370,352,322,9.46,362.33,0.9514,Best Fit
5,2962,10,1821,182.1,134.57,0.6148,807,379,25,137.28,592.4,0.4696,First Fit
6,2605,8,1319,164.88,66.29,0.5063,615,279,88,161.22,434.17,0.4537,First Fit
5,2059,8,3290,411.25,6.63,1.5979,436,420,400,13.61,411.8,0.9633,Best Fit
7,5241,9,1578,175.33,156.1,0.3011,970,394,31,155.17,748.71,0.4062,Worst Fit
5,2050,4,606,151.5,52.04,0.2956,507,239,102,119.37,410.0,0.4714,First Fit
4,826,6,991,165.17,5.58,1.1998,223,174,157,10.06,206.5,0.7803,Best Fit
4,2536,6,1110,185.0,124.7,0.4377,749,364,58,128.75,634.0,0.486,Worst Fit
6,2643,5,667,133.4,44.83,0.2524,621,216,85,143.24,440.5,0.3478,First Fit
4,859,10,1642,164.2,8.34,1.9115,230,182,151,11.61,214.75,0.7913,Best Fit
5,3219,12,2466,205.5,148.8,0.7661,825,386,32,148.29,643.8,0.4679,Best Fit
7,2929,7,1416,202.29,68.72,0.4834,634,281,89,165.98,418.43,0.4432,First Fit
5,2252,5,1962,392.4,7.74,0.8712,467,406,386,17.11,450.4,0.8694,Best Fit
6,4453,4,782,195.5,144.66,0.1756,995,373,49,149.4,742.17,0.3749,Worst Fit
4,2116,4,704,176.0,59.63,0.3327,571,227,76,49.81,529.0,0.3975,First Fit
3,1151,11,3741,340.09,9.39,3.2502,404,356,325,23.98,383.67,0.8812,Best Fit
7,5241,5,806,161.2,139.72,0.1538,986,356,36,164.28,748.71,0.3611,Worst Fit
5,1849,10,1461,146.1,68.87,0.7902,535,296,54,119.44,369.8,0.5533,First Fit
6,1063,8,1210,151.25,8.1,1.1383,200,165,139,15.0,177.17,0.825,Best Fit
8,5440,5,735,147.0,137.47,0.1351,978,354,25,202.81,680.0,0.362,Worst Fit
3,1155,6,1257,209.5,71.28,1.0883,491,293,101,79.93,385.0,0.5967,Best Fit
8,2474,4,1015,253.75,9.5,0.4103,331,266,244,18.29,309.25,0.8036,First Fit
7,5456,11,1966,178.73,133.21,0.3603,997,369,40,126.78,779.43,0.3701,Worst Fit
7,2334,6,1108,184.67,74.9,0.4747,630,288,62,165.09,333.43,0.4571,First Fit
8,2494,5,1380,276.0,10.35,0.5533,338,288,262,24.85,311.75,0.8521,First Fit
8,5909,7,1083,154.71,134.67,0.1833,997,372,28,193.85,738.62,0.3731,Worst Fit
5,1535,8,1339,167.38,75.52,0.8723,483,296,86,140.83,307.0,0.6128,First Fit
7,2106,4,1118,279.5,12.84,0.5309,350,296,266,30.16,300.86,0.8457,First Fit
4,2894,6,1209,201.5,159.99,0.4178,989,398,33,227.05,723.5,0.4024,Worst Fit
5,2358,6,978,163.0,96.37,0.4148,612,292,65,118.63,471.6,0.4771,Worst Fit
4,1740,5,2087,417.4,5.28,1.1994,473,424,410,23.51,435.0,0.8964,Best Fit
3,1981,5,802,160.4,141.25,0.4048,742,378,29,58.16,660.33,0.5094,Worst Fit
5,2294,12,2092,174.33,69.45,0.9119,544,293,68,75.74,458.8,0.5386,Best Fit
6,2712,11,4547,413.36,11.41,1.6766,482,432,399,20.51,452.0,0.8963,Best Fit
6,4560,10,2009,200.9,146.34,0.4406,915,392,41,136.52,760.0,0.4284,Worst Fit
5,1593,8,1408,176.0,82.82,0.8839,389,284,64,67.27,318.6,0.7301,Best Fit
8,3685,10,4218,421.8,12.83,1.1446,484,439,404,15.43,460.62,0.907,Best Fit
7,5253,6,1125,187.5,134.28,0.2142,934,343,42,99.99,750.43,0.3672,Worst Fit
3,1037,11,1622,147.45,68.06,1.5641,527,288,52,146.98,345.67,0.5465,First Fit
6,987,5,677,135.4,7.86,0.6859,193,145,125,18.87,164.5,0.7513,Best Fit
7,5178,11,1810,164.55,128.89,0.3496,928,362,38,165.13,739.71,0.3901,Worst Fit
3,1637,5,1148,229.6,30.37,0.7013,631,276,184,106.18,545.67,0.4374,Best Fit
7,2379,7,2119,302.71,13.0,0.8907,363,319,284,25.61,339.86,0.8788,Best Fit
4,2668,11,1796,163.27,134.18,0.6732,966,350,31,189.1,667.0,0.3623,Best Fit
4,1431,10,1689,168.9,55.53,1.1803,464,283,76,67.57,357.75,0.6099,Best Fit
4,977,10,2033,203.3,8.34,2.0809,274,216,187,28.49,244.25,0.7883,Best Fit
3,1951,8,1495,186.88,151.02,0.7663,775,393,25,152.23,650.33,0.5071,First Fit
7,2116,8,1400,175.0,58.23,0.6616,535,283,83,126.68,302.29,0.529,First Fit
3,1329,5,2025,405.0,7.67,1.5237,472,417,394,24.54,443.0,0.8835,Best Fit
6,3718,11,1816,165.09,132.32,0.4884,774,372,33,98.13,619.67,0.4806,Worst Fit
5,1831,11,1506,136.91,74.5,0.8225,543,281,61,123.31,366.2,0.5175,First Fit
4,1270,10,2862,286.2,7.22,2.2535,343,298,277,25.06,317.5,0.8688,Best Fit
5,3552,11,1993,181.18,153.92,0.5611,945,392,26,212.15,710.4,0.4148,First Fit
8,3425,5,1033,206.6,58.12,0.3016,642,300,129,169.13,428.12,0.4673,First Fit
8,2812,10,3310,331.0,7.94,1.1771,384,343,321,15.95,351.5,0.8932,Best Fit
5,3402,5,802,160.4,152.3,0.2357,875,379,34,143.09,680.4,0.4331,Worst Fit
5,1863,8,1338,167.25,80.95,0.7182,585,268,60,143.0,372.6,0.4581,Best Fit
6,2393,7,2634,376.29,8.55,1.1007,417,389,366,12.71,398.83,0.9329,Best Fit
5,3974,5,794,158.8,126.37,0.1998,957,344,42,90.16,794.8,0.3595,Worst Fit
5,1647,12,2027,168.92,62.37,1.2307,650,264,59,171.86,329.4,0.4062,First Fit
3,885,6,1384,230.67,10.7,1.5638,303,248,218,10.61,295.0,0.8185,Best Fit
4,3005,10,1825,182.5,141.9,0.6073,888,395,31,109.36,751.25,0.4448,First Fit
4,1927,9,1894,210.44,67.11,0.9829,633,298,69,103.98,481.75,0.4708,Best Fit
3,1013,9,2889,321.0,8.55,2.8519,355,332,302,13.52,337.67,0.9352,Best Fit
4,3169,10,1874,187.4,135.45,0.5914,949,367,27,132.38,792.25,0.3867,First Fit
6,1998,11,2079,189.0,72.57,1.0405,614,289,54,150.72,333.0,0.4707,Best Fit
3,586,4,625,156.25,10.78,1.0666,208,169,140,13.89,195.33,0.8125,Best Fit
4,2547,10,1762,176.2,123.42,0.6918,807,330,39,117.44,636.75,0.4089,Best Fit
3,1250,6,883,147.17,70.5,0.7064,449,273,59,23.67,416.67,0.608,Best Fit
4,1616,4,1411,352.75,12.03,0.8731,422,373,342,12.43,404.0,0.8839,Best Fit
7,5309,11,1949,177.18,145.33,0.3671,991,368,30,177.2,758.43,0.3713,Worst Fit
4,1764,11,1439,130.82,55.61,0.8158,620,225,50,157.35,441.0,0.3629,Best Fit
5,1195,7,1445,206.43,12.57,1.2092,270,220,190,31.53,239.0,0.8148,First Fit
3,2169,5,808,161.6,132.58,0.3725,908,376,54,131.1,723.0,0.4141,Worst Fit
7,1889,10,1922,192.2,49.95,1.0175,463,262,98,123.54,269.86,0.5659,Best Fit
6,1106,6,946,157.67,8.83,0.8553,220,173,143,18.76,184.33,0.7864,Best Fit
3,2042,6,1202,200.33,148.06,0.5886,882,389,35,187.8,680.67,0.441,First Fit
3,1299,12,2082,173.5,66.83,1.6028,552,288,76,103.83,433.0,0.5217,Best Fit
3,506,6,840,140.0,10.03,1.6601,192,156,129,20.07,168.67,0.8125,Best Fit
3,2189,7,1101,157.29,132.14,0.503,908,341,30,211.2,729.67,0.3756,Worst Fit
3,1201,9,1409,156.56,69.11,1.1732,643,259,50,171.61,400.33,0.4028,Best Fit
7,1484,12,1937,161.42,8.96,1.3053,232,176,149,17.4,212.0,0.7586,Best Fit
4,3460,8,1555,194.38,142.0,0.4494,999,392,32,149.14,865.0,0.3924,Worst Fit
3,1274,7,1134,162.0,68.27,0.8901,617,266,82,173.78,424.67,0.4311,Best Fit
4,1412,10,3235,323.5,10.17,2.2911,397,339,309,26.38,353.0,0.8539,Best Fit
7,5253,8,1518,189.75,145.25,0.289,888,380,27,116.08,750.43,0.4279,Worst Fit
7,3087,10,1781,178.1,64.09,0.5769,617,295,74,146.28,441.0,0.4781,First Fit
3,1149,6,2044,340.67,3.25,1.7789,411,346,337,22.09,383.0,0.8418,Best Fit
3,1551,12,2220,185.0,149.89,1.4313,707,396,27,135.24,517.0,0.5601,Worst Fit
5,1126,9,1666,185.11,75.74,1.4796,351,296,55,74.13,225.2,0.8433,First Fit
8,2122,11,2479,225.36,12.07,1.1682,293,244,210,19.72,265.25,0.8328,Best Fit
7,5114,8,1536,192.0,151.28,0.3004,940,386,27,159.91,730.57,0.4106,Worst Fit
5,1784,6,1176,196.0,70.5,0.6592,598,299,109,123.26,356.8,0.5,Best Fit
8,1641,12,2092,174.33,10.03,1.2748,244,189,158,24.69,205.12,0.7746,Best Fit
3,2233,10,1686,168.6,125.31,0.755,842,340,26,98.2,744.33,0.4038,Best Fit
8,2923,7,1245,177.86,58.12,0.4259,481,252,91,79.32,365.38,0.5239,First Fit
6,1339,12,2343,195.25,7.64,1.7498,262,205,176,23.53,223.17,0.7824,Best Fit
7,4983,6,1025,170.83,126.75,0.2057,909,347,30,117.67,711.86,0.3817,Worst Fit
3,1271,5,864,172.8,70.01,0.6798,582,256,65,123.04,423.67,0.4399,Best Fit
3,794,12,2604,217.0,10.76,3.2796,284,227,195,13.7,264.67,0.7993,Best Fit
7,4142,4,703,175.75,132.01,0.1697,930,353,26,144.1,591.71,0.3796,Worst Fit
7,2767,8,1443,180.38,57.18,0.5215,648,264,99,154.94,395.29,0.4074,First Fit
7,1272,8,1213,151.62,6.78,0.9536,215,159,142,26.68,181.71,0.7395,Best Fit
5,4556,11,1912,173.82,140.76,0.4197,963,371,30,34.3,911.2,0.3853,Worst Fit
3,1370,7,938,134.0,77.84,0.6847,615,267,67,178.01,456.67,0.4341,Best Fit
7,2493,12,3717,309.75,8.71,1.491,384,320,294,24.32,356.14,0.8333,Best Fit
8,4860,8,1495,186.88,135.05,0.3076,800,359,47,126.12,607.5,0.4487,Worst Fit
5,1852,9,1426,158.44,70.86,0.77,466,254,61,96.76,370.4,0.5451,First Fit
3,836,4,996,249.0,7.84,1.1914,295,261,239,12.71,278.67,0.8847,Best Fit
7,5352,7,1193,170.43,155.86,0.2229,951,399,26,138.34,764.57,0.4196,Worst Fit
4,1578,11,2167,197.0,74.04,1.3733,511,291,59,128.33,394.5,0.5695,Best Fit
7,2977,5,2015,403.0,5.48,0.6769,472,410,394,23.05,425.29,0.8686,Best Fit
7,5286,5,788,157.6,122.84,0.1491,991,319,46,222.46,755.14,0.3219,Worst Fit
7,2875,4,819,204.75,91.16,0.2849,571,283,50,96.99,410.71,0.4956,Worst Fit
8,2740,10,3119,311.9,8.14,1.1383,381,323,299,25.7,342.5,0.8478,Best Fit
7,4139,5,836,167.2,147.31,0.202,795,396,28,111.77,591.29,0.4981,Worst Fit
7,3171,9,1338,148.67,77.3,0.4219,633,281,55,131.3,453.0,0.4439,First Fit
3,1187,6,2216,369.33,4.75,1.8669,420,376,363,18.26,395.67,0.8952,Best Fit
3,1707,12,2420,201.67,155.92,1.4177,747,386,34,127.14,569.0,0.5167,First Fit
5,2455,9,1646,182.89,70.77,0.6705,594,299,56,104.95,491.0,0.5034,Best Fit
4,699,7,982,140.29,8.88,1.4049,207,155,128,23.6,174.75,0.7488,Best Fit
3,1838,8,1519,189.88,148.08,0.8264,707,380,29,100.76,612.67,0.5375,Best Fit
5,2215,12,1773,147.75,64.93,0.8005,564,244,56,116.86,443.0,0.4326,First Fit
6,1480,6,1254,209.0,8.27,0.8473,278,219,194,26.15,246.67,0.7878,Best Fit
4,2432,7,1197,171.0,148.08,0.4922,1000,386,25,228.17,608.0,0.386,Worst Fit
6,2545,4,386,96.5,30.35,0.1517,614,145,63,156.19,424.17,0.2362,First Fit
5,1339,10,2326,232.6,9.34,1.7371,298,247,219,23.73,267.8,0.8289,Best Fit
8,5578,12,2192,182.67,124.36,0.393,914,354,48,162.31,697.25,0.3873,Worst Fit
6,2771,4,598,149.5,85.25,0.2158,650,259,59,157.73,461.83,0.3985,Worst Fit
6,2206,12,4082,340.17,9.95,1.8504,391,357,325,18.66,367.67,0.913,Best Fit
4,3304,4,685,171.25,138.3,0.2073,957,354,29,76.61,826.0,0.3699,Worst Fit
7,2054,5,558,111.6,63.8,0.2717,471,235,50,101.64,293.43,0.4989,First Fit
8,3417,8,3099,387.38,7.5,0.9069,461,402,375,22.84,427.12,0.872,First Fit
6,4243,5,861,172.2,142.58,0.2029,926,392,52,187.08,707.17,0.4233,Worst Fit
3,1346,10,1796,179.6,61.24,1.3343,642,261,63,138.47,448.67,0.4065,Best Fit
8,2725,10,3002,300.2,9.13,1.1017,365,315,285,14.51,340.62,0.863,Best Fit
3,2519,12,2209,184.08,133.51,0.8769,972,378,32,174.57,839.67,0.3889,First Fit
7,2689,12,1768,147.33,76.47,0.6575,635,276,50,147.76,384.14,0.4346,First Fit
8,2084,6,1373,228.83,10.32,0.6588,290,241,209,20.04,260.5,0.831,Best Fit
4,2066,6,1196,199.33,154.4,0.5789,598,391,33,60.33,516.5,0.6538,First Fit
8,3555,11,1837,167.0,67.22,0.5167,629,264,61,144.39,444.38,0.4197,First Fit
7,1973,8,2151,268.88,8.95,1.0902,325,282,258,20.57,281.86,0.8677,First Fit
4,2137,7,1261,180.14,160.76,0.5901,679,397,27,88.7,534.25,0.5847,First Fit
5,1546,8,1203,150.38,70.67,0.7781,368,271,57,47.33,309.2,0.7364,First Fit
4,1522,12,4156,346.33,10.87,2.7306,405,360,329,24.86,380.5,0.8889,Best Fit
4,2106,9,1613,179.22,149.53,0.7659,577,388,26,49.38,526.5,0.6724,Best Fit
6,1949,11,2118,192.55,75.58,1.0867,554,291,86,134.28,324.83,0.5253,Best Fit
5,1725,4,1275,318.75,6.83,0.7391,382,330,312,25.31,345.0,0.8639,Best Fit
7,5029,8,1486,185.75,136.46,0.2955,849,373,44,96.5,718.43,0.4393,Worst Fit
6,2395,5,895,179.0,64.78,0.3737,525,283,91,126.9,399.17,0.539,First Fit
4,1686,4,1521,380.25,9.6,0.9021,456,396,372,24.06,421.5,0.8684,Best Fit
7,4984,12,2336,194.67,144.74,0.4687,940,378,32,122.15,712.0,0.4021,Worst Fit
8,3350,12,2253,187.75,67.16,0.6725,640,288,83,156.38,418.75,0.45,Best Fit
7,2441,12,3859,321.58,8.73,1.5809,382,336,305,20.73,348.71,0.8796,Best Fit
7,5020,6,1163,193.83,158.95,0.2317,904,395,37,173.82,717.14,0.4369,Worst Fit
8,3225,6,1221,203.5,54.22,0.3786,603,243,93,107.55,403.12,0.403,First Fit
7,2715,5,1751,350.2,9.17,0.6449,420,362,334,26.52,387.86,0.8619,First Fit
8,4929,6,1099,183.17,135.55,0.223,950,374,27,194.46,616.12,0.3937,Worst Fit
6,2997,7,1251,178.71,40.08,0.4174,621,242,121,91.38,499.5,0.3897,First Fit
7,2282,12,3555,296.25,9.47,1.5578,344,316,284,15.65,326.0,0.9186,Best Fit
4,3458,5,730,146.0,111.62,0.2111,969,284,49,108.0,864.5,0.2931,Worst Fit
7,3002,9,1640,182.22,75.06,0.5463,620,300,72,160.41,428.86,0.4839,First Fit
7,2473,9,2924,324.89,9.94,1.1824,380,338,310,24.26,353.29,0.8895,Best Fit
6,4307,11,1955,177.73,143.86,0.4539,885,395,38,109.02,717.83,0.4463,Worst Fit
8,3011,10,1454,145.4,74.6,0.4829,531,235,50,112.25,376.38,0.4426,First Fit
5,862,7,1010,144.29,10.61,1.1717,215,159,130,32.96,172.4,0.7395,Best Fit
7,5392,5,776,155.2,130.19,0.1439,974,346,28,166.43,770.29,0.3552,Worst Fit
6,2717,7,1501,214.43,63.51,0.5524,602,297,125,112.52,452.83,0.4934,First Fit
4,1823,4,1595,398.75,3.49,0.8749,469,402,393,18.62,455.75,0.8571,Best Fit
8,5577,7,1163,166.14,134.94,0.2085,872,346,30,153.16,697.12,0.3968,Worst Fit
8,3118,11,1864,169.45,71.19,0.5978,638,273,69,138.59,389.75,0.4279,First Fit
4,1676,9,3733,414.78,9.64,2.2273,436,435,404,10.07,419.0,0.9977,Best Fit
5,3147,4,671,167.75,121.26,0.2132,978,303,41,189.34,629.4,0.3098,Worst Fit
5,2171,5,952,190.4,54.77,0.4385,634,263,118,135.73,434.2,0.4148,First Fit
5,888,12,1871,155.92,10.7,2.107,229,175,140,27.59,177.6,0.7642,Best Fit
5,3718,8,1438,179.75,148.55,0.3868,934,392,30,126.03,743.6,0.4197,Worst Fit
8,3798,4,725,181.25,86.56,0.1909,629,299,85,156.65,474.75,0.4754,Worst Fit
6,1929,8,2340,292.5,11.49,1.2131,359,308,274,21.27,321.5,0.8579,Best Fit
6,4256,9,1747,194.11,158.5,0.4105,869,385,42,105.86,709.33,0.443,Worst Fit
8,3219,7,1320,188.57,77.9,0.4101,648,290,67,155.53,402.38,0.4475,First Fit
3,1238,12,4628,385.67,10.15,3.7383,427,398,367,13.82,412.67,0.9321,Best Fit
4,2630,10,1714,171.4,134.89,0.6517,939,363,25,185.63,657.5,0.3866,Best Fit
4,1760,5,718,143.6,71.04,0.408,603,271,73,151.39,440.0,0.4494,First Fit
4,1877,5,2084,416.8,12.22,1.1103,480,432,403,12.13,469.25,0.9,Best Fit
8,6580,10,2086,208.6,164.37,0.317,997,396,28,214.21,822.5,0.3972,Worst Fit
3,1498,8,1478,184.75,76.04,0.9866,642,290,65,174.91,499.33,0.4517,Best Fit
8,3292,9,3426,380.67,9.72,1.0407,437,393,359,15.0,411.5,0.8993,Best Fit
7,5678,10,1907,190.7,140.13,0.3359,974,398,41,103.87,811.14,0.4086,Worst Fit
6,2563,8,1420,177.5,45.25,0.554,565,231,77,153.28,427.17,0.4088,First Fit
8,2593,4,1123,280.75,9.6,0.4331,348,295,271,19.93,324.12,0.8477,First Fit
7,4658,10,2037,203.7,149.31,0.4373,966,389,42,160.42,665.43,0.4027,Worst Fit
3,1313,9,1931,214.56,60.41,1.4707,627,294,92,176.57,437.67,0.4689,First Fit
7,1466,5,851,170.2,10.7,0.5805,235,186,160,21.62,209.43,0.7915,First Fit
8,6341,6,1169,194.83,149.39,0.1844,970,380,40,176.54,792.62,0.3918,Worst Fit
3,1041,9,1347,149.67,41.4,1.2939,562,202,79,154.62,347.0,0.3594,Best Fit
7,1697,4,910,227.5,9.23,0.5362,294,239,214,31.37,242.43,0.8129,First Fit
6,3892,8,1363,170.38,120.79,0.3502,776,314,27,98.63,648.67,0.4046,Worst Fit
8,3247,9,1553,172.56,81.97,0.4783,596,294,59,97.03,405.88,0.4933,Worst Fit
4,1161,6,1453,242.17,7.99,1.2515,315,258,235,24.9,290.25,0.819,Best Fit
7,5156,12,2330,194.17,150.91,0.4519,959,386,28,149.97,736.57,0.4025,Worst Fit
6,2820,8,1645,205.62,87.58,0.5833,527,289,73,44.05,470.0,0.5484,First Fit
8,2141,11,2434,221.27,8.84,1.1369,294,235,207,17.54,267.62,0.7993,Best Fit
7,5294,11,1849,168.09,140.51,0.3493,951,357,25,144.71,756.29,0.3754,Worst Fit
3,1467,8,1783,222.88,78.66,1.2154,587,296,59,81.7,489.0,0.5043,Best Fit
6,2662,11,4313,392.09,10.8,1.6202,468,411,379,19.22,443.67,0.8782,Best Fit
5,4045,12,2312,192.67,139.53,0.5716,998,386,51,205.9,809.0,0.3868,First Fit
7,2530,4,621,155.25,64.13,0.2455,601,219,50,149.01,361.43,0.3644,First Fit
4,1791,11,4506,409.64,7.98,2.5159,469,426,399,22.95,447.75,0.9083,Best Fit
8,6030,12,2285,190.42,142.19,0.3789,996,398,27,151.3,753.75,0.3996,Worst Fit
6,2672,8,1813,226.62,41.81,0.6785,594,278,166,112.07,445.33,0.468,Best Fit
7,2558,7,2376,339.43,9.94,0.9289,406,354,322,26.93,365.43,0.8719,Best Fit
8,5310,8,1610,201.25,149.11,0.3032,934,386,25,194.97,663.75,0.4133,Worst Fit
5,1702,4,576,144.0,89.95,0.3384,565,291,51,136.48,340.4,0.515,Worst Fit
6,1990,8,2459,307.38,9.78,1.2357,346,319,291,13.72,331.67,0.922,Best Fit
5,3616,5,740,148.0,127.24,0.2046,938,315,25,128.12,723.2,0.3358,Worst Fit
4,1728,7,1090,155.71,55.39,0.6308,571,248,59,94.54,432.0,0.4343,First Fit
4,703,10,1527,152.7,8.37,2.1721,213,167,143,22.53,175.75,0.784,Best Fit
8,6085,9,1542,171.33,143.49,0.2534,963,376,29,154.82,760.62,0.3904,Worst Fit
4,1641,5,612,122.4,56.65,0.3729,631,229,73,146.68,410.25,0.3629,First Fit
7,1945,9,2204,244.89,11.28,1.1332,307,263,230,18.6,277.86,0.8567,Best Fit
4,3064,6,1136,189.33,131.05,0.3708,977,328,45,207.2,766.0,0.3357,Worst Fit
4,1972,10,2071,207.1,63.9,1.0502,645,284,97,151.32,493.0,0.4403,First Fit
8,3119,9,3067,340.78,8.61,0.9833,410,350,324,13.72,389.88,0.8537,Best Fit
4,3218,6,1140,190.0,135.25,0.3543,983,374,37,169.32,804.5,0.3805,Worst Fit
4,1734,6,923,153.83,85.08,0.5323,571,299,61,126.66,433.5,0.5236,Worst Fit
6,2495,10,3887,388.7,7.29,1.5579,449,399,375,25.8,415.83,0.8886,Best Fit
6,4386,5,823,164.6,131.51,0.1876,889,360,34,114.54,731.0,0.4049,Worst Fit
4,1596,5,955,191.0,54.55,0.5984,559,259,138,148.18,399.0,0.4633,First Fit
8,1868,10,2024,202.4,10.9,1.0835,273,219,186,22.77,233.5,0.8022,Best Fit
4,2771,5,812,162.4,161.36,0.293,794,389,25,111.68,692.75,0.4899,Worst Fit
4,2184,9,1801,200.11,70.32,0.8246,608,282,61,46.07,546.0,0.4638,First Fit
3,1215,10,3585,358.5,8.04,2.9506,428,373,347,17.38,405.0,0.8715,Best Fit
8,5473,5,694,138.8,112.95,0.1268,975,281,28,187.73,684.12,0.2882,Worst Fit
4,1401,11,1902,172.91,75.7,1.3576,619,296,52,173.9,350.25,0.4782,First Fit
5,1513,8,2155,269.38,5.34,1.4243,338,276,257,30.34,302.6,0.8166,First Fit
6,4197,9,1566,174.0,137.98,0.3731,943,365,32,159.47,699.5,0.3871,Worst Fit
5,1564,4,882,220.5,36.9,0.5639,374,270,171,61.01,312.8,0.7219,First Fit
6,1077,6,941,156.83,8.05,0.8737,223,167,147,25.38,179.5,0.7489,Best Fit
3,2136,4,779,194.75,157.75,0.3647,802,353,36,73.08,712.0,0.4401,Worst Fit
7,2735,9,1655,183.89,77.71,0.6051,636,296,68,128.66,390.71,0.4654,First Fit
6,1296,6,1121,186.83,7.78,0.865,255,195,174,22.69,216.0,0.7647,Best Fit
4,3190,4,804,201.0,143.12,0.252,922,400,63,118.96,797.5,0.4338,Worst Fit
6,2705,5,1027,205.4,73.19,0.3797,612,264,65,153.46,450.83,0.4314,First Fit
4,792,8,1353,169.12,9.88,1.7083,222,184,158,24.51,198.0,0.8288,Best Fit
4,2838,7,1181,168.71,132.69,0.4161,862,349,28,111.26,709.5,0.4049,Worst Fit
5,1944,8,1099,137.38,61.37,0.5653,530,215,51,120.61,388.8,0.4057,First Fit
7,2842,10,3835,383.5,11.64,1.3494,446,399,366,21.21,406.0,0.8946,First Fit
5,2868,8,1620,202.5,154.04,0.5649,765,397,34,142.95,573.6,0.519,First Fit
8,3164,10,1504,150.4,61.55,0.4753,588,269,60,121.04,395.5,0.4575,First Fit
6,1986,7,2122,303.14,4.61,1.0685,357,312,298,15.74,331.0,0.8739,Best Fit
7,5406,5,836,167.2,142.01,0.1546,926,355,29,151.14,772.29,0.3834,Worst Fit
6,2410,9,1495,166.11,76.54,0.6203,548,263,57,125.28,401.67,0.4799,First Fit
7,1164,10,1438,143.8,10.52,1.2354,209,156,123,21.95,166.29,0.7464,Best Fit
8,4942,11,1884,171.27,132.08,0.3812,941,384,42,149.94,617.75,0.4081,Worst Fit
4,1224,7,1390,198.57,40.56,1.1356,447,265,136,88.44,306.0,0.5928,Best Fit
8,1434,9,1250,138.89,11.95,0.8717,206,162,127,16.42,179.25,0.7864,Best Fit
8,5363,8,1418,177.25,131.04,0.2644,948,347,34,187.01,670.38,0.366,Worst Fit
4,1157,5,630,126.0,25.0,0.5445,372,157,97,84.23,289.25,0.422,First Fit
8,2723,6,1793,298.83,8.9,0.6585,373,317,288,19.61,340.38,0.8499,Best Fit
3,1632,10,1736,173.6,141.2,1.0637,674,374,30,93.22,544.0,0.5549,Best Fit
6,2413,7,855,122.14,75.27,0.3543,560,285,57,118.78,402.17,0.5089,First Fit
7,3192,8,3409,426.12,11.41,1.068,492,444,411,23.28,456.0,0.9024,Best Fit
4,2463,12,2220,185.0,141.41,0.9013,747,380,26,131.56,615.75,0.5087,First Fit
3,902,7,1201,171.57,83.12,1.3315,395,293,58,90.83,300.67,0.7418,First Fit
3,523,12,1945,162.08,9.39,3.7189,182,175,145,7.04,174.33,0.9615,Best Fit
3,2210,4,704,176.0,133.56,0.3186,884,311,37,118.05,736.67,0.3518,Worst Fit
6,2456,5,621,124.2,59.38,0.2529,581,240,78,123.4,409.33,0.4131,First Fit
5,1614,12,3649,304.08,8.66,2.2608,356,320,291,21.23,322.8,0.8989,Best Fit
8,5263,4,710,177.5,143.41,0.1349,917,354,26,161.02,657.88,0.386,Worst Fit
3,676,8,1760,220.0,46.12,2.6036,293,298,175,50.97,225.33,1.0171,Best Fit
8,2265,12,2809,234.08,11.14,1.2402,309,253,220,26.06,283.12,0.8188,Best Fit
5,3531,4,705,176.25,139.85,0.1997,981,332,29,172.59,706.2,0.3384,Worst Fit
8,3637,6,655,109.17,64.77,0.1801,649,244,50,119.7,454.62,0.376,First Fit
4,896,4,758,189.5,8.41,0.846,242,202,180,18.77,224.0,0.8347,Best Fit
3,2315,8,1413,176.62,126.83,0.6104,919,348,38,163.92,771.67,0.3787,First Fit
5,2213,12,2280,190.0,67.01,1.0303,626,298,99,156.41,442.6,0.476,First Fit
5,1886,11,3752,341.09,10.83,1.9894,397,360,328,22.22,377.2,0.9068,Best Fit
6,3760,11,1818,165.27,139.19,0.4835,930,389,25,163.93,626.67,0.4183,Worst Fit
5,2105,8,1489,186.12,79.7,0.7074,607,275,68,101.16,421.0,0.453,Best Fit
3,947,4,1173,293.25,1.79,1.2386,323,295,291,5.25,315.67,0.9133,Best Fit
3,2177,8,1608,201.0,133.36,0.7386,741,366,62,11.9,725.67,0.4939,First Fit
7,2752,8,1253,156.62,85.01,0.4553,619,296,60,160.24,393.14,0.4782,Worst Fit
7,2413,5,1551,310.2,9.56,0.6428,383,322,296,25.87,344.71,0.8407,First Fit
7,5033,7,1039,148.43,120.79,0.2064,910,308,32,149.17,719.0,0.3385,Worst Fit
7,3175,10,1731,173.1,61.49,0.5452,546,286,73,89.41,453.57,0.5238,First Fit
7,2141,9,2485,276.11,9.62,1.1607,347,292,265,22.56,305.86,0.8415,Best Fit
3,2136,8,1541,192.62,150.6,0.7214,800,374,30,109.26,712.0,0.4675,Best Fit
7,3328,10,1715,171.5,85.07,0.5153,610,286,63,124.1,475.43,0.4689,Worst Fit
4,1107,12,3119,259.92,5.63,2.8175,308,270,251,18.91,276.75,0.8766,Best Fit
3,1907,5,718,143.6,127.9,0.3765,834,301,30,168.1,635.67,0.3609,Worst Fit
6,1888,6,1395,232.5,40.51,0.7389,410,300,175,93.89,314.67,0.7317,First Fit
5,983,8,1286,160.75,9.95,1.3082,224,177,148,23.39,196.6,0.7902,Best Fit
6,4032,9,1535,170.56,128.92,0.3807,888,358,43,192.58,672.0,0.4032,Worst Fit
4,1819,7,1418,202.57,55.77,0.7795,573,275,112,106.72,454.75,0.4799,Best Fit
4,944,12,2443,203.58,10.34,2.5879,269,221,187,22.01,236.0,0.8216,Best Fit
8,5243,11,1985,180.45,143.55,0.3786,842,386,27,104.97,655.38,0.4584,Worst Fit
5,2505,10,1114,111.4,44.38,0.4447,625,215,51,85.58,501.0,0.344,First Fit
4,864,4,682,170.5,8.99,0.7894,233,177,155,27.72,216.0,0.7597,Best Fit
7,4823,10,2002,200.2,147.98,0.4151,979,395,30,140.54,689.0,0.4035,Worst Fit
3,1286,5,1076,215.2,69.91,0.8367,533,298,93,78.4,428.67,0.5591,Best Fit
4,738,7,995,142.14,10.7,1.3482,209,160,127,21.12,184.5,0.7656,Best Fit
3,1809,5,722,144.4,123.29,0.3991,718,323,25,134.04,603.0,0.4499,Worst Fit
8,3238,11,2243,203.91,67.43,0.6927,513,296,92,84.19,404.75,0.577,First Fit
8,1298,12,1625,135.42,10.1,1.2519,206,148,119,27.57,162.25,0.7184,Best Fit
5,3418,11,1857,168.82,130.34,0.5433,927,370,33,194.6,683.6,0.3991,Worst Fit
3,1046,5,870,174.0,50.94,0.8317,468,252,95,136.88,348.67,0.5385,First Fit
5,1595,10,2846,284.6,10.42,1.7843,344,299,266,19.41,319.0,0.8692,Best Fit
5,3027,7,1200,171.43,135.12,0.3964,864,352,28,132.98,605.4,0.4074,Worst Fit
3,1494,11,1658,150.73,81.26,1.1098,642,274,55,121.86,498.0,0.4268,Best Fit
3,589,10,1522,152.2,9.64,2.584,218,174,139,22.69,196.33,0.7982,Best Fit
3,1701,6,1206,201.0,142.1,0.709,687,362,39,89.54,567.0,0.5269,Best Fit
8,2596,10,1666,166.6,64.59,0.6418,602,268,50,145.65,324.5,0.4452,First Fit
4,1353,11,3445,313.18,10.6,2.5462,379,329,301,24.26,338.25,0.8681,Best Fit
3,1630,6,1183,197.17,148.87,0.7258,619,389,29,89.26,543.33,0.6284,First Fit
8,3559,10,1786,178.6,90.89,0.5018,632,300,54,115.01,444.88,0.4747,Worst Fit
4,1033,5,1121,224.2,6.43,1.0852,291,236,217,27.27,258.25,0.811,Best Fit
6,4196,8,1568,196.0,144.11,0.3737,852,396,33,143.0,699.33,0.4648,Worst Fit
8,2589,7,966,138.0,49.26,0.3731,572,221,76,131.7,323.62,0.3864,First Fit
3,1060,12,3843,320.25,10.06,3.6255,384,332,303,21.82,353.33,0.8646,Best Fit
6,4511,9,1472,163.56,114.65,0.3263,992,339,57,212.96,751.83,0.3417,Worst Fit
4,1372,12,2029,169.08,71.78,1.4789,599,271,51,151.04,343.0,0.4524,Worst Fit
4,688,12,1942,161.83,10.71,2.8227,188,176,144,13.19,172.0,0.9362,Best Fit
6,4007,11,1867,169.73,140.17,0.4659,966,354,25,152.96,667.83,0.3665,Worst Fit
5,1717,9,1507,167.44,80.28,0.8777,611,294,70,149.67,343.4,0.4812,Best Fit
5,1319,8,1850,231.25,10.05,1.4026,304,250,218,22.35,263.8,0.8224,Best Fit
5,3385,8,1489,186.12,140.4,0.4399,868,391,28,133.34,677.0,0.4505,Worst Fit
3,848,9,1424,158.22,60.88,1.6792,377,267,82,88.64,282.67,0.7082,Worst Fit
7,2445,7,2064,294.86,7.49,0.8442,369,306,280,25.78,349.29,0.8293,Best Fit
5,3634,6,1025,170.83,141.5,0.2821,990,351,28,162.22,726.8,0.3545,Worst Fit
6,2510,12,2220,185.0,46.98,0.8845,615,284,120,125.02,418.33,0.4618,First Fit
4,948,7,1364,194.86,7.45,1.4388,251,205,180,13.84,237.0,0.8167,Best Fit
7,4953,4,749,187.25,136.71,0.1512,975,361,53,183.57,707.57,0.3703,Worst Fit
7,2878,5,728,145.6,65.32,0.253,639,239,69,152.89,411.14,0.374,First Fit
5,766,8,1026,128.25,12.09,1.3394,158,147,113,5.71,153.2,0.9304,Best Fit
8,5532,9,1691,187.89,144.84,0.3057,957,384,26,171.41,691.5,0.4013,Worst Fit
3,1348,12,1972,164.33,58.57,1.4629,598,229,61,178.05,449.33,0.3829,Best Fit
6,1126,11,1732,157.45,9.13,1.5382,221,172,140,21.79,187.67,0.7783,Best Fit
4,2529,6,1180,196.67,148.88,0.4666,827,388,28,171.53,632.25,0.4692,Worst Fit
3,1558,10,1878,187.8,59.99,1.2054,613,286,103,72.63,519.33,0.4666,Worst Fit
5,1716,7,2138,305.43,11.84,1.2459,366,323,290,17.08,343.2,0.8825,Best Fit
5,4156,10,1775,177.5,131.06,0.4271,985,370,39,126.42,831.2,0.3756,Worst Fit
4,2132,8,1636,204.5,63.33,0.7674,636,297,103,129.08,533.0,0.467,Best Fit
8,2508,8,2204,275.5,11.4,0.8788,345,293,260,23.19,313.5,0.8493,Best Fit
8,6587,8,1490,186.25,146.18,0.2262,987,354,40,196.19,823.38,0.3587,Worst Fit
3,1322,4,535,133.75,64.65,0.4047,545,235,55,143.33,440.67,0.4312,First Fit
6,1358,9,1710,190.0,10.17,1.2592,263,201,173,31.04,226.33,0.7643,Best Fit
6,3519,4,824,206.0,155.42,0.2342,735,385,36,100.73,586.5,0.5238,Worst Fit
6,3034,10,1568,156.8,64.22,0.5168,648,241,60,114.35,505.67,0.3719,First Fit
7,2701,8,2841,355.12,4.2,1.0518,429,362,349,22.67,385.86,0.8438,Best Fit
5,4218,10,1753,175.3,121.06,0.4156,997,362,27,129.17,843.6,0.3631,Worst Fit
7,3236,12,2227,185.58,70.06,0.6882,646,283,75,195.81,462.29,0.4381,Best Fit
3,1289,12,4800,400.0,10.11,3.7238,469,415,384,30.07,429.67,0.8849,Best Fit
5,3428,7,1147,163.86,136.84,0.3346,884,370,31,163.32,685.6,0.4186,Worst Fit
5,1429,12,2168,180.67,67.3,1.5171,415,294,75,99.48,285.8,0.7084,Worst Fit
8,1470,11,1679,152.64,9.57,1.1422,221,171,140,23.61,183.75,0.7738,Best Fit
8,5718,9,1543,171.44,132.1,0.2698,971,349,38,187.3,714.75,0.3594,Worst Fit
8,2945,5,826,165.2,81.06,0.2805,638,271,57,194.07,368.12,0.4248,Worst Fit
4,742,6,820,136.67,10.26,1.1051,207,155,125,20.01,185.5,0.7488,Best Fit
7,4919,10,1890,189.0,139.81,0.3842,866,375,33,114.97,702.71,0.433,Worst Fit
8,2471,10,1997,199.7,70.19,0.8082,388,283,67,58.34,308.88,0.7294,First Fit
7,2530,10,3286,328.6,10.08,1.2988,392,344,316,27.73,361.43,0.8776,Best Fit
8,6430,9,1489,165.44,130.02,0.2316,991,383,25,132.98,803.75,0.3865,Worst Fit
3,1161,4,531,132.75,56.38,0.4574,473,196,61,103.78,387.0,0.4144,First Fit
6,2474,12,4541,378.42,8.52,1.8355,448,395,365,28.18,412.33,0.8817,Best Fit
6,3876,9,1334,148.22,113.09,0.3442,902,300,32,179.65,646.0,0.3326,Worst Fit
6,2717,10,1904,190.4,77.86,0.7008,614,300,54,118.55,452.83,0.4886,Best Fit
6,1462,9,2043,227.0,11.18,1.3974,265,239,211,17.07,243.67,0.9019,Best Fit
4,2443,12,2253,187.75,143.25,0.9222,922,395,27,187.03,610.75,0.4284,Best Fit
4,1213,11,1800,163.64,71.29,1.4839,464,267,71,119.42,303.25,0.5754,Best Fit
7,1917,4,1015,253.75,2.86,0.5295,292,257,250,15.0,273.86,0.8801,First Fit
6,4002,12,2210,184.17,140.97,0.5522,908,368,25,164.41,667.0,0.4053,First Fit
7,2454,8,1383,172.88,53.47,0.5636,650,264,86,187.89,350.57,0.4062,First Fit
5,1798,7,2372,338.86,10.8,1.3192,384,358,327,17.69,359.6,0.9323,Best Fit
3,2533,4,794,198.5,141.19,0.3135,946,397,64,126.51,844.33,0.4197,Worst Fit
6,2336,7,1259,179.86,75.28,0.539,593,286,74,111.91,389.33,0.4823,First Fit
7,2173,12,3205,267.08,9.9,1.4749,338,282,254,25.05,310.43,0.8343,Best Fit
4,2763,10,1970,197.0,143.53,0.713,900,389,43,141.66,690.75,0.4322,Best Fit
3,757,4,587,146.75,46.77,0.7754,358,218,97,84.95,252.33,0.6089,Best Fit
6,1394,7,1341,191.57,10.08,0.962,255,205,174,16.1,232.33,0.8039,Best Fit
6,3921,12,2492,207.67,146.78,0.6356,872,400,35,113.86,653.5,0.4587,First Fit
7,2745,8,1298,162.25,69.68,0.4729,581,281,62,160.1,392.14,0.4836,First Fit
4,782,10,1784,178.4,9.25,2.2813,223,194,164,17.04,195.5,0.87,Best Fit
5,4020,12,2345,195.42,148.91,0.5833,864,385,35,46.21,804.0,0.4456,First Fit
6,1928,8,1541,192.62,77.13,0.7993,498,299,56,111.6,321.33,0.6004,Best Fit
8,3344,8,3028,378.5,9.5,0.9055,449,396,366,24.37,418.0,0.882,Best Fit
8,6050,10,1848,184.8,138.57,0.3055,936,348,27,136.67,756.25,0.3718,Worst Fit
8,2377,11,1883,171.18,63.08,0.7922,458,298,70,109.88,297.12,0.6507,First Fit
4,1362,6,1816,302.67,11.21,1.3333,360,319,291,17.1,340.5,0.8861,Best Fit
6,4737,5,854,170.8,141.92,0.1803,998,368,39,212.28,789.5,0.3687,Worst Fit
8,3263,12,2265,188.75,54.62,0.6941,640,299,111,140.23,407.88,0.4672,Best Fit
5,896,8,1139,142.38,11.08,1.2712,194,153,125,9.99,179.2,0.7887,Best Fit
6,4286,9,1545,171.67,134.97,0.3605,995,381,36,195.41,714.33,0.3829,Worst Fit
4,1690,10,1370,137.0,68.43,0.8107,594,291,62,172.52,422.5,0.4899,Best Fit
3,592,6,963,160.5,12.69,1.6267,209,180,147,8.5,197.33,0.8612,Best Fit
8,5314,11,1788,162.55,133.22,0.3365,943,396,34,182.92,664.25,0.4199,Worst Fit
8,3240,8,1613,201.62,78.09,0.4978,524,289,78,82.05,405.0,0.5515,First Fit
7,2680,8,2757,344.62,10.1,1.0287,418,361,330,24.56,382.86,0.8636,Best Fit
8,5167,5,667,133.4,110.9,0.1291,761,274,37,73.88,645.88,0.3601,Worst Fit
7,2903,4,492,123.0,88.12,0.1695,625,274,58,126.22,414.71,0.4384,Worst Fit
6,968,10,1290,129.0,8.82,1.3326,206,144,118,21.25,161.33,0.699,Best Fit
6,4629,5,740,148.0,121.91,0.1599,939,335,40,143.1,771.5,0.3568,Worst Fit
4,1436,5,920,184.0,35.74,0.6407,604,206,113,145.23,359.0,0.3411,First Fit
6,2036,12,3543,295.25,9.86,1.7402,365,313,282,17.44,339.33,0.8575,Best Fit
6,3797,9,1828,203.11,158.5,0.4814,810,394,43,140.39,632.83,0.4864,Worst Fit
3,1119,4,615,153.75,58.13,0.5496,554,248,91,154.73,373.0,0.4477,First Fit
3,928,8,2199,274.88,10.2,2.3696,348,296,262,30.66,309.33,0.8506,Best Fit
5,3690,12,2308,192.33,150.08,0.6255,954,393,26,159.05,738.0,0.4119,First Fit
3,1476,7,1712,244.57,55.13,1.1599,606,296,136,111.3,492.0,0.4884,Best Fit
3,476,11,1443,131.18,10.3,3.0315,196,147,119,27.4,158.67,0.75,Best Fit
6,4400,8,1526,190.75,141.31,0.3468,945,372,44,171.28,733.33,0.3937,Worst Fit
4,1535,4,839,209.75,36.72,0.5466,586,243,149,152.14,383.75,0.4147,First Fit
6,2136,4,1355,338.75,7.95,0.6344,413,347,327,27.43,356.0,0.8402,First Fit
5,3461,11,1948,177.09,145.91,0.5628,910,395,28,148.42,692.2,0.4341,First Fit
3,1159,5,750,150.0,73.16,0.6471,616,262,67,167.35,386.33,0.4253,First Fit
4,1170,12,3235,269.58,11.34,2.765,326,285,251,20.3,292.5,0.8742,Best Fit
4,3280,9,1565,173.89,128.39,0.4771,972,356,45,116.97,820.0,0.3663,Worst Fit
5,1941,12,2130,177.5,64.74,1.0974,497,283,63,101.86,388.2,0.5694,First Fit
3,512,8,1243,155.38,10.39,2.4277,180,177,145,7.04,170.67,0.9833,Best Fit
3,2552,5,790,158.0,131.03,0.3096,963,335,30,137.53,850.67,0.3479,Worst Fit
4,1400,4,567,141.75,64.46,0.405,639,236,57,178.31,350.0,0.3693,First Fit
4,1602,5,1913,382.6,11.81,1.1941,424,395,365,18.98,400.5,0.9316,First Fit
7,4657,5,923,184.6,151.78,0.1982,823,382,49,113.16,665.29,0.4642,Worst Fit
5,2112,12,2170,180.83,62.54,1.0275,589,280,83,117.16,422.4,0.4754,Worst Fit
3,1204,4,1510,377.5,8.65,1.2542,423,392,370,23.3,401.33,0.9267,Best Fit
5,3281,5,788,157.6,124.6,0.2402,882,312,35,156.66,656.2,0.3537,Worst Fit
5,1480,11,1963,178.45,78.69,1.3264,362,297,51,56.89,296.0,0.8204,First Fit
5,1195,7,1423,203.29,10.94,1.1908,257,223,188,10.81,239.0,0.8677,Best Fit
3,1618,9,1509,167.67,140.65,0.9326,721,368,30,130.7,539.33,0.5104,First Fit
5,1706,8,1362,170.25,74.71,0.7984,591,246,53,160.82,341.2,0.4162,Best Fit
8,1958,11,2370,215.45,9.16,1.2104,274,229,195,25.8,244.75,0.8358,Best Fit
8,5226,12,2426,202.17,150.78,0.4642,934,400,33,179.43,653.25,0.4283,Worst Fit
5,2273,5,685,137.0,56.53,0.3014,647,242,80,188.22,454.6,0.374,First Fit
5,1545,7,1872,267.43,11.94,1.2117,339,284,251,30.28,309.0,0.8378,Best Fit
3,2239,10,1922,192.2,145.83,0.8584,902,399,30,204.1,746.33,0.4424,First Fit
3,1455,10,1900,190.0,80.86,1.3058,632,291,60,117.27,485.0,0.4604,First Fit
4,1261,11,3182,289.27,7.14,2.5234,344,297,275,20.51,315.25,0.8634,Best Fit
4,2656,10,1701,170.1,138.86,0.6404,845,352,25,142.62,664.0,0.4166,First Fit
7,2338,11,1472,133.82,72.55,0.6296,453,254,52,81.62,334.0,0.5607,First Fit
5,1940,12,4338,361.5,12.22,2.2361,427,376,343,25.31,388.0,0.8806,Best Fit
6,4198,12,2312,192.67,144.92,0.5507,848,373,26,110.23,699.67,0.4399,First Fit
3,1083,4,608,152.0,44.13,0.5614,496,215,104,95.47,361.0,0.4335,First Fit
4,1409,8,2444,305.5,3.61,1.7346,370,310,300,11.03,352.25,0.8378,Best Fit
3,2371,7,1147,163.86,131.99,0.4838,844,383,25,38.9,790.33,0.4538,Worst Fit
7,2793,11,1892,172.0,54.73,0.6774,585,280,85,139.1,399.0,0.4786,Best Fit
4,1646,11,4022,365.64,7.77,2.4435,426,377,353,19.65,411.5,0.885,Best Fit
8,5548,5,792,158.4,136.94,0.1428,936,356,31,151.75,693.5,0.3803,Worst Fit
4,1661,4,692,173.0,89.1,0.4166,542,263,78,107.02,415.25,0.4852,Worst Fit
4,1737,5,1996,399.2,2.48,1.1491,450,403,396,20.69,434.25,0.8956,Best Fit
6,4056,6,1103,183.83,156.33,0.2719,996,373,26,241.1,676.0,0.3745,Worst Fit
6,2925,11,2314,210.36,68.93,0.7911,614,295,91,98.73,487.5,0.4805,Best Fit
6,1381,6,1224,204.0,7.85,0.8863,243,215,192,10.29,230.17,0.8848,Best Fit
3,2476,9,1584,176.0,139.34,0.6397,951,397,44,89.13,825.33,0.4175,First Fit
6,2451,12,2107,175.58,79.61,0.8596,646,283,55,194.82,408.5,0.4381,Best Fit
5,1771,8,2372,296.5,11.28,1.3394,369,311,281,12.16,354.2,0.8428,Best Fit
4,2537,12,2016,168.0,125.79,0.7946,898,338,29,233.32,634.25,0.3764,Best Fit
4,1866,10,1970,197.0,59.43,1.0557,571,282,98,81.6,466.5,0.4939,Best Fit
7,2286,5,1482,296.4,6.77,0.6483,348,305,288,13.68,326.57,0.8764,First Fit
7,5170,12,2360,196.67,147.02,0.4565,973,377,37,205.08,738.57,0.3875,Worst Fit
4,1036,10,1918,191.8,82.72,1.8514,348,300,62,70.4,259.0,0.8621,Best Fit
6,990,10,1393,139.3,7.89,1.4071,203,150,120,27.54,165.0,0.7389,First Fit
3,2257,11,1838,167.09,129.33,0.8144,830,366,36,92.72,752.33,0.441,Best Fit
4,1555,12,2423,201.92,60.86,1.5582,587,298,124,130.79,388.75,0.5077,Best Fit
4,1036,8,1661,207.62,9.78,1.6033,276,222,192,24.97,259.0,0.8043,Best Fit
5,2825,9,1561,173.44,154.04,0.5526,684,386,26,86.22,565.0,0.5643,First Fit
7,2765,7,1309,187.0,67.86,0.4734,599,289,60,156.79,395.0,0.4825,First Fit
3,796,5,1039,207.8,5.08,1.3053,289,216,202,16.98,265.33,0.7474,Best Fit
5,3239,12,2344,195.33,141.42,0.7237,952,376,30,205.62,647.8,0.395,Best Fit
8,3207,6,1302,217.0,46.54,0.406,609,294,157,106.2,400.88,0.4828,First Fit
7,2930,6,2314,385.67,11.93,0.7898,449,402,369,26.81,418.57,0.8953,Best Fit
7,4637,12,2256,188.0,145.65,0.4865,874,355,26,172.88,662.43,0.4062,Worst Fit
4,2319,12,2151,179.25,83.15,0.9276,595,294,62,18.57,579.75,0.4941,Best Fit
4,1235,12,3633,302.75,8.63,2.9417,318,318,290,7.85,308.75,1.0,Best Fit
6,4402,10,1866,186.6,145.48,0.4239,927,383,28,165.34,733.67,0.4132,Worst Fit
3,856,11,1840,167.27,75.77,2.1495,344,299,80,41.48,285.33,0.8692,Best Fit
7,1602,12,2569,214.08,10.13,1.6036,254,230,196,16.86,228.86,0.9055,Best Fit
8,6477,11,2020,183.64,154.67,0.3119,992,387,32,181.22,809.62,0.3901,Worst Fit
8,3050,9,1684,187.11,82.42,0.5521,633,292,53,163.52,381.25,0.4613,First Fit
4,1639,8,2937,367.12,8.52,1.7919,433,379,353,16.45,409.75,0.8753,Best Fit
3,2331,10,1760,176.0,130.39,0.755,978,387,33,142.56,777.0,0.3957,Best Fit
4,1287,12,2017,168.08,60.55,1.5672,487,277,76,121.23,321.75,0.5688,Best Fit
6,2284,5,1839,367.8,9.33,0.8052,394,380,352,11.31,380.67,0.9645,Best Fit
6,3753,9,1421,157.89,127.73,0.3786,731,354,29,105.03,625.5,0.4843,Worst Fit
8,3603,8,1375,171.88,80.02,0.3816,649,288,59,161.43,450.38,0.4438,Worst Fit
6,1354,7,1282,183.14,8.85,0.9468,253,202,172,22.82,225.67,0.7984,Best Fit
5,3415,10,1817,181.7,142.32,0.5321,967,373,28,232.88,683.0,0.3857,Worst Fit
7,2663,7,1217,173.86,57.5,0.457,643,290,102,165.95,380.43,0.451,First Fit
6,2127,11,3486,316.91,9.3,1.6389,383,327,298,24.62,354.5,0.8538,Best Fit
8,5484,5,826,165.2,134.0,0.1506,971,369,46,168.22,685.5,0.38,Worst Fit
7,3474,9,1669,185.44,60.78,0.4804,637,268,87,139.38,496.29,0.4207,First Fit
6,1249,9,1638,182.0,8.59,1.3114,239,194,168,19.22,208.17,0.8117,Best Fit
3,2277,11,1869,169.91,135.09,0.8208,958,377,26,217.11,759.0,0.3935,First Fit
3,1611,10,1707,170.7,85.21,1.0596,630,280,54,94.14,537.0,0.4444,First Fit
4,1616,9,3336,370.67,7.67,2.0644,441,385,361,22.42,404.0,0.873,Best Fit
6,3566,6,1147,191.17,140.53,0.3216,815,368,44,121.36,594.33,0.4515,Worst Fit
4,1684,12,2400,200.0,51.99,1.4252,600,272,104,108.99,421.0,0.4533,Worst Fit
7,1465,11,1872,170.18,9.09,1.2778,245,186,161,26.43,209.29,0.7592,Best Fit
8,5584,4,738,184.5,158.5,0.1322,995,389,28,192.04,698.0,0.391,Worst Fit
8,3043,6,1010,168.33,76.58,0.3319,529,271,58,114.6,380.38,0.5123,First Fit
4,856,7,1340,191.43,10.55,1.5654,248,206,177,21.4,214.0,0.8306,Best Fit
7,4964,4,770,192.5,151.42,0.1551,900,362,28,196.05,709.14,0.4022,Worst Fit
3,1285,11,1941,176.45,80.92,1.5105,568,300,55,114.72,428.33,0.5282,Best Fit
7,1817,10,2365,236.5,10.71,1.3016,294,251,221,20.97,259.57,0.8537,Best Fit
6,4631,4,773,193.25,155.86,0.1669,962,363,25,139.05,771.83,0.3773,Worst Fit
4,1364,6,770,128.33,81.07,0.5645,620,300,57,175.88,341.0,0.4839,First Fit
3,675,4,781,195.25,6.5,1.157,249,203,185,26.55,225.0,0.8153,Best Fit
4,2211,8,1453,181.62,127.44,0.6572,764,332,36,143.42,552.75,0.4346,Best Fit
4,1763,4,822,205.5,59.92,0.4663,557,300,140,68.74,440.75,0.5386,First Fit
6,1487,7,1443,206.14,12.03,0.9704,270,222,193,15.58,247.83,0.8222,Best Fit
8,5394,9,1451,161.22,117.34,0.269,891,345,36,145.28,674.25,0.3872,Worst Fit
4,1765,6,1035,172.5,60.71,0.5864,632,263,113,157.91,441.25,0.4161,First Fit
3,1216,5,1893,378.6,8.62,1.5567,436,390,368,24.51,405.33,0.8945,Best Fit
6,4767,7,1237,176.71,137.95,0.2595,991,370,44,175.63,794.5,0.3734,Worst Fit
3,934,5,798,159.6,76.25,0.8544,502,295,75,143.45,311.33,0.5876,Best Fit
3,501,7,885,126.43,12.77,1.7665,201,146,113,26.62,167.0,0.7264,Best Fit
6,4228,12,2285,190.42,154.97,0.5404,943,388,30,181.78,704.67,0.4115,Worst Fit
5,1669,4,592,148.0,50.75,0.3547,539,209,68,135.02,333.8,0.3878,First Fit
3,719,9,1841,204.56,9.67,2.5605,248,217,185,9.1,239.67,0.875,Best Fit
5,3537,9,1386,154.0,117.17,0.3919,921,316,33,192.75,707.4,0.3431,Worst Fit
8,3750,12,2042,170.17,52.13,0.5445,647,267,98,169.36,468.75,0.4127,First Fit
6,2119,5,1568,313.6,8.01,0.74,384,328,306,20.92,353.17,0.8542,Best Fit
3,2376,5,880,176.0,169.46,0.3704,977,390,27,136.92,792.0,0.3992,Worst Fit
7,2751,5,781,156.2,79.38,0.2839,590,286,75,116.5,393.0,0.4847,First Fit
8,1501,10,1472,147.2,12.77,0.9807,213,159,125,20.24,187.62,0.7465,First Fit
5,4007,4,726,181.5,138.95,0.1812,983,372,31,122.86,801.4,0.3784,Worst Fit
6,3149,10,1311,131.1,61.3,0.4163,650,259,63,94.84,524.83,0.3985,First Fit
8,2491,7,1935,276.43,11.45,0.7768,344,290,255,24.95,311.38,0.843,Best Fit
6,4129,11,1951,177.36,136.78,0.4725,964,368,40,159.79,688.17,0.3817,Worst Fit
7,2576,4,842,210.5,72.77,0.3269,536,296,126,117.65,368.0,0.5522,First Fit
8,2969,6,2032,338.67,9.79,0.6844,401,348,318,23.18,371.12,0.8678,Best Fit
5,3404,4,801,200.25,165.67,0.2353,944,398,26,165.02,680.8,0.4216,Worst Fit
6,2039,6,792,132.0,61.19,0.3884,462,212,51,89.8,339.83,0.4589,First Fit
6,1497,5,1075,215.0,9.25,0.7181,268,226,198,22.35,249.5,0.8433,Best Fit
7,5345,10,1970,197.0,148.06,0.3686,965,392,35,193.65,763.57,0.4062,Worst Fit
5,1845,8,1621,202.62,76.73,0.8786,464,300,87,109.24,369.0,0.6466,First Fit
6,2674,7,2772,396.0,5.35,1.0366,468,405,390,18.9,445.67,0.8654,Best Fit
5,3377,9,1635,181.67,147.41,0.4842,998,378,25,194.1,675.4,0.3788,Worst Fit
7,2940,8,1277,159.62,86.26,0.4344,586,296,54,137.12,420.0,0.5051,Worst Fit
4,751,5,660,132.0,6.54,0.8788,196,142,122,8.26,187.75,0.7245,Best Fit
3,2154,10,1877,187.7,144.62,0.8714,876,386,25,162.78,718.0,0.4406,First Fit
3,1057,8,1406,175.75,60.82,1.3302,442,299,96,107.62,352.33,0.6765,Best Fit
8,2700,11,3207,291.55,11.19,1.1878,363,309,275,21.23,337.5,0.8512,Best Fit
5,3229,12,2047,170.58,120.02,0.6339,966,328,43,214.4,645.8,0.3395,First Fit
7,2010,5,606,121.2,48.71,0.3015,435,207,70,72.24,287.14,0.4759,First Fit
7,1560,11,2227,202.45,7.84,1.4276,248,216,194,22.57,222.86,0.871,Best Fit
8,5929,7,1228,175.43,139.59,0.2071,955,390,42,121.35,741.12,0.4084,Worst Fit
5,2031,5,738,147.6,26.71,0.3634,641,169,101,151.84,406.2,0.2637,First Fit
6,2247,10,3415,341.5,7.49,1.5198,403,357,331,22.57,374.5,0.8859,Best Fit
7,4795,5,685,137.0,118.77,0.1429,952,299,31,142.76,685.0,0.3141,Worst Fit
5,1890,12,2206,183.83,53.44,1.1672,559,289,92,168.44,378.0,0.517,First Fit
6,1198,11,1800,163.64,8.34,1.5025,229,177,152,24.9,199.67,0.7729,Best Fit
6,3559,5,901,180.2,156.79,0.2532,981,381,45,190.96,593.17,0.3884,Worst Fit
4,1257,12,2527,210.58,41.92,2.0103,397,272,119,57.54,314.25,0.6851,First Fit
6,1403,5,1066,213.2,6.08,0.7598,270,221,203,17.25,233.83,0.8185,Best Fit
3,2226,6,1070,178.33,148.18,0.4807,845,395,32,122.41,742.0,0.4675,Worst Fit
5,1900,11,1861,169.18,69.75,0.9795,527,259,56,127.26,380.0,0.4915,First Fit
6,2214,4,1276,319.0,4.42,0.5763,389,324,312,15.98,369.0,0.8329,First Fit
3,2305,8,1457,182.12,143.26,0.6321,891,354,33,93.57,768.33,0.3973,First Fit
5,2147,6,862,143.67,75.97,0.4015,633,274,71,177.56,429.4,0.4329,First Fit
7,2033,11,2929,266.27,12.17,1.4407,338,283,250,23.48,290.43,0.8373,Best Fit
7,4024,9,1620,180.0,155.13,0.4026,903,386,28,205.45,574.86,0.4275,Worst Fit
4,1772,9,1361,151.22,75.19,0.7681,532,290,78,59.86,443.0,0.5451,Best Fit
5,1073,10,1779,177.9,10.57,1.658,253,195,166,23.7,214.6,0.7708,Best Fit
7,5008,6,1206,201.0,156.08,0.2408,967,392,34,224.55,715.43,0.4054,Worst Fit
4,1364,9,1958,217.56,71.27,1.4355,492,297,65,121.11,341.0,0.6037,Best Fit
4,1347,5,1538,307.6,9.62,1.1418,363,325,299,18.17,336.75,0.8953,Best Fit
3,2497,4,762,190.5,151.96,0.3052,951,396,41,148.46,832.33,0.4164,Worst Fit
4,1358,6,1137,189.5,59.1,0.8373,455,271,115,105.74,339.5,0.5956,First Fit
5,1883,9,3145,349.44,10.51,1.6702,401,364,333,15.56,376.6,0.9077,Best Fit
5,2993,10,1725,172.5,118.89,0.5763,839,305,28,154.17,598.6,0.3635,First Fit
8,3672,9,1447,160.78,74.88,0.3941,639,265,54,158.84,459.0,0.4147,First Fit
6,1715,7,1826,260.86,10.79,1.0647,313,277,244,17.48,285.83,0.885,Best Fit
6,4243,6,962,160.33,103.52,0.2267,916,274,53,148.93,707.17,0.2991,Worst Fit
3,1567,7,1090,155.71,76.39,0.6956,576,273,57,39.09,522.33,0.474,Best Fit
4,1010,7,1616,230.86,10.74,1.6,279,246,217,19.68,252.5,0.8817,Best Fit
5,3803,5,785,157.0,121.4,0.2064,984,312,53,121.15,760.6,0.3171,Worst Fit
6,1892,12,2497,208.08,52.34,1.3198,521,291,78,130.91,315.33,0.5585,First Fit
3,1132,11,3698,336.18,7.2,3.2668,393,349,323,20.07,377.33,0.888,Best Fit
6,3593,7,1202,171.71,147.94,0.3345,821,393,27,129.05,598.83,0.4787,Worst Fit
7,2596,6,1051,175.17,74.82,0.4049,509,297,78,99.16,370.86,0.5835,First Fit
4,1776,4,1715,428.75,8.07,0.9657,459,439,419,14.61,444.0,0.9564,First Fit
3,2087,4,712,178.0,142.78,0.3412,868,350,30,137.69,695.67,0.4032,Worst Fit
7,2797,6,809,134.83,76.1,0.2892,579,267,50,130.35,399.57,0.4611,First Fit
7,2095,10,2657,265.7,10.18,1.2683,322,280,250,15.73,299.29,0.8696,Best Fit
4,2698,12,2335,194.58,139.77,0.8655,841,392,38,162.1,674.5,0.4661,First Fit
7,2487,5,782,156.4,57.19,0.3144,555,226,75,120.68,355.29,0.4072,First Fit
3,765,7,1458,208.29,9.13,1.9059,264,222,197,6.48,255.0,0.8409,Best Fit
4,2358,5,793,158.6,145.78,0.3363,711,388,31,119.33,589.5,0.5457,Worst Fit
4,1908,10,2229,222.9,42.43,1.1682,631,275,138,159.39,477.0,0.4358,First Fit
4,1756,7,2737,391.0,8.64,1.5587,461,405,380,25.39,439.0,0.8785,Best Fit
3,2225,12,2184,182.0,141.34,0.9816,851,362,25,78.85,741.67,0.4254,Best Fit
8,2786,6,1179,196.5,91.23,0.4232,526,300,68,108.94,348.25,0.5703,Worst Fit
8,2069,4,938,234.5,4.39,0.4534,296,242,231,22.24,258.62,0.8176,First Fit
8,4620,9,1580,175.56,148.09,0.342,811,391,28,146.36,577.5,0.4821,Worst Fit
5,2074,5,678,135.6,59.05,0.3269,587,244,71,133.14,414.8,0.4157,First Fit
8,3453,9,3526,391.78,9.57,1.0211,462,403,375,25.49,431.62,0.8723,First Fit
3,2021,11,2070,188.18,160.67,1.0242,789,398,25,156.79,673.67,0.5044,Best Fit
5,1779,12,2144,178.67,63.63,1.2052,529,275,55,135.8,355.8,0.5198,Best Fit
4,1053,7,1712,244.57,11.26,1.6258,274,258,228,6.57,263.25,0.9416,Best Fit
5,4067,12,2148,179.0,134.44,0.5282,974,363,25,134.05,813.4,0.3727,Worst Fit
4,1737,5,714,142.8,53.46,0.4111,527,240,85,104.66,434.25,0.4554,First Fit
3,981,11,3324,302.18,7.37,3.3884,336,313,291,10.68,327.0,0.9315,Best Fit
5,3935,4,785,196.25,154.2,0.1995,964,352,26,132.28,787.0,0.3651,Worst Fit
8,3457,5,1146,229.2,49.2,0.3315,565,298,175,100.39,432.12,0.5274,First Fit
6,1355,4,811,202.75,11.69,0.5985,253,216,186,17.83,225.83,0.8538,First Fit
6,3729,7,1047,149.57,122.92,0.2808,963,304,26,187.53,621.5,0.3157,Worst Fit
6,2641,9,1226,136.22,79.81,0.4642,600,280,51,156.61,440.17,0.4667,First Fit
3,569,7,951,135.86,9.19,1.6714,205,150,123,10.87,189.67,0.7317,Best Fit
7,5732,10,1872,187.2,140.67,0.3266,995,355,27,127.63,818.86,0.3568,Worst Fit
6,2189,8,1812,226.5,54.99,0.8278,610,288,136,155.62,364.83,0.4721,Best Fit
5,1920,12,4148,345.67,6.99,2.1604,407,358,336,20.77,384.0,0.8796,Best Fit
5,4239,9,1543,171.44,142.03,0.364,887,369,25,42.98,847.8,0.416,Worst Fit
8,3403,6,1232,205.33,68.98,0.362,608,279,107,147.98,425.38,0.4589,First Fit
4,636,8,1158,144.75,6.61,1.8208,171,153,133,10.17,159.0,0.8947,Best Fit
6,4240,5,725,145.0,111.75,0.171,944,294,42,127.03,706.67,0.3114,Worst Fit
4,1742,12,1917,159.75,77.05,1.1005,540,289,54,116.36,435.5,0.5352,First Fit
8,1562,10,1438,143.8,9.81,0.9206,216,158,130,15.24,195.25,0.7315,Best Fit
4,3062,12,1980,165.0,115.45,0.6466,951,321,28,194.17,765.5,0.3375,First Fit
4,1411,8,1268,158.5,38.97,0.8987,500,217,114,123.42,352.75,0.434,Best Fit
6,1851,4,1139,284.75,7.29,0.6153,332,293,277,18.76,308.5,0.8825,First Fit
7,5024,12,2155,179.58,130.84,0.4289,940,353,35,147.69,717.71,0.3755,Worst Fit
6,2722,5,1132,226.4,56.14,0.4159,641,296,141,116.96,453.67,0.4618,First Fit
7,1724,9,1900,211.11,8.03,1.1021,277,230,202,19.36,246.29,0.8303,Best Fit
8,6344,7,1138,162.57,134.56,0.1794,937,384,40,125.4,793.0,0.4098,Worst Fit
6,1897,4,878,219.5,48.87,0.4628,503,300,168,124.27,316.17,0.5964,First Fit
3,575,4,584,146.0,6.56,1.0157,213,157,141,16.78,191.67,0.7371,Best Fit
4,2376,4,822,205.5,138.73,0.346,706,354,62,85.98,594.0,0.5014,Worst Fit
5,2426,6,1343,223.83,68.34,0.5536,623,300,114,114.73,485.2,0.4815,First Fit
8,3617,9,3744,416.0,12.69,1.0351,488,433,402,26.38,452.12,0.8873,First Fit
3,2100,8,1545,193.12,145.13,0.7357,919,391,29,209.33,700.0,0.4255,Best Fit
5,2130,9,1486,165.11,81.0,0.6977,522,288,66,100.04,426.0,0.5517,First Fit
8,1897,7,1378,196.86,11.1,0.7264,255,214,183,19.8,237.12,0.8392,Best Fit
6,4235,9,1574,174.89,142.4,0.3717,979,376,38,213.7,705.83,0.3841,Worst Fit
5,1528,4,815,203.75,94.59,0.5334,574,300,85,154.65,305.6,0.5226,Worst Fit
7,1793,7,1484,212.0,8.42,0.8277,282,228,203,22.6,256.14,0.8085,Best Fit
7,5418,6,1157,192.83,136.76,0.2135,982,390,54,137.43,774.0,0.3971,Worst Fit
5,2218,6,1110,185.0,57.22,0.5005,559,237,76,88.08,443.6,0.424,First Fit
3,805,9,2245,249.44,9.98,2.7888,307,264,240,27.54,268.33,0.8599,Best Fit
8,5512,5,860,172.0,163.94,0.156,881,391,29,137.47,689.0,0.4438,Worst Fit
6,2451,6,935,155.83,62.21,0.3815,546,279,90,101.24,408.5,0.511,First Fit
8,1267,5,593,118.6,3.61,0.468,180,124,113,18.57,158.38,0.6889,First Fit
3,2663,4,722,180.5,126.86,0.2711,924,314,35,25.72,887.67,0.3398,Worst Fit
4,1852,12,1873,156.08,81.75,1.0113,562,288,51,85.24,463.0,0.5125,Best Fit
5,1365,9,2386,265.11,13.19,1.748,281,284,250,5.22,273.0,1.0107,Best Fit
7,5541,9,1636,181.78,140.88,0.2953,969,397,53,191.15,791.57,0.4097,Worst Fit
6,2671,6,1181,196.83,52.71,0.4422,630,258,92,147.63,445.17,0.4095,First Fit
7,2832,11,3977,361.55,8.77,1.4043,429,376,347,27.44,404.57,0.8765,Best Fit
3,2364,9,1525,169.44,131.32,0.6451,932,361,38,109.11,788.0,0.3873,First Fit
4,1987,4,796,199.0,19.86,0.4006,650,216,166,175.97,496.75,0.3323,First Fit
7,1275,9,1375,152.78,10.23,1.0784,219,172,137,23.49,182.14,0.7854,Best Fit
4,2409,7,968,138.29,125.04,0.4018,756,304,29,140.93,602.25,0.4021,Worst Fit
8,2726,9,1149,127.67,65.01,0.4215,640,245,60,178.59,340.75,0.3828,First Fit
3,953,4,1121,280.25,3.96,1.1763,326,285,274,7.93,317.67,0.8742,Best Fit
6,3362,5,922,184.4,157.57,0.2742,738,392,28,114.66,560.33,0.5312,Worst Fit
4,1251,7,1509,215.57,55.12,1.2062,439,282,145,79.28,312.75,0.6424,First Fit
8,1777,7,1395,199.29,7.3,0.785,245,210,188,19.03,222.12,0.8571,Best Fit
3,2046,9,1448,160.89,139.57,0.7077,836,366,27,198.32,682.0,0.4378,Best Fit
4,2130,11,1995,181.36,77.59,0.9366,570,279,55,38.16,532.5,0.4895,First Fit
5,1203,8,1838,229.75,6.74,1.5278,271,240,218,19.14,240.6,0.8856,First Fit
5,3851,11,1962,178.36,136.79,0.5095,862,376,25,102.81,770.2,0.4362,Worst Fit
4,1658,7,1217,173.86,87.73,0.734,581,299,63,135.64,414.5,0.5146,Best Fit
6,2297,6,2104,350.67,9.71,0.916,407,371,342,14.55,382.83,0.9115,Best Fit
6,3969,5,865,173.0,136.63,0.2179,972,356,46,159.67,661.5,0.3663,Worst Fit
5,1515,5,844,168.8,34.27,0.5571,598,203,106,162.28,303.0,0.3395,First Fit
5,2097,4,1574,393.5,5.72,0.7506,445,400,386,20.96,419.4,0.8989,Best Fit
8,5448,4,735,183.75,142.15,0.1349,972,366,41,199.16,681.0,0.3765,Worst Fit
6,2242,12,1986,165.5,65.64,0.8858,541,271,67,108.64,373.67,0.5009,First Fit
6,2527,7,2828,404.0,6.19,1.1191,453,415,395,21.81,421.17,0.9161,Best Fit
7,4790,12,1969,164.08,126.24,0.4111,952,331,31,195.74,684.29,0.3477,Worst Fit
6,2322,5,893,178.6,52.13,0.3846,615,276,130,146.09,387.0,0.4488,First Fit
4,1349,7,2158,308.29,13.09,1.5997,353,319,285,24.44,337.25,0.9037,First Fit
3,2677,6,1163,193.83,158.44,0.4344,965,393,29,75.65,892.33,0.4073,Worst Fit
6,2752,11,1923,174.82,65.0,0.6988,623,278,59,99.3,458.67,0.4462,Best Fit
7,2304,6,1777,296.17,7.56,0.7713,366,305,281,23.39,329.14,0.8333,Best Fit
4,2405,10,1835,183.5,143.25,0.763,905,349,25,186.49,601.25,0.3856,Best Fit
5,1865,11,2010,182.73,63.18,1.0777,581,296,70,170.61,373.0,0.5095,Best Fit
3,1248,5,1953,390.6,4.5,1.5649,440,395,382,29.8,416.0,0.8977,Best Fit
5,3662,6,1234,205.67,158.25,0.337,923,392,31,160.17,732.4,0.4247,Worst Fit
3,1711,10,2028,202.8,79.8,1.1853,630,300,60,43.82,570.33,0.4762,Best Fit
5,1246,4,899,224.75,7.53,0.7215,270,234,213,14.66,249.2,0.8667,Best Fit
4,2311,6,1127,187.83,143.23,0.4877,881,394,36,179.37,577.75,0.4472,Worst Fit
8,2781,4,379,94.75,16.95,0.1363,605,115,73,143.24,347.62,0.1901,First Fit
7,1389,7,1220,174.29,10.74,0.8783,230,187,160,15.54,198.43,0.813,First Fit
6,3725,7,1203,171.86,141.06,0.323,944,372,31,168.49,620.83,0.3941,Worst Fit
6,2603,12,1905,158.75,73.04,0.7318,613,267,52,106.53,433.83,0.4356,Best Fit
7,2984,9,3553,394.78,11.12,1.1907,448,410,377,14.7,426.29,0.9152,Best Fit
3,2033,10,1987,198.7,143.36,0.9774,955,386,32,222.99,677.67,0.4042,Best Fit
5,2491,5,529,105.8,29.92,0.2124,640,144,64,100.05,498.2,0.225,First Fit
3,909,12,3298,274.83,9.66,3.6282,334,288,256,27.58,303.0,0.8623,Best Fit
8,4848,10,1974,197.4,149.37,0.4072,993,398,35,166.05,606.0,0.4008,Worst Fit
5,2600,11,1894,172.18,62.93,0.7285,608,292,52,77.45,520.0,0.4803,Best Fit
7,1241,4,575,143.75,7.89,0.4633,212,156,134,26.21,177.29,0.7358,First Fit
3,1986,11,1985,180.45,154.75,0.9995,948,400,25,210.83,662.0,0.4219,Best Fit
3,1140,12,2163,180.25,80.59,1.8974,498,276,53,151.59,380.0,0.5542,Best Fit
8,1441,5,775,155.0,6.13,0.5378,221,163,150,23.42,180.12,0.7376,First Fit
4,2861,12,2278,189.83,143.71,0.7962,958,394,32,177.11,715.25,0.4113,Best Fit
8,3334,5,833,166.6,83.01,0.2499,615,266,53,122.94,416.75,0.4325,Worst Fit
8,1675,11,1761,160.09,9.8,1.0513,233,175,146,20.84,209.38,0.7511,Best Fit
6,3810,7,1228,175.43,145.02,0.3223,960,383,29,180.14,635.0,0.399,Worst Fit
8,3277,10,1627,162.7,69.37,0.4965,603,295,59,125.6,409.62,0.4892,First Fit
3,1156,8,2793,349.12,12.26,2.4161,394,362,332,6.6,385.33,0.9188,Best Fit
6,4509,12,2665,222.08,158.52,0.591,906,389,41,165.12,751.5,0.4294,First Fit
3,1255,7,1134,162.0,68.14,0.9036,546,274,54,151.17,418.33,0.5018,Best Fit
5,1881,9,3078,342.0,11.31,1.6364,401,354,320,19.01,376.2,0.8828,Best Fit
8,5625,7,1123,160.43,130.94,0.1996,967,355,32,196.34,703.12,0.3671,Worst Fit
7,3432,12,2253,187.75,70.05,0.6565,592,274,56,95.88,490.29,0.4628,Best Fit
8,1269,11,1511,137.36,9.45,1.1907,194,152,123,21.56,158.62,0.7835,Best Fit
5,3206,7,1233,176.14,140.33,0.3846,985,349,43,208.36,641.2,0.3543,Worst Fit
7,3173,5,1067,213.4,45.2,0.3363,620,270,141,103.27,453.29,0.4355,First Fit
8,2096,6,1352,225.33,6.1,0.645,286,232,215,15.65,262.0,0.8112,First Fit
4,3373,7,1291,184.43,144.84,0.3827,962,386,50,168.68,843.25,0.4012,Worst Fit
4,2015,11,1823,165.73,73.48,0.9047,615,300,67,91.5,503.75,0.4878,Best Fit
8,2698,4,1220,305.0,7.68,0.4522,372,314,294,23.97,337.25,0.8441,First Fit
4,3415,11,2219,201.73,149.31,0.6498,916,392,54,36.11,853.75,0.4279,First Fit
4,1207,8,1561,195.12,71.25,1.2933,489,296,63,124.72,301.75,0.6053,Best Fit
5,1001,5,909,181.8,4.45,0.9081,215,189,178,12.64,200.2,0.8791,Best Fit
8,6479,9,1522,169.11,139.35,0.2349,956,386,32,137.37,809.88,0.4038,Worst Fit
6,2209,9,1648,183.11,69.31,0.746,555,282,57,120.15,368.17,0.5081,Best Fit
6,1168,8,1410,176.25,10.46,1.2072,244,187,161,24.19,194.67,0.7664,Best Fit
4,2924,10,2163,216.3,161.09,0.7397,944,400,43,166.7,731.0,0.4237,Best Fit
6,2595,4,770,192.5,76.31,0.2967,539,283,81,136.09,432.5,0.525,First Fit
7,1500,5,1005,201.0,11.95,0.67,241,215,183,19.71,214.29,0.8921,Best Fit
8,5863,4,743,185.75,127.59,0.1267,902,341,52,171.12,732.88,0.378,Worst Fit
5,2222,12,1903,158.58,70.56,0.8564,540,294,52,88.46,444.4,0.5444,First Fit
8,3138,6,2131,355.17,9.37,0.6791,423,370,341,24.86,392.25,0.8747,Best Fit
4,2258,6,1213,202.17,144.22,0.5372,706,381,42,107.89,564.5,0.5397,Worst Fit
7,2755,11,1996,181.45,78.17,0.7245,567,299,51,130.94,393.57,0.5273,Best Fit
3,1330,7,2862,408.86,10.25,2.1519,459,426,397,16.82,443.33,0.9281,Best Fit
7,4459,6,1161,193.5,147.63,0.2604,879,365,42,141.79,637.0,0.4152,Worst Fit
3,1297,12,1850,154.17,68.5,1.4264,591,276,55,150.58,432.33,0.467,Worst Fit
7,1795,5,1116,223.2,8.93,0.6217,289,235,209,21.93,256.43,0.8131,First Fit
7,5149,5,769,153.8,110.41,0.1493,916,308,46,118.9,735.57,0.3362,Worst Fit
4,1350,4,433,108.25,39.26,0.3207,554,166,66,127.58,337.5,0.2996,First Fit
4,1832,5,2080,416.0,9.96,1.1354,487,427,403,18.93,458.0,0.8768,Best Fit
3,2287,4,828,207.0,152.39,0.362,930,395,55,214.21,762.33,0.4247,Worst Fit
6,2289,6,721,120.17,46.76,0.315,624,178,54,173.38,381.5,0.2853,First Fit
6,2725,11,4560,414.55,6.57,1.6734,478,426,403,24.64,454.17,0.8912,Best Fit
4,2992,11,1988,180.73,149.54,0.6644,979,390,28,213.04,748.0,0.3984,Best Fit
4,1169,4,717,179.25,59.26,0.6133,389,266,116,73.48,292.25,0.6838,First Fit
8,3456,7,2801,400.14,7.41,0.8105,463,410,388,22.44,432.0,0.8855,Best Fit
8,4659,11,1825,165.91,129.7,0.3917,789,367,36,97.02,582.38,0.4651,Worst Fit
6,2410,5,945,189.0,65.81,0.3921,595,255,71,108.98,401.67,0.4286,First Fit
6,2395,9,3420,380.0,9.51,1.428,420,391,361,15.88,399.17,0.931,Best Fit
4,2857,11,1770,160.91,121.89,0.6195,809,347,25,114.86,714.25,0.4289,First Fit
8,2582,12,2363,196.92,61.85,0.9152,562,289,90,143.61,322.75,0.5142,First Fit
4,738,10,1384,138.4,12.43,1.8753,203,158,123,16.89,184.5,0.7783,Best Fit
4,2765,12,2202,183.5,134.53,0.7964,989,380,42,183.95,691.25,0.3842,First Fit
7,3451,6,1107,184.5,74.46,0.3208,613,277,80,111.66,493.0,0.4519,First Fit
3,548,5,642,128.4,12.53,1.1715,199,149,118,20.34,182.67,0.7487,Best Fit
7,4560,12,2312,192.67,143.42,0.507,791,397,45,109.5,651.43,0.5019,Worst Fit
8,2650,4,787,196.75,65.31,0.297,482,288,110,109.05,331.25,0.5975,First Fit
6,2495,7,2653,379.0,7.67,1.0633,449,389,369,19.06,415.83,0.8664,Best Fit
7,4474,4,814,203.5,146.66,0.1819,822,375,57,138.37,639.14,0.4562,Worst Fit
8,3058,7,1423,203.29,72.86,0.4653,532,287,78,134.95,382.25,0.5395,First Fit
4,1456,9,2759,306.56,12.18,1.8949,381,324,291,11.0,364.0,0.8504,Best Fit
3,1537,4,779,194.75,142.05,0.5068,627,393,57,89.36,512.33,0.6268,Worst Fit
5,1521,12,2405,200.42,62.25,1.5812,540,281,113,128.32,304.2,0.5204,Worst Fit
6,1190,9,1491,165.67,7.76,1.2529,217,175,155,12.23,198.33,0.8065,Best Fit
4,3271,9,1626,180.67,164.41,0.4971,968,386,25,214.3,817.75,0.3988,Worst Fit
6,2026,9,1544,171.56,51.51,0.7621,457,269,102,92.21,337.67,0.5886,First Fit
3,840,4,995,248.75,6.46,1.1845,314,258,240,27.36,280.0,0.8217,Best Fit
4,2315,11,1915,174.09,133.37,0.8272,731,350,38,123.32,578.75,0.4788,Best Fit
6,2278,7,1313,187.57,70.13,0.5764,565,280,71,142.97,379.67,0.4956,First Fit
4,945,5,938,187.6,7.99,0.9926,254,203,181,15.82,236.25,0.7992,Best Fit
5,3687,9,1519,168.78,139.38,0.412,966,346,34,151.83,737.4,0.3582,Worst Fit
5,1821,6,784,130.67,46.85,0.4305,503,222,82,97.76,364.2,0.4414,First Fit
6,2558,12,4733,394.42,10.8,1.8503,460,414,379,22.43,426.33,0.9,Best Fit
7,4706,11,1667,151.55,114.36,0.3542,983,342,31,188.66,672.29,0.3479,Worst Fit
3,1033,12,1425,118.75,39.82,1.3795,432,220,68,91.54,344.33,0.5093,Best Fit
4,1216,9,2312,256.89,8.43,1.9013,327,275,247,18.21,304.0,0.841,Best Fit
7,4132,9,1774,197.11,165.35,0.4293,695,398,29,81.38,590.29,0.5727,Worst Fit
6,2235,12,2522,210.17,68.68,1.1284,621,299,92,147.24,372.5,0.4815,Best Fit
4,1241,4,1140,285.0,10.37,0.9186,347,296,269,23.66,310.25,0.853,Best Fit
6,4212,6,1077,179.5,144.15,0.2557,984,362,26,197.39,702.0,0.3679,Worst Fit
6,2708,9,1830,203.33,78.38,0.6758,623,297,62,129.58,451.33,0.4767,Best Fit
6,1876,6,1742,290.33,7.67,0.9286,350,298,275,20.49,312.67,0.8514,First Fit
3,2191,12,2286,190.5,139.65,1.0434,961,385,36,187.8,730.33,0.4006,Best Fit
8,2399,7,1237,176.71,54.37,0.5156,566,274,121,153.87,299.88,0.4841,First Fit
5,2038,12,4405,367.08,9.32,2.1614,425,387,356,14.8,407.6,0.9106,Best Fit
6,3887,4,895,223.75,163.28,0.2303,865,391,59,177.01,647.83,0.452,Worst Fit
6,1984,4,681,170.25,89.73,0.3432,590,281,65,156.04,330.67,0.4763,Worst Fit
3,896,11,2887,262.45,8.5,3.2221,328,274,246,30.27,298.67,0.8354,Best Fit
3,1918,5,922,184.4,155.43,0.4807,711,382,48,63.32,639.33,0.5373,Worst Fit
8,3378,9,1578,175.33,70.99,0.4671,590,290,64,155.27,422.25,0.4915,First Fit
5,2142,11,4443,403.91,10.23,2.0742,459,417,387,25.6,428.4,0.9085,Best Fit
5,3515,9,1732,192.44,159.39,0.4927,935,384,31,164.78,703.0,0.4107,Worst Fit
5,2267,10,1671,167.1,77.11,0.7371,643,256,63,162.89,453.4,0.3981,Best Fit
3,965,11,3182,289.27,10.9,3.2974,328,310,277,4.92,321.67,0.9451,Best Fit
7,4690,4,812,203.0,166.99,0.1731,922,387,32,195.3,670.0,0.4197,Worst Fit
6,2657,10,1530,153.0,72.64,0.5758,646,268,65,194.86,442.83,0.4149,First Fit
7,1763,7,1482,211.71,3.77,0.8406,281,217,204,21.32,251.86,0.7722,Best Fit
7,4095,6,1204,200.67,150.13,0.294,878,400,32,157.21,585.0,0.4556,Worst Fit
6,2356,9,1449,161.0,66.77,0.615,627,292,75,165.34,392.67,0.4657,First Fit
3,1295,10,4115,411.5,10.61,3.1776,438,428,394,5.79,431.67,0.9772,Best Fit
7,5476,8,1462,182.75,139.1,0.267,936,391,35,145.42,782.29,0.4177,Worst Fit
4,1543,7,1029,147.0,44.14,0.6669,513,196,72,135.88,385.75,0.3821,Best Fit
7,3142,8,3371,421.38,8.38,1.0729,471,431,406,16.92,448.86,0.9151,Best Fit
8,5728,6,1268,211.33,149.83,0.2214,981,367,51,175.77,716.0,0.3741,Worst Fit
3,1523,12,1868,155.67,92.34,1.2265,633,293,51,92.87,507.67,0.4629,Best Fit
6,1295,5,902,180.4,9.5,0.6965,250,196,168,22.67,215.83,0.784,Best Fit
3,1797,12,2238,186.5,141.64,1.2454,783,373,30,133.76,599.0,0.4764,Best Fit
8,3196,11,1856,168.73,80.75,0.5807,635,286,57,161.63,399.5,0.4504,First Fit
4,950,11,2104,191.27,10.36,2.2147,261,207,174,30.34,237.5,0.7931,Best Fit
7,5463,9,1526,169.56,144.76,0.2793,903,399,30,94.6,780.43,0.4419,Worst Fit
7,3144,5,810,162.0,37.31,0.2576,639,218,111,123.74,449.14,0.3412,First Fit
6,1181,4,646,161.5,10.5,0.547,224,171,144,26.72,196.83,0.7634,First Fit
8,5484,4,723,180.75,136.94,0.1318,973,334,35,127.57,685.5,0.3433,Worst Fit
5,1914,12,1991,165.92,61.44,1.0402,486,279,70,101.63,382.8,0.5741,Best Fit
7,2171,4,1117,279.25,8.53,0.5145,338,294,274,24.71,310.14,0.8698,First Fit
4,3467,7,1065,152.14,125.61,0.3072,936,340,42,86.15,866.75,0.3632,Worst Fit
3,760,9,1116,124.0,63.86,1.4684,356,263,51,81.74,253.33,0.7388,Best Fit
6,2221,8,2554,319.25,8.5,1.1499,394,331,308,18.6,370.17,0.8401,Best Fit
7,4764,6,1125,187.5,145.96,0.2361,928,369,27,169.89,680.57,0.3976,Worst Fit
3,1428,6,1137,189.5,55.99,0.7962,486,273,112,8.6,476.0,0.5617,First Fit
4,804,12,2125,177.08,9.74,2.643,233,190,158,21.9,201.0,0.8155,Best Fit
3,2503,6,1074,179.0,138.44,0.4291,986,333,25,111.31,834.33,0.3377,Worst Fit
7,3015,7,1151,164.43,83.96,0.3818,587,293,55,116.55,430.71,0.4991,Worst Fit
5,2153,10,3881,388.1,9.29,1.8026,456,402,373,14.66,430.6,0.8816,Best Fit
6,4997,8,1514,189.25,152.89,0.303,919,390,29,63.89,832.83,0.4244,Worst Fit
5,2104,8,1456,182.0,65.72,0.692,627,273,86,128.84,420.8,0.4354,First Fit
3,1395,6,2599,433.17,5.05,1.8631,483,440,426,23.37,465.0,0.911,Best Fit
3,1949,9,1565,173.89,148.88,0.803,736,375,30,90.3,649.67,0.5095,First Fit
4,1469,8,1293,161.62,81.41,0.8802,647,294,60,190.53,367.25,0.4544,Best Fit
8,3255,4,1507,376.75,11.23,0.463,449,391,363,26.72,406.88,0.8708,First Fit
3,2567,5,722,144.4,110.04,0.2813,997,303,38,192.85,855.67,0.3039,Worst Fit
5,1960,7,817,116.71,66.44,0.4168,582,257,60,100.36,392.0,0.4416,First Fit
4,1784,9,3621,402.33,11.48,2.0297,471,420,387,19.04,446.0,0.8917,Best Fit
8,5293,5,752,150.4,139.76,0.1421,976,334,28,164.63,661.62,0.3422,Worst Fit
3,1370,8,1263,157.88,75.71,0.9219,593,267,52,100.9,456.67,0.4503,First Fit
6,921,5,656,131.2,10.11,0.7123,183,144,117,20.01,153.5,0.7869,Best Fit
5,3494,5,808,161.6,125.9,0.2313,990,323,38,188.2,698.8,0.3263,Worst Fit
5,2056,7,1309,187.0,77.53,0.6367,600,294,54,110.71,411.2,0.49,First Fit
5,2189,7,2788,398.29,8.26,1.2736,471,413,388,25.09,437.8,0.8769,Best Fit
5,3667,6,960,160.0,117.36,0.2618,983,298,25,189.53,733.4,0.3032,Worst Fit
4,1748,6,591,98.5,35.36,0.3381,613,141,53,179.37,437.0,0.23,First Fit
4,1624,10,3761,376.1,7.91,2.3159,425,389,365,12.19,406.0,0.9153,Best Fit
4,2738,9,1567,174.11,146.22,0.5723,952,396,26,217.01,684.5,0.416,First Fit
4,1423,7,1126,160.86,73.44,0.7913,520,230,65,106.5,355.75,0.4423,First Fit
3,656,11,2150,195.45,9.31,3.2774,239,211,184,16.34,218.67,0.8828,Best Fit
7,5195,5,742,148.4,132.48,0.1428,861,311,30,126.34,742.14,0.3612,Worst Fit
3,992,12,2231,185.92,53.03,2.249,433,256,70,98.31,330.67,0.5912,First Fit
8,1881,11,2135,194.09,11.07,1.135,258,207,172,15.32,235.12,0.8023,Best Fit
7,4731,5,921,184.2,150.19,0.1947,971,392,41,156.88,675.86,0.4037,Worst Fit
8,3465,6,1119,186.5,84.1,0.3229,637,291,87,118.36,433.12,0.4568,Worst Fit
4,1394,12,3974,331.17,9.97,2.8508,404,344,318,32.07,348.5,0.8515,Best Fit
8,5782,4,846,211.5,144.54,0.1463,957,359,63,131.51,722.75,0.3751,Worst Fit
5,1830,9,1766,196.22,61.04,0.965,602,295,132,129.73,366.0,0.49,First Fit
5,1792,6,1889,314.83,7.54,1.0541,385,330,307,22.64,358.4,0.8571,Best Fit
4,2561,5,881,176.2,154.14,0.344,933,384,30,200.43,640.25,0.4116,Worst Fit
4,1629,6,965,160.83,66.88,0.5924,568,264,54,121.23,407.25,0.4648,First Fit
4,1749,7,2736,390.86,11.47,1.5643,457,409,376,18.46,437.25,0.895,Best Fit
6,4168,5,825,165.0,152.04,0.1979,789,351,28,82.81,694.67,0.4449,Worst Fit
6,2658,4,906,226.5,77.87,0.3409,645,295,99,182.56,443.0,0.4574,First Fit
4,834,5,742,148.4,8.73,0.8897,217,162,140,11.88,208.5,0.7465,Best Fit
3,1881,12,2171,180.92,139.86,1.1542,836,374,31,147.95,627.0,0.4474,Best Fit
3,728,8,1215,151.88,64.48,1.669,397,267,61,109.14,242.67,0.6725,Best Fit
4,1181,4,1135,283.75,6.1,0.961,315,293,276,17.89,295.25,0.9302,Best Fit
6,3924,6,1071,178.5,113.34,0.2729,931,312,62,176.56,654.0,0.3351,Worst Fit
7,3131,7,1339,191.29,86.42,0.4277,650,297,66,156.8,447.29,0.4569,Worst Fit
4,704,8,1365,170.62,5.0,1.9389,229,179,162,30.62,176.0,0.7817,Best Fit
8,5596,9,1525,169.44,120.16,0.2725,975,326,40,195.02,699.5,0.3344,Worst Fit
8,2891,6,1247,207.83,70.4,0.4313,637,299,107,183.32,361.38,0.4694,First Fit
7,2680,6,2128,354.67,9.25,0.794,412,369,343,23.56,382.86,0.8956,First Fit
5,3085,7,1067,152.43,125.44,0.3459,819,313,29,169.87,617.0,0.3822,Worst Fit
4,1226,4,590,147.5,68.57,0.4812,394,251,60,80.11,306.5,0.6371,First Fit
5,921,9,1516,168.44,10.8,1.646,214,184,152,15.51,184.2,0.8598,Best Fit
8,5183,8,1620,202.5,140.15,0.3126,909,355,54,172.84,647.88,0.3905,Worst Fit
3,993,4,683,170.75,100.45,0.6878,555,284,61,165.56,331.0,0.5117,Best Fit
4,1107,9,2182,242.44,10.38,1.9711,306,255,227,17.51,276.75,0.8333,Best Fit
7,5278,10,1965,196.5,144.92,0.3723,968,385,43,181.97,754.0,0.3977,Worst Fit
4,1655,10,1759,175.9,65.95,1.0628,547,296,68,114.8,413.75,0.5411,First Fit
3,1167,9,3314,368.22,9.78,2.8398,409,385,359,14.97,389.0,0.9413,Best Fit
8,4636,7,1225,175.0,163.45,0.2642,766,395,30,103.52,579.5,0.5157,Worst Fit
3,1213,8,1229,153.62,86.85,1.0132,639,277,55,167.09,404.33,0.4335,Best Fit
3,1144,11,3548,322.55,8.33,3.1014,400,338,311,20.37,381.33,0.845,Best Fit
5,3780,11,1932,175.64,138.86,0.5111,920,365,37,161.38,756.0,0.3967,Worst Fit
5,2349,5,820,164.0,38.05,0.3491,611,213,96,158.71,469.8,0.3486,First Fit
6,2441,12,4478,373.17,9.85,1.8345,436,389,357,28.68,406.83,0.8922,Best Fit
7,5312,5,881,176.2,152.09,0.1659,896,371,27,100.64,758.86,0.4141,Worst Fit
5,1992,5,976,195.2,61.36,0.49,605,260,84,107.39,398.4,0.4298,First Fit
4,1610,7,2662,380.29,5.03,1.6534,409,385,369,8.62,402.5,0.9413,Best Fit
8,6210,11,2012,182.91,151.26,0.324,919,389,30,156.61,776.25,0.4233,Worst Fit
5,2213,7,1145,163.57,72.69,0.5174,634,267,88,121.49,442.6,0.4211,First Fit
5,1418,12,2909,242.42,9.09,2.0515,312,257,228,23.41,283.6,0.8237,Best Fit
3,2346,5,848,169.6,131.2,0.3615,947,352,49,136.81,782.0,0.3717,Worst Fit
6,2227,11,2295,208.64,75.82,1.0305,591,299,58,139.25,371.17,0.5059,Best Fit
3,504,11,1439,130.82,9.06,2.8552,187,143,115,13.59,168.0,0.7647,Best Fit
5,3266,9,1502,166.89,137.94,0.4599,963,375,25,158.95,653.2,0.3894,Worst Fit
3,956,8,813,101.62,48.78,0.8504,511,215,56,136.03,318.67,0.4207,First Fit
3,1018,5,1557,311.4,10.25,1.5295,372,321,298,27.82,339.33,0.8629,Best Fit
3,2429,11,1847,167.91,123.9,0.7604,905,344,36,101.54,809.67,0.3801,Best Fit
8,3168,8,1603,200.38,67.9,0.506,638,288,123,150.33,396.0,0.4514,First Fit
6,1296,11,1912,173.82,11.58,1.4753,232,188,158,13.28,216.0,0.8103,Best Fit
5,3874,7,1238,176.86,154.24,0.3196,935,383,25,139.18,774.8,0.4096,Worst Fit
8,2639,6,1121,186.83,68.19,0.4248,607,267,73,161.6,329.88,0.4399,First Fit
7,1572,6,1210,201.67,8.73,0.7697,267,215,192,22.11,224.57,0.8052,First Fit
6,4829,4,850,212.5,163.61,0.176,923,398,36,123.68,804.83,0.4312,Worst Fit
6,2949,9,1286,142.89,72.15,0.4361,605,266,72,65.01,491.5,0.4397,First Fit
8,3610,12,4864,405.33,8.09,1.3474,486,425,396,33.64,451.25,0.8745,Best Fit
3,1501,4,752,188.0,145.97,0.501,532,386,32,26.56,500.33,0.7256,Worst Fit
5,1865,6,1285,214.17,69.69,0.689,629,298,102,132.45,373.0,0.4738,Best Fit
8,2730,5,1548,309.6,7.71,0.567,385,323,302,25.39,341.25,0.839,First Fit
4,2627,10,1929,192.9,146.15,0.7343,945,382,26,218.56,656.75,0.4042,Best Fit
5,1781,10,1339,133.9,49.45,0.7518,557,222,50,140.39,356.2,0.3986,Best Fit
3,800,8,1713,214.12,12.53,2.1412,285,229,195,17.56,266.67,0.8035,Best Fit
6,4636,6,1048,174.67,128.84,0.2261,965,351,29,152.32,772.67,0.3637,Worst Fit
4,1612,11,1836,166.91,85.26,1.139,615,287,50,164.12,403.0,0.4667,Best Fit
3,1284,9,3730,414.44,8.74,2.905,446,428,404,15.12,428.0,0.9596,Best Fit
3,2118,10,1751,175.1,138.19,0.8267,860,365,25,182.92,706.0,0.4244,First Fit
4,1464,9,1648,183.11,66.45,1.1257,556,278,58,131.5,366.0,0.5,Best Fit
8,1679,6,944,157.33,9.74,0.5622,235,171,146,21.84,209.88,0.7277,First Fit
3,2086,7,1039,148.43,121.37,0.4981,740,307,29,34.18,695.33,0.4149,Worst Fit
6,2106,12,2022,168.5,60.96,0.9601,583,278,57,134.98,351.0,0.4768,First Fit
7,1605,6,1084,180.67,6.94,0.6754,250,191,173,19.02,229.29,0.764,Best Fit
4,2732,12,2374,197.83,152.5,0.869,865,382,25,175.48,683.0,0.4416,First Fit
4,1656,4,534,133.5,53.06,0.3225,562,203,54,158.06,414.0,0.3612,First Fit
8,2064,8,1878,234.75,10.41,0.9099,300,251,220,24.4,258.0,0.8367,First Fit
7,3902,4,817,204.25,149.65,0.2094,722,357,40,101.72,557.43,0.4945,Worst Fit
4,1426,8,1417,177.12,67.37,0.9937,572,265,50,141.59,356.5,0.4633,Worst Fit
4,1832,11,4522,411.09,9.9,2.4683,483,426,399,23.04,458.0,0.882,Best Fit
8,5743,4,625,156.25,106.58,0.1088,949,272,43,160.09,717.88,0.2866,Worst Fit
7,2100,4,500,125.0,28.43,0.2381,553,169,93,157.53,300.0,0.3056,First Fit
8,2983,12,4156,346.33,7.9,1.3932,407,362,331,20.68,372.88,0.8894,Best Fit
5,3209,9,1515,168.33,128.24,0.4721,845,367,44,171.53,641.8,0.4343,Worst Fit
3,1540,5,838,167.6,78.25,0.5442,564,265,64,41.64,513.33,0.4699,First Fit
6,1504,9,2027,225.22,10.86,1.3477,277,241,210,16.89,250.67,0.87,Best Fit
4,3023,11,1674,152.18,119.7,0.5538,920,296,29,110.53,755.75,0.3217,First Fit
3,1234,8,1372,171.5,72.74,1.1118,568,265,70,159.77,411.33,0.4665,Best Fit
6,1333,7,1309,187.0,7.07,0.982,251,199,174,23.89,222.17,0.7928,Best Fit
3,2133,10,1992,199.2,156.26,0.9339,929,394,29,183.98,711.0,0.4241,Best Fit
8,2498,8,1314,164.25,69.55,0.526,522,269,58,120.41,312.25,0.5153,First Fit
8,2540,7,1967,281.0,9.32,0.7744,346,296,270,20.46,317.5,0.8555,Best Fit
5,3082,9,1591,176.78,149.26,0.5162,988,395,29,200.93,616.4,0.3998,Worst Fit
3,1408,10,1725,172.5,75.98,1.2251,628,289,50,158.43,469.33,0.4602,First Fit
8,3628,5,2147,429.4,3.38,0.5918,485,433,424,24.11,453.5,0.8928,First Fit
5,3125,7,1128,161.14,139.15,0.361,812,362,35,143.42,625.0,0.4458,Worst Fit
5,2346,7,1205,172.14,73.33,0.5136,638,260,83,170.4,469.2,0.4075,First Fit
6,1112,11,1704,154.91,11.33,1.5324,216,170,142,20.43,185.33,0.787,Best Fit
3,2254,9,1552,172.44,137.7,0.6886,969,374,36,174.81,751.33,0.386,Best Fit
5,2199,10,1366,136.6,62.85,0.6212,506,233,56,61.49,439.8,0.4605,First Fit
7,2855,8,2945,368.12,8.84,1.0315,427,384,359,12.22,407.86,0.8993,Best Fit
3,2380,12,2180,181.67,144.69,0.916,951,371,25,159.97,793.33,0.3901,Best Fit
8,3952,10,1844,184.4,77.56,0.4666,645,292,83,101.8,494.0,0.4527,First Fit
3,1333,9,3677,408.56,8.31,2.7584,461,423,400,13.89,444.33,0.9176,Best Fit
3,2323,12,2242,186.83,128.77,0.9651,965,386,40,201.25,774.33,0.4,Best Fit
4,1218,11,1997,181.55,97.98,1.6396,414,298,51,86.87,304.5,0.7198,Best Fit
4,853,11,1800,163.64,11.47,2.1102,232,177,144,19.49,213.25,0.7629,Best Fit
8,5693,7,1053,150.43,118.26,0.185,913,304,38,187.2,711.62,0.333,Worst Fit
7,2412,4,891,222.75,26.66,0.3694,562,262,194,124.03,344.57,0.4662,First Fit
7,2833,7,2714,387.71,11.34,0.958,445,401,371,23.86,404.71,0.9011,Best Fit
4,2503,12,2205,183.75,129.46,0.8809,774,392,43,120.39,625.75,0.5065,First Fit
7,3252,4,790,197.5,80.05,0.2429,596,281,116,126.88,464.57,0.4715,Worst Fit
8,3287,6,2267,377.83,7.82,0.6897,452,391,368,23.45,410.88,0.865,Best Fit
3,2053,12,2230,185.83,128.63,1.0862,867,382,49,138.73,684.33,0.4406,Best Fit
